customer_id,row,col,dwell_sec
0,7,0,2
0,6,0,2
0,6,1,2
0,6,2,2
0,6,3,2
0,5,3,2
0,4,3,2
0,4,4,2
0,3,4,2
0,3,4,82
0,3,5,2
0,3,6,2
0,2,6,2
0,2,7,2
0,2,8,2
0,1,8,2
0,0,8,2
0,0,8,67
0,1,8,2
0,2,8,2
0,3,8,2
0,3,7,2
0,3,6,2
0,3,5,2
0,4,5,2
0,5,5,2
0,6,5,2
0,7,5,2
0,7,4,2
0,7,4,100
1,7,0,2
1,6,0,2
1,5,0,2
1,5,0,78
1,5,1,2
1,4,1,2
1,3,1,2
1,2,1,2
1,1,1,2
1,0,1,2
1,0,1,64
1,1,1,2
1,1,2,2
1,1,3,2
1,1,4,2
1,2,4,2
1,3,4,2
1,4,4,2
1,5,4,2
1,6,4,2
1,7,4,2
1,7,4,42
2,7,0,2
2,7,1,2
2,7,2,2
2,6,2,2
2,6,3,2
2,6,4,2
2,6,5,2
2,6,5,62
2,5,5,2
2,4,5,2
2,4,6,2
2,3,6,2
2,2,6,2
2,1,6,2
2,0,6,2
2,0,7,2
2,0,8,2
2,0,8,50
2,0,7,2
2,0,6,2
2,1,6,2
2,1,5,2
2,2,5,2
2,3,5,2
2,4,5,2
2,4,4,2
2,5,4,2
2,6,4,2
2,7,4,2
2,7,4,89
3,7,0,2
3,6,0,2
3,5,0,2
3,5,1,2
3,5,2,2
3,5,3,2
3,4,3,2
3,4,4,2
3,4,5,2
3,4,6,2
3,3,6,2
3,2,6,2
3,1,6,2
3,1,6,75
3,1,5,2
3,1,4,2
3,1,4,25
3,2,4,2
3,3,4,2
3,4,4,2
3,5,4,2
3,6,4,2
3,7,4,2
3,7,4,38
4,7,0,2
4,7,1,2
4,7,2,2
4,6,2,2
4,6,2,64
4,5,2,2
4,4,2,2
4,3,2,2
4,2,2,2
4,1,2,2
4,1,3,2
4,0,3,2
4,0,4,2
4,0,4,40
4,1,4,2
4,2,4,2
4,3,4,2
4,4,4,2
4,5,4,2
4,6,4,2
4,7,4,2
4,7,4,113
5,7,0,2
5,6,0,2
5,5,0,2
5,4,0,2
5,4,1,2
5,3,1,2
5,2,1,2
5,2,2,2
5,2,3,2
5,2,4,2
5,2,5,2
5,2,6,2
5,2,7,2
5,2,7,60
5,1,7,2
5,1,6,2
5,0,6,2
5,0,5,2
5,0,4,2
5,0,3,2
5,0,2,2
5,0,2,82
5,0,1,2
5,0,0,2
5,0,0,39
5,0,1,2
5,0,2,2
5,1,2,2
5,1,3,2
5,2,3,2
5,3,3,2
5,3,4,2
5,4,4,2
5,5,4,2
5,6,4,2
5,7,4,2
5,7,4,79
6,7,0,2
6,6,0,2
6,5,0,2
6,5,1,2
6,5,2,2
6,5,3,2
6,5,4,2
6,4,4,2
6,3,4,2
6,3,4,35
6,4,4,2
6,5,4,2
6,6,4,2
6,7,4,2
6,7,4,110
7,7,0,2
7,6,0,2
7,5,0,2
7,4,0,2
7,3,0,2
7,2,0,2
7,1,0,2
7,0,0,2
7,0,0,78
7,0,1,2
7,0,2,2
7,1,2,2
7,2,2,2
7,2,3,2
7,2,4,2
7,3,4,2
7,4,4,2
7,4,4,32
7,3,4,2
7,2,4,2
7,1,4,2
7,1,5,2
7,1,6,2
7,1,7,2
7,1,8,2
7,1,9,2
7,1,9,30
7,2,9,2
7,2,8,2
7,2,7,2
7,2,6,2
7,3,6,2
7,3,5,2
7,3,4,2
7,4,4,2
7,5,4,2
7,6,4,2
7,7,4,2
7,7,4,37
8,7,0,2
8,6,0,2
8,6,1,2
8,5,1,2
8,4,1,2
8,3,1,2
8,2,1,2
8,1,1,2
8,1,1,84
8,2,1,2
8,3,1,2
8,4,1,2
8,5,1,2
8,6,1,2
8,6,1,27
8,7,1,2
8,7,2,2
8,7,3,2
8,7,4,2
8,7,4,30
9,7,0,2
9,6,0,2
9,5,0,2
9,4,0,2
9,3,0,2
9,3,0,36
9,3,1,2
9,3,2,2
9,4,2,2
9,4,3,2
9,4,4,2
9,4,5,2
9,4,6,2
9,4,6,62
9,5,6,2
9,5,5,2
9,5,4,2
9,6,4,2
9,7,4,2
9,7,4,54
10,7,0,2
10,6,0,2
10,5,0,2
10,4,0,2
10,4,1,2
10,4,1,84
10,5,1,2
10,5,2,2
10,5,3,2
10,5,4,2
10,5,5,2
10,5,6,2
10,5,7,2
10,5,7,21
10,5,6,2
10,5,5,2
10,6,5,2
10,6,4,2
10,6,3,2
10,6,2,2
10,6,1,2
10,6,0,2
10,6,0,23
10,6,1,2
10,6,2,2
10,6,3,2
10,6,4,2
10,6,4,55
10,5,4,2
10,4,4,2
10,3,4,2
10,2,4,2
10,2,3,2
10,1,3,2
10,1,2,2
10,1,1,2
10,1,1,79
10,2,1,2
10,2,2,2
10,3,2,2
10,3,3,2
10,4,3,2
10,4,4,2
10,5,4,2
10,6,4,2
10,7,4,2
10,7,4,92
11,7,0,2
11,7,1,2
11,7,2,2
11,6,2,2
11,5,2,2
11,5,3,2
11,4,3,2
11,3,3,2
11,3,4,2
11,3,5,2
11,3,6,2
11,3,7,2
11,3,8,2
11,3,9,2
11,3,9,50
11,4,9,2
11,5,9,2
11,6,9,2
11,7,9,2
11,7,8,2
11,7,7,2
11,7,6,2
11,7,5,2
11,7,4,2
11,7,4,73
12,7,0,2
12,7,1,2
12,6,1,2
12,5,1,2
12,4,1,2
12,3,1,2
12,2,1,2
12,1,1,2
12,0,1,2
12,0,1,65
12,0,2,2
12,1,2,2
12,1,3,2
12,2,3,2
12,2,4,2
12,3,4,2
12,4,4,2
12,5,4,2
12,6,4,2
12,7,4,2
12,7,4,75
13,7,0,2
13,7,1,2
13,6,1,2
13,5,1,2
13,4,1,2
13,3,1,2
13,2,1,2
13,1,1,2
13,1,1,85
13,1,2,2
13,2,2,2
13,2,3,2
13,3,3,2
13,3,4,2
13,4,4,2
13,5,4,2
13,6,4,2
13,6,4,20
13,6,5,2
13,6,6,2
13,6,7,2
13,5,7,2
13,5,8,2
13,4,8,2
13,3,8,2
13,3,8,29
13,4,8,2
13,5,8,2
13,5,7,2
13,5,6,2
13,5,5,2
13,5,4,2
13,5,3,2
13,5,2,2
13,5,1,2
13,5,1,54
13,5,2,2
13,5,3,2
13,6,3,2
13,6,4,2
13,7,4,2
13,7,4,89
14,7,0,2
14,7,1,2
14,7,2,2
14,6,2,2
14,5,2,2
14,5,3,2
14,5,4,2
14,5,5,2
14,4,5,2
14,3,5,2
14,2,5,2
14,1,5,2
14,0,5,2
14,0,5,58
14,0,4,2
14,1,4,2
14,1,3,2
14,1,2,2
14,2,2,2
14,2,2,79
14,2,3,2
14,1,3,2
14,0,3,2
14,0,4,2
14,0,5,2
14,0,6,2
14,0,7,2
14,0,8,2
14,0,8,51
14,1,8,2
14,1,7,2
14,1,6,2
14,2,6,2
14,2,5,2
14,2,4,2
14,3,4,2
14,4,4,2
14,5,4,2
14,6,4,2
14,7,4,2
14,7,4,91
15,7,0,2
15,6,0,2
15,6,1,2
15,6,2,2
15,6,3,2
15,6,4,2
15,6,5,2
15,6,6,2
15,6,7,2
15,6,8,2
15,6,8,74
15,5,8,2
15,4,8,2
15,3,8,2
15,3,7,2
15,3,6,2
15,2,6,2
15,2,5,2
15,1,5,2
15,0,5,2
15,0,5,65
15,0,4,2
15,0,3,2
15,0,2,2
15,1,2,2
15,2,2,2
15,3,2,2
15,3,2,76
15,3,3,2
15,3,4,2
15,3,4,22
15,4,4,2
15,5,4,2
15,6,4,2
15,7,4,2
15,7,4,40
16,7,0,2
16,7,1,2
16,6,1,2
16,6,2,2
16,5,2,2
16,5,3,2
16,5,4,2
16,4,4,2
16,3,4,2
16,2,4,2
16,2,5,2
16,2,6,2
16,2,7,2
16,2,8,2
16,2,9,2
16,2,9,88
16,2,8,2
16,3,8,2
16,3,8,52
16,3,7,2
16,4,7,2
16,4,6,2
16,5,6,2
16,5,5,2
16,5,4,2
16,6,4,2
16,7,4,2
16,7,4,53
17,7,0,2
17,7,1,2
17,7,2,2
17,6,2,2
17,5,2,2
17,4,2,2
17,4,3,2
17,3,3,2
17,2,3,2
17,1,3,2
17,1,4,2
17,1,4,53
17,1,5,2
17,1,6,2
17,1,7,2
17,2,7,2
17,3,7,2
17,3,7,58
17,3,6,2
17,3,5,2
17,3,4,2
17,3,3,2
17,3,2,2
17,3,2,63
17,3,3,2
17,4,3,2
17,4,4,2
17,5,4,2
17,6,4,2
17,7,4,2
17,7,4,58
18,7,0,2
18,6,0,2
18,5,0,2
18,4,0,2
18,3,0,2
18,2,0,2
18,1,0,2
18,1,0,78
18,2,0,2
18,3,0,2
18,3,1,2
18,4,1,2
18,5,1,2
18,6,1,2
18,7,1,2
18,7,2,2
18,7,3,2
18,7,4,2
18,7,4,95
19,7,0,2
19,7,1,2
19,6,1,2
19,6,1,51
19,6,2,2
19,6,3,2
19,5,3,2
19,5,4,2
19,5,5,2
19,5,6,2
19,5,7,2
19,5,8,2
19,5,9,2
19,5,9,84
19,4,9,2
19,4,8,2
19,3,8,2
19,3,7,2
19,3,6,2
19,3,5,2
19,3,4,2
19,3,3,2
19,3,2,2
19,3,2,69
19,3,3,2
19,3,4,2
19,4,4,2
19,5,4,2
19,6,4,2
19,7,4,2
19,7,4,44
20,7,0,2
20,6,0,2
20,6,1,2
20,5,1,2
20,4,1,2
20,3,1,2
20,2,1,2
20,2,1,85
20,1,1,2
20,0,1,2
20,0,2,2
20,0,2,89
20,1,2,2
20,2,2,2
20,2,3,2
20,2,4,2
20,3,4,2
20,4,4,2
20,5,4,2
20,6,4,2
20,7,4,2
20,7,4,82
21,7,0,2
21,7,1,2
21,7,2,2
21,7,3,2
21,7,4,2
21,7,5,2
21,6,5,2
21,5,5,2
21,5,6,2
21,4,6,2
21,3,6,2
21,3,7,2
21,2,7,2
21,1,7,2
21,1,7,73
21,2,7,2
21,3,7,2
21,4,7,2
21,5,7,2
21,5,6,2
21,6,6,2
21,7,6,2
21,7,5,2
21,7,4,2
21,7,4,42
22,7,0,2
22,6,0,2
22,5,0,2
22,4,0,2
22,3,0,2
22,2,0,2
22,1,0,2
22,1,0,70
22,1,1,2
22,1,2,2
22,1,3,2
22,1,4,2
22,1,5,2
22,1,5,74
22,2,5,2
22,2,4,2
22,3,4,2
22,4,4,2
22,5,4,2
22,6,4,2
22,7,4,2
22,7,4,102
23,7,0,2
23,6,0,2
23,6,1,2
23,5,1,2
23,5,2,2
23,4,2,2
23,4,3,2
23,3,3,2
23,3,4,2
23,3,4,25
23,4,4,2
23,5,4,2
23,6,4,2
23,7,4,2
23,7,4,101
24,7,0,2
24,7,1,2
24,7,2,2
24,7,3,2
24,6,3,2
24,6,3,46
24,6,4,2
24,6,5,2
24,5,5,2
24,5,6,2
24,4,6,2
24,3,6,2
24,2,6,2
24,2,6,38
24,3,6,2
24,3,7,2
24,3,8,2
24,4,8,2
24,5,8,2
24,5,8,37
24,6,8,2
24,6,7,2
24,7,7,2
24,7,6,2
24,7,5,2
24,7,4,2
24,7,4,51
25,7,0,2
25,6,0,2
25,6,1,2
25,6,2,2
25,6,3,2
25,6,4,2
25,6,4,74
25,6,3,2
25,6,2,2
25,6,1,2
25,6,0,2
25,5,0,2
25,4,0,2
25,3,0,2
25,3,0,24
25,4,0,2
25,5,0,2
25,6,0,2
25,7,0,2
25,7,1,2
25,7,2,2
25,7,3,2
25,7,4,2
25,7,4,65
26,7,0,2
26,7,1,2
26,6,1,2
26,5,1,2
26,5,2,2
26,5,3,2
26,5,4,2
26,5,5,2
26,4,5,2
26,3,5,2
26,2,5,2
26,1,5,2
26,0,5,2
26,0,5,63
26,1,5,2
26,1,4,2
26,1,3,2
26,1,2,2
26,1,1,2
26,1,0,2
26,1,0,40
26,1,1,2
26,2,1,2
26,2,2,2
26,2,3,2
26,2,4,2
26,3,4,2
26,4,4,2
26,5,4,2
26,6,4,2
26,7,4,2
26,7,4,59
27,7,0,2
27,7,1,2
27,7,2,2
27,6,2,2
27,5,2,2
27,4,2,2
27,3,2,2
27,2,2,2
27,1,2,2
27,0,2,2
27,0,2,74
27,1,2,2
27,1,3,2
27,2,3,2
27,3,3,2
27,4,3,2
27,5,3,2
27,6,3,2
27,6,4,2
27,7,4,2
27,7,4,76
28,7,0,2
28,7,1,2
28,6,1,2
28,5,1,2
28,4,1,2
28,4,2,2
28,4,3,2
28,3,3,2
28,2,3,2
28,1,3,2
28,0,3,2
28,0,4,2
28,0,5,2
28,0,6,2
28,0,7,2
28,0,8,2
28,0,8,80
28,1,8,2
28,1,7,2
28,1,6,2
28,1,5,2
28,1,4,2
28,1,3,2
28,1,2,2
28,1,1,2
28,1,0,2
28,1,0,37
28,2,0,2
28,2,1,2
28,3,1,2
28,4,1,2
28,5,1,2
28,6,1,2
28,6,1,33
28,5,1,2
28,5,2,2
28,4,2,2
28,3,2,2
28,2,2,2
28,1,2,2
28,0,2,2
28,0,2,26
28,1,2,2
28,2,2,2
28,2,3,2
28,2,4,2
28,2,5,2
28,2,6,2
28,2,6,69
28,2,5,2
28,2,4,2
28,3,4,2
28,4,4,2
28,5,4,2
28,6,4,2
28,7,4,2
28,7,4,85
29,7,0,2
29,7,1,2
29,7,2,2
29,6,2,2
29,6,3,2
29,5,3,2
29,5,4,2
29,4,4,2
29,3,4,2
29,2,4,2
29,1,4,2
29,1,4,27
29,2,4,2
29,2,5,2
29,2,6,2
29,2,7,2
29,2,8,2
29,2,9,2
29,2,9,64
29,3,9,2
29,4,9,2
29,5,9,2
29,6,9,2
29,6,8,2
29,6,7,2
29,6,6,2
29,7,6,2
29,7,5,2
29,7,4,2
29,7,4,58
30,7,0,2
30,7,1,2
30,6,1,2
30,6,2,2
30,6,3,2
30,6,4,2
30,6,5,2
30,6,6,2
30,6,7,2
30,6,7,60
30,6,6,2
30,6,5,2
30,5,5,2
30,5,4,2
30,5,3,2
30,5,2,2
30,5,1,2
30,5,1,70
30,4,1,2
30,4,2,2
30,4,3,2
30,3,3,2
30,2,3,2
30,2,3,33
30,2,2,2
30,2,1,2
30,2,0,2
30,2,0,30
30,3,0,2
30,3,1,2
30,3,2,2
30,4,2,2
30,4,3,2
30,4,4,2
30,5,4,2
30,6,4,2
30,7,4,2
30,7,4,50
31,7,0,2
31,7,1,2
31,6,1,2
31,5,1,2
31,4,1,2
31,4,1,26
31,4,2,2
31,5,2,2
31,5,3,2
31,6,3,2
31,7,3,2
31,7,4,2
31,7,4,112
32,7,0,2
32,7,1,2
32,6,1,2
32,6,1,86
32,6,2,2
32,6,3,2
32,6,4,2
32,7,4,2
32,7,4,81
33,7,0,2
33,7,1,2
33,6,1,2
33,5,1,2
33,4,1,2
33,3,1,2
33,2,1,2
33,1,1,2
33,0,1,2
33,0,1,62
33,0,2,2
33,0,3,2
33,0,4,2
33,0,4,62
33,1,4,2
33,1,5,2
33,1,6,2
33,1,7,2
33,1,7,52
33,2,7,2
33,3,7,2
33,4,7,2
33,4,6,2
33,5,6,2
33,5,5,2
33,6,5,2
33,7,5,2
33,7,4,2
33,7,4,72
34,7,0,2
34,6,0,2
34,5,0,2
34,4,0,2
34,3,0,2
34,3,1,2
34,3,2,2
34,3,3,2
34,3,4,2
34,3,5,2
34,2,5,2
34,1,5,2
34,0,5,2
34,0,5,65
34,1,5,2
34,2,5,2
34,3,5,2
34,4,5,2
34,5,5,2
34,6,5,2
34,6,5,25
34,6,4,2
34,5,4,2
34,5,3,2
34,5,2,2
34,5,1,2
34,5,1,41
34,5,2,2
34,5,3,2
34,5,4,2
34,5,5,2
34,5,6,2
34,5,7,2
34,5,8,2
34,5,9,2
34,5,9,63
34,6,9,2
34,7,9,2
34,7,8,2
34,7,7,2
34,7,6,2
34,7,5,2
34,7,4,2
34,7,4,70
35,7,0,2
35,7,1,2
35,6,1,2
35,6,2,2
35,5,2,2
35,4,2,2
35,4,3,2
35,3,3,2
35,2,3,2
35,2,4,2
35,2,4,24
35,3,4,2
35,4,4,2
35,5,4,2
35,6,4,2
35,7,4,2
35,7,4,70
36,7,0,2
36,7,1,2
36,6,1,2
36,5,1,2
36,4,1,2
36,4,1,42
36,4,2,2
36,4,3,2
36,5,3,2
36,5,4,2
36,5,5,2
36,5,6,2
36,5,7,2
36,5,7,45
36,5,6,2
36,6,6,2
36,6,5,2
36,7,5,2
36,7,4,2
36,7,4,41
37,7,0,2
37,6,0,2
37,6,1,2
37,6,2,2
37,6,3,2
37,5,3,2
37,4,3,2
37,4,4,2
37,3,4,2
37,2,4,2
37,1,4,2
37,1,5,2
37,1,5,23
37,1,6,2
37,2,6,2
37,3,6,2
37,4,6,2
37,5,6,2
37,6,6,2
37,6,6,64
37,6,5,2
37,5,5,2
37,5,4,2
37,5,3,2
37,5,2,2
37,5,1,2
37,5,0,2
37,5,0,40
37,5,1,2
37,6,1,2
37,6,2,2
37,6,2,81
37,7,2,2
37,7,3,2
37,7,4,2
37,7,4,35
38,7,0,2
38,6,0,2
38,5,0,2
38,4,0,2
38,3,0,2
38,2,0,2
38,1,0,2
38,0,0,2
38,0,0,53
38,1,0,2
38,2,0,2
38,2,1,2
38,2,2,2
38,3,2,2
38,4,2,2
38,4,3,2
38,4,4,2
38,5,4,2
38,6,4,2
38,7,4,2
38,7,4,54
39,7,0,2
39,7,1,2
39,6,1,2
39,6,2,2
39,5,2,2
39,4,2,2
39,4,2,55
39,5,2,2
39,6,2,2
39,7,2,2
39,7,3,2
39,7,4,2
39,7,4,104
40,7,0,2
40,6,0,2
40,5,0,2
40,4,0,2
40,4,1,2
40,4,2,2
40,4,3,2
40,4,3,39
40,4,4,2
40,3,4,2
40,3,5,2
40,3,6,2
40,3,7,2
40,2,7,2
40,1,7,2
40,0,7,2
40,0,7,60
40,0,6,2
40,1,6,2
40,1,5,2
40,2,5,2
40,2,4,2
40,3,4,2
40,3,3,2
40,3,2,2
40,3,1,2
40,3,1,57
40,3,2,2
40,4,2,2
40,4,3,2
40,4,4,2
40,5,4,2
40,6,4,2
40,7,4,2
40,7,4,66
41,7,0,2
41,7,1,2
41,6,1,2
41,5,1,2
41,4,1,2
41,4,1,89
41,3,1,2
41,2,1,2
41,1,1,2
41,1,1,27
41,2,1,2
41,2,2,2
41,3,2,2
41,4,2,2
41,4,3,2
41,5,3,2
41,6,3,2
41,6,4,2
41,7,4,2
41,7,4,73
42,7,0,2
42,6,0,2
42,5,0,2
42,5,1,2
42,5,2,2
42,5,3,2
42,5,3,21
42,5,2,2
42,4,2,2
42,3,2,2
42,2,2,2
42,1,2,2
42,1,2,40
42,2,2,2
42,2,1,2
42,3,1,2
42,4,1,2
42,5,1,2
42,6,1,2
42,6,1,37
42,6,2,2
42,5,2,2
42,5,3,2
42,4,3,2
42,3,3,2
42,3,4,2
42,3,5,2
42,3,6,2
42,3,7,2
42,3,8,2
42,2,8,2
42,2,8,21
42,3,8,2
42,3,7,2
42,3,6,2
42,4,6,2
42,5,6,2
42,6,6,2
42,7,6,2
42,7,5,2
42,7,4,2
42,7,4,119
43,7,0,2
43,7,1,2
43,6,1,2
43,6,2,2
43,5,2,2
43,4,2,2
43,4,3,2
43,3,3,2
43,2,3,2
43,1,3,2
43,0,3,2
43,0,4,2
43,0,5,2
43,0,5,54
43,1,5,2
43,1,4,2
43,2,4,2
43,3,4,2
43,4,4,2
43,5,4,2
43,6,4,2
43,7,4,2
43,7,4,97
44,7,0,2
44,7,1,2
44,7,2,2
44,7,3,2
44,6,3,2
44,5,3,2
44,4,3,2
44,3,3,2
44,3,4,2
44,2,4,2
44,1,4,2
44,0,4,2
44,0,5,2
44,0,5,31
44,1,5,2
44,1,6,2
44,2,6,2
44,2,7,2
44,2,7,89
44,1,7,2
44,1,6,2
44,1,5,2
44,1,4,2
44,1,3,2
44,1,2,2
44,1,1,2
44,1,0,2
44,1,0,32
44,1,1,2
44,2,1,2
44,3,1,2
44,3,2,2
44,4,2,2
44,4,3,2
44,4,4,2
44,5,4,2
44,6,4,2
44,7,4,2
44,7,4,108
45,7,0,2
45,7,1,2
45,7,2,2
45,6,2,2
45,6,3,2
45,6,4,2
45,6,5,2
45,6,6,2
45,6,6,72
45,5,6,2
45,5,7,2
45,5,8,2
45,4,8,2
45,3,8,2
45,2,8,2
45,1,8,2
45,1,8,79
45,2,8,2
45,2,7,2
45,2,6,2
45,3,6,2
45,3,5,2
45,4,5,2
45,5,5,2
45,5,4,2
45,6,4,2
45,7,4,2
45,7,4,35
46,7,0,2
46,6,0,2
46,6,1,2
46,6,1,44
46,5,1,2
46,4,1,2
46,4,2,2
46,3,2,2
46,2,2,2
46,2,2,49
46,2,3,2
46,2,4,2
46,2,5,2
46,2,6,2
46,2,7,2
46,2,8,2
46,2,8,22
46,1,8,2
46,1,7,2
46,1,6,2
46,1,5,2
46,1,4,2
46,1,3,2
46,1,2,2
46,1,1,2
46,1,1,23
46,0,1,2
46,0,2,2
46,0,3,2
46,0,4,2
46,0,5,2
46,0,6,2
46,0,6,33
46,0,5,2
46,0,4,2
46,1,4,2
46,2,4,2
46,3,4,2
46,4,4,2
46,5,4,2
46,6,4,2
46,7,4,2
46,7,4,106
47,7,0,2
47,6,0,2
47,6,1,2
47,5,1,2
47,5,2,2
47,5,3,2
47,5,4,2
47,5,5,2
47,5,6,2
47,5,6,76
47,4,6,2
47,3,6,2
47,2,6,2
47,1,6,2
47,1,5,2
47,1,4,2
47,1,4,75
47,2,4,2
47,3,4,2
47,4,4,2
47,5,4,2
47,6,4,2
47,7,4,2
47,7,4,107
48,7,0,2
48,6,0,2
48,6,1,2
48,5,1,2
48,4,1,2
48,3,1,2
48,2,1,2
48,1,1,2
48,1,1,59
48,2,1,2
48,3,1,2
48,4,1,2
48,5,1,2
48,6,1,2
48,6,2,2
48,7,2,2
48,7,3,2
48,7,4,2
48,7,4,107
49,7,0,2
49,7,1,2
49,7,2,2
49,6,2,2
49,6,3,2
49,6,4,2
49,6,5,2
49,6,6,2
49,6,7,2
49,6,8,2
49,6,8,47
49,6,7,2
49,5,7,2
49,5,6,2
49,5,5,2
49,5,4,2
49,5,3,2
49,5,2,2
49,5,1,2
49,5,1,67
49,5,2,2
49,6,2,2
49,7,2,2
49,7,3,2
49,7,4,2
49,7,4,70
50,7,0,2
50,7,1,2
50,7,2,2
50,6,2,2
50,6,3,2
50,6,4,2
50,5,4,2
50,4,4,2
50,4,5,2
50,3,5,2
50,2,5,2
50,1,5,2
50,0,5,2
50,0,5,87
50,0,4,2
50,0,3,2
50,1,3,2
50,2,3,2
50,2,2,2
50,2,1,2
50,2,1,59
50,2,2,2
50,2,3,2
50,2,4,2
50,2,5,2
50,2,6,2
50,2,7,2
50,2,7,28
50,2,6,2
50,3,6,2
50,4,6,2
50,4,5,2
50,5,5,2
50,5,4,2
50,6,4,2
50,7,4,2
50,7,4,75
51,7,0,2
51,6,0,2
51,5,0,2
51,4,0,2
51,4,1,2
51,3,1,2
51,3,2,2
51,3,3,2
51,2,3,2
51,2,4,2
51,1,4,2
51,0,4,2
51,0,4,89
51,1,4,2
51,2,4,2
51,3,4,2
51,3,3,2
51,3,2,2
51,3,1,2
51,4,1,2
51,4,0,2
51,4,0,34
51,4,1,2
51,4,2,2
51,4,3,2
51,4,3,56
51,4,4,2
51,5,4,2
51,6,4,2
51,7,4,2
51,7,4,111
52,7,0,2
52,7,1,2
52,6,1,2
52,5,1,2
52,4,1,2
52,4,2,2
52,3,2,2
52,3,3,2
52,3,4,2
52,2,4,2
52,1,4,2
52,0,4,2
52,0,4,57
52,0,3,2
52,1,3,2
52,2,3,2
52,3,3,2
52,4,3,2
52,5,3,2
52,6,3,2
52,6,3,45
52,6,2,2
52,6,1,2
52,5,1,2
52,5,1,47
52,5,2,2
52,5,3,2
52,6,3,2
52,7,3,2
52,7,4,2
52,7,4,78
53,7,0,2
53,6,0,2
53,6,1,2
53,5,1,2
53,4,1,2
53,3,1,2
53,2,1,2
53,1,1,2
53,0,1,2
53,0,1,31
53,0,2,2
53,0,3,2
53,1,3,2
53,1,4,2
53,1,5,2
53,1,6,2
53,1,7,2
53,1,8,2
53,1,9,2
53,1,9,56
53,1,8,2
53,1,7,2
53,1,6,2
53,1,6,30
53,2,6,2
53,2,5,2
53,2,4,2
53,3,4,2
53,4,4,2
53,5,4,2
53,6,4,2
53,7,4,2
53,7,4,53
54,7,0,2
54,7,1,2
54,6,1,2
54,6,2,2
54,6,3,2
54,5,3,2
54,4,3,2
54,4,4,2
54,3,4,2
54,3,4,32
54,4,4,2
54,4,5,2
54,5,5,2
54,5,6,2
54,5,7,2
54,5,8,2
54,5,8,70
54,6,8,2
54,6,7,2
54,6,6,2
54,6,5,2
54,6,4,2
54,6,3,2
54,6,2,2
54,6,1,2
54,6,1,61
54,6,2,2
54,7,2,2
54,7,3,2
54,7,4,2
54,7,4,74
55,7,0,2
55,7,1,2
55,6,1,2
55,5,1,2
55,5,2,2
55,5,3,2
55,4,3,2
55,3,3,2
55,2,3,2
55,2,3,52
55,2,4,2
55,3,4,2
55,4,4,2
55,5,4,2
55,6,4,2
55,6,4,49
55,5,4,2
55,5,5,2
55,5,6,2
55,4,6,2
55,4,6,64
55,5,6,2
55,6,6,2
55,6,5,2
55,6,4,2
55,7,4,2
55,7,4,34
56,7,0,2
56,7,1,2
56,6,1,2
56,5,1,2
56,4,1,2
56,4,2,2
56,4,3,2
56,4,4,2
56,4,5,2
56,3,5,2
56,2,5,2
56,1,5,2
56,0,5,2
56,0,6,2
56,0,6,47
56,0,5,2
56,0,5,46
56,0,6,2
56,0,7,2
56,0,8,2
56,0,9,2
56,0,9,78
56,1,9,2
56,1,8,2
56,1,7,2
56,1,6,2
56,2,6,2
56,2,5,2
56,3,5,2
56,4,5,2
56,5,5,2
56,6,5,2
56,7,5,2
56,7,4,2
56,7,4,93
57,7,0,2
57,6,0,2
57,6,1,2
57,6,2,2
57,6,3,2
57,5,3,2
57,4,3,2
57,3,3,2
57,2,3,2
57,2,3,85
57,2,2,2
57,2,1,2
57,1,1,2
57,0,1,2
57,0,1,82
57,1,1,2
57,2,1,2
57,3,1,2
57,4,1,2
57,4,2,2
57,4,3,2
57,5,3,2
57,6,3,2
57,6,3,25
57,7,3,2
57,7,4,2
57,7,4,94
58,7,0,2
58,6,0,2
58,6,1,2
58,5,1,2
58,4,1,2
58,3,1,2
58,2,1,2
58,2,2,2
58,1,2,2
58,1,3,2
58,1,3,85
58,1,4,2
58,2,4,2
58,3,4,2
58,4,4,2
58,5,4,2
58,6,4,2
58,7,4,2
58,7,4,90
59,7,0,2
59,6,0,2
59,5,0,2
59,4,0,2
59,4,1,2
59,4,2,2
59,3,2,2
59,3,3,2
59,2,3,2
59,2,4,2
59,2,5,2
59,2,6,2
59,2,7,2
59,2,8,2
59,2,9,2
59,2,9,38
59,2,8,2
59,1,8,2
59,1,7,2
59,1,6,2
59,1,5,2
59,1,4,2
59,1,3,2
59,1,2,2
59,1,1,2
59,1,0,2
59,1,0,59
59,1,1,2
59,2,1,2
59,3,1,2
59,4,1,2
59,5,1,2
59,5,1,56
59,6,1,2
59,6,2,2
59,7,2,2
59,7,3,2
59,7,4,2
59,7,4,51
60,7,0,2
60,6,0,2
60,5,0,2
60,4,0,2
60,3,0,2
60,2,0,2
60,1,0,2
60,0,0,2
60,0,0,37
60,0,1,2
60,0,2,2
60,1,2,2
60,2,2,2
60,3,2,2
60,4,2,2
60,5,2,2
60,6,2,2
60,6,3,2
60,6,4,2
60,7,4,2
60,7,4,113
61,7,0,2
61,6,0,2
61,5,0,2
61,5,1,2
61,5,2,2
61,4,2,2
61,4,3,2
61,4,4,2
61,4,5,2
61,3,5,2
61,2,5,2
61,2,6,2
61,1,6,2
61,1,7,2
61,1,8,2
61,1,9,2
61,1,9,26
61,1,8,2
61,1,7,2
61,1,6,2
61,1,5,2
61,1,5,62
61,1,4,2
61,2,4,2
61,3,4,2
61,4,4,2
61,5,4,2
61,6,4,2
61,7,4,2
61,7,4,41
62,7,0,2
62,7,1,2
62,7,2,2
62,7,3,2
62,6,3,2
62,5,3,2
62,5,3,36
62,5,4,2
62,6,4,2
62,7,4,2
62,7,4,116
63,7,0,2
63,6,0,2
63,5,0,2
63,4,0,2
63,3,0,2
63,2,0,2
63,1,0,2
63,0,0,2
63,0,0,88
63,1,0,2
63,1,1,2
63,1,2,2
63,1,3,2
63,1,4,2
63,1,5,2
63,1,6,2
63,1,7,2
63,1,8,2
63,1,8,64
63,2,8,2
63,3,8,2
63,3,7,2
63,4,7,2
63,4,6,2
63,5,6,2
63,5,5,2
63,5,4,2
63,6,4,2
63,7,4,2
63,7,4,100
64,7,0,2
64,6,0,2
64,5,0,2
64,5,1,2
64,4,1,2
64,3,1,2
64,3,2,2
64,2,2,2
64,2,3,2
64,1,3,2
64,1,4,2
64,1,4,56
64,2,4,2
64,3,4,2
64,4,4,2
64,5,4,2
64,5,4,71
64,5,3,2
64,5,2,2
64,4,2,2
64,4,1,2
64,4,1,75
64,4,2,2
64,4,3,2
64,4,4,2
64,5,4,2
64,6,4,2
64,7,4,2
64,7,4,50
65,7,0,2
65,6,0,2
65,6,1,2
65,5,1,2
65,4,1,2
65,4,1,60
65,4,2,2
65,5,2,2
65,6,2,2
65,7,2,2
65,7,3,2
65,7,4,2
65,7,4,41
66,7,0,2
66,7,1,2
66,7,2,2
66,6,2,2
66,5,2,2
66,4,2,2
66,3,2,2
66,3,3,2
66,2,3,2
66,1,3,2
66,1,4,2
66,1,5,2
66,1,5,72
66,0,5,2
66,0,6,2
66,0,7,2
66,0,7,86
66,1,7,2
66,1,6,2
66,1,5,2
66,1,4,2
66,1,3,2
66,1,2,2
66,1,1,2
66,1,0,2
66,1,0,81
66,2,0,2
66,2,1,2
66,2,2,2
66,3,2,2
66,3,3,2
66,4,3,2
66,5,3,2
66,6,3,2
66,6,3,37
66,6,4,2
66,7,4,2
66,7,4,56
67,7,0,2
67,6,0,2
67,5,0,2
67,5,1,2
67,4,1,2
67,4,2,2
67,3,2,2
67,2,2,2
67,1,2,2
67,0,2,2
67,0,2,52
67,1,2,2
67,2,2,2
67,2,3,2
67,2,4,2
67,3,4,2
67,3,5,2
67,3,6,2
67,3,7,2
67,3,8,2
67,3,8,87
67,3,7,2
67,4,7,2
67,4,6,2
67,5,6,2
67,5,5,2
67,6,5,2
67,7,5,2
67,7,4,2
67,7,4,77
68,7,0,2
68,6,0,2
68,6,1,2
68,5,1,2
68,5,2,2
68,4,2,2
68,4,3,2
68,3,3,2
68,3,4,2
68,2,4,2
68,2,5,2
68,2,6,2
68,2,7,2
68,2,8,2
68,2,9,2
68,1,9,2
68,0,9,2
68,0,9,59
68,1,9,2
68,2,9,2
68,2,8,2
68,2,7,2
68,2,6,2
68,2,5,2
68,2,4,2
68,2,3,2
68,2,2,2
68,3,2,2
68,3,2,40
68,2,2,2
68,1,2,2
68,1,2,56
68,2,2,2
68,3,2,2
68,3,3,2
68,3,4,2
68,4,4,2
68,5,4,2
68,6,4,2
68,7,4,2
68,7,4,112
69,7,0,2
69,6,0,2
69,6,1,2
69,6,1,49
69,7,1,2
69,7,2,2
69,7,3,2
69,7,4,2
69,7,4,59
70,7,0,2
70,6,0,2
70,6,1,2
70,5,1,2
70,5,2,2
70,4,2,2
70,3,2,2
70,3,2,24
70,2,2,2
70,1,2,2
70,1,3,2
70,1,3,62
70,1,4,2
70,2,4,2
70,3,4,2
70,3,5,2
70,3,6,2
70,4,6,2
70,5,6,2
70,5,6,76
70,6,6,2
70,6,5,2
70,6,4,2
70,7,4,2
70,7,4,47
71,7,0,2
71,6,0,2
71,6,1,2
71,6,2,2
71,5,2,2
71,4,2,2
71,3,2,2
71,2,2,2
71,2,2,21
71,2,3,2
71,3,3,2
71,3,4,2
71,3,5,2
71,3,6,2
71,3,7,2
71,3,8,2
71,3,8,76
71,3,7,2
71,4,7,2
71,5,7,2
71,6,7,2
71,7,7,2
71,7,6,2
71,7,5,2
71,7,4,2
71,7,4,44
72,7,0,2
72,6,0,2
72,5,0,2
72,4,0,2
72,3,0,2
72,2,0,2
72,1,0,2
72,1,0,87
72,1,1,2
72,0,1,2
72,0,2,2
72,0,3,2
72,0,4,2
72,0,5,2
72,0,6,2
72,0,7,2
72,0,7,87
72,0,6,2
72,1,6,2
72,1,5,2
72,2,5,2
72,2,4,2
72,2,3,2
72,2,2,2
72,2,1,2
72,2,0,2
72,2,0,62
72,2,1,2
72,2,2,2
72,3,2,2
72,3,3,2
72,4,3,2
72,4,3,25
72,4,4,2
72,5,4,2
72,6,4,2
72,7,4,2
72,7,4,41
73,7,0,2
73,6,0,2
73,6,0,36
73,5,0,2
73,5,1,2
73,5,2,2
73,4,2,2
73,3,2,2
73,3,3,2
73,3,4,2
73,3,5,2
73,3,6,2
73,3,7,2
73,3,7,84
73,2,7,2
73,1,7,2
73,1,6,2
73,1,5,2
73,1,4,2
73,1,3,2
73,1,2,2
73,1,1,2
73,1,1,43
73,0,1,2
73,0,2,2
73,0,2,39
73,0,3,2
73,0,4,2
73,1,4,2
73,2,4,2
73,3,4,2
73,4,4,2
73,5,4,2
73,6,4,2
73,7,4,2
73,7,4,33
74,7,0,2
74,6,0,2
74,6,1,2
74,5,1,2
74,4,1,2
74,4,2,2
74,3,2,2
74,3,3,2
74,2,3,2
74,1,3,2
74,0,3,2
74,0,3,50
74,1,3,2
74,2,3,2
74,3,3,2
74,3,4,2
74,3,4,20
74,3,3,2
74,3,2,2
74,2,2,2
74,2,1,2
74,2,0,2
74,2,0,46
74,3,0,2
74,4,0,2
74,4,1,2
74,4,2,2
74,4,3,2
74,4,4,2
74,4,5,2
74,4,6,2
74,4,6,44
74,4,5,2
74,5,5,2
74,5,4,2
74,6,4,2
74,7,4,2
74,7,4,52
75,7,0,2
75,7,1,2
75,6,1,2
75,5,1,2
75,5,2,2
75,4,2,2
75,3,2,2
75,3,3,2
75,3,3,30
75,4,3,2
75,4,2,2
75,4,1,2
75,4,1,34
75,3,1,2
75,3,0,2
75,2,0,2
75,1,0,2
75,0,0,2
75,0,0,23
75,0,1,2
75,0,2,2
75,0,3,2
75,1,3,2
75,1,4,2
75,2,4,2
75,3,4,2
75,4,4,2
75,5,4,2
75,6,4,2
75,7,4,2
75,7,4,38
76,7,0,2
76,6,0,2
76,5,0,2
76,5,1,2
76,4,1,2
76,4,2,2
76,3,2,2
76,2,2,2
76,1,2,2
76,1,3,2
76,0,3,2
76,0,4,2
76,0,4,65
76,1,4,2
76,2,4,2
76,3,4,2
76,4,4,2
76,5,4,2
76,6,4,2
76,7,4,2
76,7,4,62
77,7,0,2
77,7,1,2
77,7,2,2
77,7,3,2
77,7,4,2
77,7,5,2
77,6,5,2
77,5,5,2
77,5,6,2
77,5,7,2
77,4,7,2
77,4,8,2
77,3,8,2
77,2,8,2
77,1,8,2
77,1,8,76
77,0,8,2
77,0,7,2
77,0,6,2
77,0,5,2
77,0,4,2
77,0,4,84
77,1,4,2
77,2,4,2
77,3,4,2
77,4,4,2
77,5,4,2
77,5,5,2
77,5,5,27
77,6,5,2
77,7,5,2
77,7,4,2
77,7,4,60
78,7,0,2
78,7,1,2
78,6,1,2
78,5,1,2
78,4,1,2
78,3,1,2
78,2,1,2
78,1,1,2
78,1,1,53
78,2,1,2
78,3,1,2
78,4,1,2
78,5,1,2
78,6,1,2
78,6,1,28
78,5,1,2
78,5,0,2
78,5,0,24
78,5,1,2
78,5,2,2
78,6,2,2
78,6,3,2
78,7,3,2
78,7,4,2
78,7,4,113
79,7,0,2
79,6,0,2
79,6,1,2
79,5,1,2
79,4,1,2
79,4,1,47
79,5,1,2
79,6,1,2
79,6,2,2
79,6,3,2
79,6,3,82
79,5,3,2
79,5,4,2
79,4,4,2
79,3,4,2
79,3,5,2
79,3,6,2
79,3,7,2
79,3,8,2
79,3,9,2
79,3,9,49
79,4,9,2
79,4,8,2
79,5,8,2
79,5,7,2
79,5,6,2
79,5,5,2
79,5,4,2
79,6,4,2
79,7,4,2
79,7,4,44
80,7,0,2
80,7,1,2
80,7,2,2
80,6,2,2
80,6,3,2
80,5,3,2
80,5,4,2
80,4,4,2
80,4,5,2
80,4,6,2
80,3,6,2
80,2,6,2
80,2,7,2
80,2,8,2
80,2,8,24
80,1,8,2
80,1,7,2
80,1,6,2
80,1,5,2
80,1,4,2
80,1,4,70
80,2,4,2
80,3,4,2
80,4,4,2
80,5,4,2
80,6,4,2
80,7,4,2
80,7,4,94
81,7,0,2
81,6,0,2
81,5,0,2
81,4,0,2
81,3,0,2
81,3,1,2
81,2,1,2
81,2,2,2
81,2,2,42
81,3,2,2
81,3,3,2
81,4,3,2
81,4,4,2
81,4,5,2
81,4,5,24
81,5,5,2
81,5,4,2
81,6,4,2
81,7,4,2
81,7,4,109
82,7,0,2
82,6,0,2
82,6,1,2
82,5,1,2
82,4,1,2
82,4,2,2
82,4,3,2
82,3,3,2
82,3,4,2
82,3,5,2
82,3,6,2
82,3,7,2
82,2,7,2
82,2,7,83
82,3,7,2
82,3,6,2
82,3,5,2
82,4,5,2
82,5,5,2
82,5,4,2
82,6,4,2
82,6,3,2
82,6,2,2
82,6,1,2
82,6,0,2
82,6,0,69
82,5,0,2
82,4,0,2
82,4,0,25
82,4,1,2
82,4,2,2
82,4,3,2
82,4,3,61
82,4,4,2
82,5,4,2
82,6,4,2
82,7,4,2
82,7,4,86
83,7,0,2
83,6,0,2
83,5,0,2
83,5,0,69
83,5,1,2
83,5,2,2
83,6,2,2
83,6,2,26
83,6,3,2
83,5,3,2
83,4,3,2
83,3,3,2
83,3,3,40
83,3,4,2
83,4,4,2
83,5,4,2
83,6,4,2
83,7,4,2
83,7,4,49
84,7,0,2
84,7,1,2
84,6,1,2
84,6,2,2
84,6,3,2
84,6,4,2
84,5,4,2
84,4,4,2
84,3,4,2
84,2,4,2
84,1,4,2
84,0,4,2
84,0,5,2
84,0,6,2
84,0,7,2
84,0,8,2
84,0,8,42
84,0,7,2
84,1,7,2
84,2,7,2
84,3,7,2
84,4,7,2
84,5,7,2
84,5,6,2
84,6,6,2
84,6,6,54
84,6,5,2
84,5,5,2
84,5,4,2
84,4,4,2
84,3,4,2
84,2,4,2
84,1,4,2
84,0,4,2
84,0,4,33
84,0,3,2
84,0,2,2
84,0,1,2
84,0,1,77
84,1,1,2
84,1,2,2
84,1,3,2
84,2,3,2
84,2,4,2
84,3,4,2
84,4,4,2
84,5,4,2
84,6,4,2
84,7,4,2
84,7,4,88
85,7,0,2
85,6,0,2
85,5,0,2
85,4,0,2
85,3,0,2
85,2,0,2
85,1,0,2
85,0,0,2
85,0,0,58
85,0,1,2
85,1,1,2
85,2,1,2
85,3,1,2
85,4,1,2
85,5,1,2
85,6,1,2
85,6,1,73
85,5,1,2
85,5,2,2
85,5,3,2
85,4,3,2
85,4,4,2
85,3,4,2
85,3,4,86
85,3,3,2
85,3,2,2
85,3,1,2
85,2,1,2
85,2,0,2
85,2,0,77
85,2,1,2
85,3,1,2
85,4,1,2
85,5,1,2
85,6,1,2
85,7,1,2
85,7,2,2
85,7,3,2
85,7,4,2
85,7,4,67
86,7,0,2
86,6,0,2
86,6,1,2
86,6,2,2
86,6,3,2
86,6,4,2
86,6,5,2
86,6,6,2
86,6,7,2
86,6,7,43
86,6,6,2
86,5,6,2
86,4,6,2
86,4,6,44
86,5,6,2
86,5,7,2
86,5,8,2
86,5,9,2
86,5,9,41
86,4,9,2
86,3,9,2
86,2,9,2
86,2,8,2
86,2,7,2
86,2,6,2
86,2,5,2
86,2,4,2
86,2,3,2
86,1,3,2
86,1,2,2
86,1,1,2
86,1,0,2
86,1,0,56
86,2,0,2
86,2,1,2
86,2,2,2
86,3,2,2
86,4,2,2
86,4,2,83
86,4,3,2
86,5,3,2
86,6,3,2
86,7,3,2
86,7,4,2
86,7,4,117
87,7,0,2
87,7,1,2
87,7,2,2
87,7,3,2
87,7,4,2
87,7,5,2
87,6,5,2
87,5,5,2
87,4,5,2
87,4,5,52
87,3,5,2
87,2,5,2
87,1,5,2
87,0,5,2
87,0,5,33
87,0,6,2
87,1,6,2
87,1,7,2
87,2,7,2
87,3,7,2
87,4,7,2
87,5,7,2
87,6,7,2
87,6,7,46
87,6,6,2
87,6,5,2
87,6,4,2
87,6,4,20
87,7,4,2
87,7,4,48
88,7,0,2
88,7,1,2
88,7,2,2
88,7,3,2
88,6,3,2
88,5,3,2
88,4,3,2
88,3,3,2
88,2,3,2
88,1,3,2
88,0,3,2
88,0,3,75
88,1,3,2
88,1,4,2
88,2,4,2
88,3,4,2
88,4,4,2
88,5,4,2
88,6,4,2
88,7,4,2
88,7,4,117
89,7,0,2
89,6,0,2
89,6,1,2
89,6,1,78
89,6,2,2
89,7,2,2
89,7,3,2
89,7,4,2
89,7,4,107
90,7,0,2
90,6,0,2
90,6,0,76
90,6,1,2
90,6,2,2
90,6,3,2
90,6,4,2
90,6,5,2
90,6,6,2
90,6,7,2
90,6,8,2
90,6,8,84
90,5,8,2
90,4,8,2
90,4,7,2
90,4,6,2
90,4,5,2
90,4,5,87
90,4,4,2
90,4,3,2
90,3,3,2
90,3,2,2
90,2,2,2
90,1,2,2
90,1,1,2
90,1,1,63
90,1,0,2
90,2,0,2
90,3,0,2
90,4,0,2
90,5,0,2
90,5,0,70
90,5,1,2
90,5,2,2
90,5,3,2
90,5,4,2
90,6,4,2
90,7,4,2
90,7,4,54
91,7,0,2
91,7,1,2
91,6,1,2
91,6,2,2
91,6,3,2
91,5,3,2
91,5,4,2
91,5,5,2
91,5,6,2
91,5,7,2
91,5,8,2
91,5,9,2
91,4,9,2
91,3,9,2
91,2,9,2
91,1,9,2
91,0,9,2
91,0,9,55
91,0,8,2
91,0,7,2
91,0,6,2
91,1,6,2
91,2,6,2
91,2,5,2
91,2,4,2
91,3,4,2
91,4,4,2
91,5,4,2
91,5,3,2
91,5,2,2
91,5,1,2
91,5,0,2
91,5,0,29
91,5,1,2
91,4,1,2
91,3,1,2
91,3,2,2
91,3,3,2
91,3,4,2
91,3,5,2
91,3,6,2
91,3,7,2
91,3,8,2
91,3,8,85
91,2,8,2
91,2,7,2
91,2,6,2
91,1,6,2
91,1,6,42
91,2,6,2
91,3,6,2
91,4,6,2
91,5,6,2
91,5,5,2
91,5,4,2
91,6,4,2
91,7,4,2
91,7,4,55
92,7,0,2
92,7,1,2
92,7,2,2
92,6,2,2
92,6,2,72
92,6,3,2
92,5,3,2
92,5,4,2
92,4,4,2
92,4,5,2
92,3,5,2
92,2,5,2
92,2,5,68
92,3,5,2
92,3,4,2
92,3,3,2
92,3,2,2
92,3,2,33
92,4,2,2
92,5,2,2
92,6,2,2
92,7,2,2
92,7,3,2
92,7,4,2
92,7,4,106
93,7,0,2
93,7,1,2
93,6,1,2
93,6,2,2
93,5,2,2
93,4,2,2
93,3,2,2
93,2,2,2
93,1,2,2
93,1,2,48
93,1,1,2
93,2,1,2
93,2,0,2
93,2,0,30
93,3,0,2
93,3,1,2
93,3,2,2
93,4,2,2
93,4,3,2
93,5,3,2
93,6,3,2
93,7,3,2
93,7,4,2
93,7,4,63
94,7,0,2
94,6,0,2
94,6,1,2
94,6,2,2
94,6,3,2
94,6,3,24
94,7,3,2
94,7,4,2
94,7,4,55
95,7,0,2
95,7,1,2
95,7,2,2
95,7,3,2
95,6,3,2
95,5,3,2
95,4,3,2
95,4,3,38
95,4,4,2
95,4,5,2
95,4,6,2
95,4,7,2
95,4,8,2
95,3,8,2
95,2,8,2
95,2,8,32
95,2,7,2
95,3,7,2
95,3,6,2
95,4,6,2
95,4,5,2
95,5,5,2
95,6,5,2
95,6,4,2
95,7,4,2
95,7,4,67
96,7,0,2
96,6,0,2
96,5,0,2
96,5,1,2
96,5,2,2
96,4,2,2
96,4,3,2
96,3,3,2
96,2,3,2
96,1,3,2
96,1,3,51
96,1,4,2
96,1,5,2
96,2,5,2
96,2,6,2
96,2,6,43
96,2,5,2
96,1,5,2
96,1,4,2
96,1,3,2
96,1,2,2
96,1,1,2
96,1,0,2
96,1,0,39
96,2,0,2
96,2,1,2
96,2,2,2
96,3,2,2
96,3,3,2
96,3,4,2
96,4,4,2
96,5,4,2
96,6,4,2
96,7,4,2
96,7,4,74
97,7,0,2
97,6,0,2
97,6,1,2
97,5,1,2
97,4,1,2
97,4,2,2
97,4,3,2
97,3,3,2
97,2,3,2
97,1,3,2
97,1,3,69
97,0,3,2
97,0,2,2
97,0,1,2
97,0,1,37
97,1,1,2
97,1,2,2
97,1,3,2
97,2,3,2
97,2,4,2
97,3,4,2
97,4,4,2
97,5,4,2
97,6,4,2
97,7,4,2
97,7,4,76
98,7,0,2
98,6,0,2
98,6,1,2
98,5,1,2
98,4,1,2
98,3,1,2
98,2,1,2
98,2,2,2
98,2,3,2
98,2,4,2
98,1,4,2
98,1,5,2
98,0,5,2
98,0,6,2
98,0,6,34
98,1,6,2
98,2,6,2
98,3,6,2
98,4,6,2
98,4,6,53
98,5,6,2
98,6,6,2
98,6,5,2
98,6,4,2
98,6,3,2
98,6,2,2
98,6,1,2
98,6,0,2
98,6,0,89
98,6,1,2
98,6,2,2
98,7,2,2
98,7,3,2
98,7,4,2
98,7,4,32
99,7,0,2
99,6,0,2
99,6,1,2
99,5,1,2
99,5,2,2
99,4,2,2
99,4,2,42
99,4,3,2
99,5,3,2
99,5,4,2
99,6,4,2
99,7,4,2
99,7,4,49
100,7,0,2
100,7,1,2
100,7,2,2
100,6,2,2
100,5,2,2
100,4,2,2
100,3,2,2
100,2,2,2
100,2,2,35
100,3,2,2
100,4,2,2
100,4,2,85
100,5,2,2
100,5,3,2
100,5,4,2
100,5,5,2
100,5,6,2
100,5,7,2
100,5,7,78
100,5,6,2
100,5,5,2
100,5,4,2
100,4,4,2
100,4,3,2
100,4,2,2
100,4,1,2
100,3,1,2
100,2,1,2
100,2,0,2
100,1,0,2
100,0,0,2
100,0,0,89
100,1,0,2
100,1,1,2
100,2,1,2
100,2,2,2
100,2,3,2
100,2,4,2
100,2,5,2
100,2,6,2
100,2,7,2
100,2,8,2
100,2,8,37
100,3,8,2
100,3,7,2
100,3,6,2
100,4,6,2
100,5,6,2
100,5,5,2
100,6,5,2
100,6,4,2
100,7,4,2
100,7,4,52
101,7,0,2
101,7,1,2
101,6,1,2
101,5,1,2
101,4,1,2
101,4,2,2
101,4,3,2
101,4,4,2
101,4,4,34
101,4,3,2
101,4,2,2
101,5,2,2
101,6,2,2
101,6,1,2
101,6,0,2
101,6,0,62
101,5,0,2
101,4,0,2
101,3,0,2
101,2,0,2
101,2,1,2
101,1,1,2
101,0,1,2
101,0,2,2
101,0,3,2
101,0,4,2
101,0,5,2
101,0,6,2
101,0,6,25
101,1,6,2
101,2,6,2
101,2,5,2
101,3,5,2
101,3,4,2
101,4,4,2
101,5,4,2
101,6,4,2
101,7,4,2
101,7,4,99
102,7,0,2
102,6,0,2
102,5,0,2
102,5,1,2
102,5,2,2
102,4,2,2
102,4,3,2
102,3,3,2
102,3,4,2
102,3,4,49
102,4,4,2
102,5,4,2
102,6,4,2
102,7,4,2
102,7,4,68
103,7,0,2
103,6,0,2
103,5,0,2
103,4,0,2
103,4,1,2
103,4,2,2
103,4,3,2
103,4,4,2
103,3,4,2
103,3,5,2
103,3,6,2
103,3,7,2
103,3,7,85
103,3,6,2
103,3,5,2
103,3,4,2
103,3,3,2
103,3,2,2
103,3,1,2
103,3,0,2
103,3,0,34
103,2,0,2
103,2,1,2
103,1,1,2
103,1,2,2
103,1,3,2
103,1,4,2
103,1,5,2
103,1,5,49
103,1,4,2
103,1,3,2
103,0,3,2
103,0,2,2
103,0,1,2
103,0,1,46
103,0,2,2
103,1,2,2
103,1,3,2
103,1,4,2
103,2,4,2
103,3,4,2
103,4,4,2
103,4,5,2
103,4,6,2
103,4,7,2
103,4,8,2
103,4,9,2
103,4,9,59
103,5,9,2
103,5,8,2
103,5,7,2
103,6,7,2
103,7,7,2
103,7,6,2
103,7,5,2
103,7,4,2
103,7,4,40
104,7,0,2
104,6,0,2
104,5,0,2
104,4,0,2
104,3,0,2
104,2,0,2
104,1,0,2
104,1,0,70
104,2,0,2
104,3,0,2
104,4,0,2
104,5,0,2
104,6,0,2
104,6,1,2
104,7,1,2
104,7,2,2
104,7,3,2
104,7,4,2
104,7,4,109
105,7,0,2
105,6,0,2
105,6,1,2
105,6,2,2
105,5,2,2
105,4,2,2
105,4,3,2
105,4,4,2
105,4,4,56
105,3,4,2
105,2,4,2
105,1,4,2
105,0,4,2
105,0,4,67
105,1,4,2
105,2,4,2
105,3,4,2
105,4,4,2
105,5,4,2
105,6,4,2
105,7,4,2
105,7,4,112
106,7,0,2
106,7,1,2
106,6,1,2
106,6,2,2
106,6,3,2
106,6,4,2
106,6,5,2
106,5,5,2
106,4,5,2
106,3,5,2
106,3,5,67
106,3,4,2
106,3,3,2
106,4,3,2
106,5,3,2
106,5,2,2
106,6,2,2
106,6,1,2
106,6,0,2
106,6,0,72
106,6,1,2
106,7,1,2
106,7,2,2
106,7,3,2
106,7,4,2
106,7,4,51
107,7,0,2
107,6,0,2
107,6,1,2
107,6,2,2
107,5,2,2
107,5,2,88
107,5,3,2
107,6,3,2
107,6,4,2
107,7,4,2
107,7,4,89
108,7,0,2
108,6,0,2
108,6,0,86
108,5,0,2
108,4,0,2
108,3,0,2
108,2,0,2
108,1,0,2
108,1,0,42
108,2,0,2
108,2,1,2
108,3,1,2
108,3,2,2
108,4,2,2
108,5,2,2
108,6,2,2
108,6,3,2
108,6,4,2
108,7,4,2
108,7,4,87
109,7,0,2
109,7,1,2
109,7,2,2
109,6,2,2
109,5,2,2
109,5,2,46
109,5,3,2
109,4,3,2
109,4,4,2
109,4,5,2
109,4,6,2
109,4,7,2
109,4,8,2
109,4,9,2
109,4,9,72
109,5,9,2
109,5,8,2
109,6,8,2
109,6,7,2
109,6,6,2
109,6,5,2
109,6,4,2
109,6,3,2
109,6,2,2
109,6,1,2
109,6,0,2
109,6,0,84
109,6,1,2
109,5,1,2
109,5,2,2
109,4,2,2
109,3,2,2
109,2,2,2
109,1,2,2
109,0,2,2
109,0,2,74
109,1,2,2
109,2,2,2
109,2,3,2
109,3,3,2
109,4,3,2
109,4,4,2
109,5,4,2
109,6,4,2
109,7,4,2
109,7,4,58
110,7,0,2
110,7,1,2
110,6,1,2
110,6,2,2
110,5,2,2
110,4,2,2
110,3,2,2
110,2,2,2
110,1,2,2
110,0,2,2
110,0,2,80
110,1,2,2
110,2,2,2
110,2,1,2
110,2,0,2
110,3,0,2
110,4,0,2
110,4,0,38
110,5,0,2
110,6,0,2
110,7,0,2
110,7,1,2
110,7,2,2
110,7,3,2
110,7,4,2
110,7,4,97
111,7,0,2
111,6,0,2
111,6,1,2
111,5,1,2
111,5,2,2
111,5,3,2
111,5,4,2
111,5,5,2
111,5,6,2
111,5,7,2
111,5,8,2
111,5,8,38
111,5,7,2
111,5,6,2
111,4,6,2
111,4,6,73
111,4,5,2
111,5,5,2
111,5,4,2
111,6,4,2
111,7,4,2
111,7,4,55
112,7,0,2
112,6,0,2
112,5,0,2
112,4,0,2
112,3,0,2
112,2,0,2
112,1,0,2
112,1,0,31
112,2,0,2
112,3,0,2
112,4,0,2
112,4,0,43
112,5,0,2
112,6,0,2
112,6,1,2
112,7,1,2
112,7,2,2
112,7,3,2
112,7,4,2
112,7,4,86
113,7,0,2
113,6,0,2
113,5,0,2
113,5,1,2
113,4,1,2
113,4,2,2
113,4,3,2
113,3,3,2
113,2,3,2
113,2,3,46
113,2,4,2
113,1,4,2
113,0,4,2
113,0,5,2
113,0,6,2
113,0,7,2
113,0,8,2
113,0,8,69
113,1,8,2
113,1,7,2
113,1,6,2
113,1,6,44
113,2,6,2
113,3,6,2
113,4,6,2
113,4,5,2
113,5,5,2
113,5,4,2
113,6,4,2
113,7,4,2
113,7,4,40
114,7,0,2
114,7,1,2
114,7,2,2
114,6,2,2
114,6,3,2
114,5,3,2
114,4,3,2
114,4,4,2
114,4,5,2
114,3,5,2
114,2,5,2
114,1,5,2
114,0,5,2
114,0,6,2
114,0,7,2
114,0,8,2
114,0,9,2
114,0,9,69
114,0,8,2
114,1,8,2
114,1,7,2
114,1,6,2
114,1,5,2
114,1,4,2
114,1,3,2
114,1,2,2
114,1,1,2
114,1,1,70
114,2,1,2
114,2,2,2
114,2,3,2
114,2,4,2
114,2,5,2
114,2,6,2
114,2,7,2
114,2,8,2
114,2,8,33
114,2,7,2
114,3,7,2
114,3,6,2
114,3,5,2
114,3,4,2
114,3,3,2
114,3,2,2
114,3,1,2
114,3,0,2
114,3,0,68
114,4,0,2
114,5,0,2
114,5,1,2
114,5,2,2
114,5,3,2
114,5,4,2
114,6,4,2
114,7,4,2
114,7,4,96
115,7,0,2
115,7,1,2
115,6,1,2
115,6,2,2
115,6,2,30
115,5,2,2
115,4,2,2
115,4,1,2
115,4,0,2
115,4,0,39
115,4,1,2
115,3,1,2
115,3,2,2
115,3,3,2
115,2,3,2
115,2,4,2
115,1,4,2
115,0,4,2
115,0,5,2
115,0,6,2
115,0,6,73
115,0,5,2
115,0,4,2
115,0,3,2
115,0,2,2
115,0,2,56
115,1,2,2
115,2,2,2
115,2,3,2
115,3,3,2
115,4,3,2
115,5,3,2
115,5,4,2
115,6,4,2
115,7,4,2
115,7,4,115
116,7,0,2
116,6,0,2
116,5,0,2
116,4,0,2
116,4,1,2
116,3,1,2
116,2,1,2
116,2,2,2
116,1,2,2
116,1,3,2
116,1,4,2
116,1,5,2
116,1,5,58
116,0,5,2
116,0,4,2
116,0,3,2
116,0,2,2
116,0,2,68
116,1,2,2
116,2,2,2
116,3,2,2
116,3,3,2
116,3,4,2
116,4,4,2
116,5,4,2
116,6,4,2
116,7,4,2
116,7,4,59
117,7,0,2
117,7,1,2
117,6,1,2
117,6,1,27
117,7,1,2
117,7,2,2
117,7,3,2
117,7,4,2
117,7,4,39
118,7,0,2
118,6,0,2
118,6,1,2
118,6,2,2
118,5,2,2
118,4,2,2
118,3,2,2
118,3,3,2
118,2,3,2
118,2,4,2
118,2,5,2
118,2,6,2
118,2,7,2
118,2,8,2
118,2,9,2
118,2,9,54
118,2,8,2
118,1,8,2
118,1,7,2
118,1,6,2
118,1,5,2
118,1,4,2
118,1,3,2
118,1,2,2
118,1,1,2
118,1,1,89
118,2,1,2
118,2,2,2
118,3,2,2
118,3,3,2
118,3,4,2
118,4,4,2
118,5,4,2
118,6,4,2
118,7,4,2
118,7,4,77
119,7,0,2
119,7,1,2
119,6,1,2
119,6,2,2
119,6,3,2
119,5,3,2
119,5,4,2
119,4,4,2
119,3,4,2
119,2,4,2
119,2,5,2
119,2,6,2
119,2,7,2
119,2,8,2
119,2,9,2
119,2,9,51
119,2,8,2
119,2,7,2
119,2,6,2
119,2,5,2
119,2,4,2
119,2,3,2
119,2,2,2
119,2,2,43
119,3,2,2
119,3,3,2
119,4,3,2
119,4,4,2
119,5,4,2
119,5,5,2
119,5,6,2
119,5,7,2
119,5,7,33
119,5,6,2
119,5,5,2
119,5,4,2
119,4,4,2
119,3,4,2
119,2,4,2
119,1,4,2
119,0,4,2
119,0,4,81
119,1,4,2
119,2,4,2
119,3,4,2
119,4,4,2
119,5,4,2
119,5,3,2
119,5,2,2
119,5,1,2
119,5,0,2
119,5,0,40
119,6,0,2
119,6,1,2
119,6,2,2
119,7,2,2
119,7,3,2
119,7,4,2
119,7,4,62
120,7,0,2
120,6,0,2
120,6,1,2
120,6,2,2
120,6,3,2
120,6,4,2
120,6,5,2
120,6,6,2
120,6,7,2
120,6,8,2
120,6,8,80
120,6,7,2
120,5,7,2
120,4,7,2
120,4,6,2
120,3,6,2
120,3,5,2
120,2,5,2
120,2,4,2
120,2,3,2
120,2,2,2
120,1,2,2
120,1,1,2
120,1,1,59
120,1,2,2
120,2,2,2
120,3,2,2
120,4,2,2
120,4,3,2
120,4,4,2
120,5,4,2
120,6,4,2
120,7,4,2
120,7,4,91
121,7,0,2
121,7,1,2
121,7,2,2
121,7,3,2
121,6,3,2
121,6,4,2
121,6,4,81
121,6,5,2
121,5,5,2
121,5,6,2
121,5,7,2
121,5,7,57
121,4,7,2
121,3,7,2
121,3,6,2
121,3,5,2
121,2,5,2
121,2,4,2
121,2,3,2
121,1,3,2
121,1,2,2
121,1,1,2
121,1,0,2
121,1,0,39
121,2,0,2
121,2,1,2
121,3,1,2
121,3,2,2
121,3,3,2
121,3,4,2
121,3,5,2
121,4,5,2
121,5,5,2
121,6,5,2
121,6,5,32
121,7,5,2
121,7,4,2
121,7,4,80
122,7,0,2
122,6,0,2
122,6,1,2
122,6,2,2
122,5,2,2
122,5,3,2
122,5,4,2
122,5,5,2
122,4,5,2
122,3,5,2
122,3,6,2
122,3,7,2
122,3,8,2
122,2,8,2
122,1,8,2
122,0,8,2
122,0,8,81
122,0,7,2
122,1,7,2
122,1,6,2
122,2,6,2
122,2,5,2
122,2,4,2
122,2,3,2
122,2,3,21
122,2,2,2
122,2,1,2
122,1,1,2
122,1,0,2
122,1,0,72
122,1,1,2
122,2,1,2
122,3,1,2
122,3,2,2
122,4,2,2
122,4,3,2
122,5,3,2
122,5,4,2
122,6,4,2
122,7,4,2
122,7,4,68
123,7,0,2
123,6,0,2
123,5,0,2
123,5,1,2
123,4,1,2
123,4,2,2
123,4,3,2
123,3,3,2
123,3,3,72
123,3,4,2
123,4,4,2
123,5,4,2
123,6,4,2
123,7,4,2
123,7,4,50
124,7,0,2
124,6,0,2
124,6,1,2
124,6,2,2
124,5,2,2
124,4,2,2
124,3,2,2
124,3,2,52
124,3,3,2
124,3,4,2
124,4,4,2
124,5,4,2
124,6,4,2
124,7,4,2
124,7,4,55
125,7,0,2
125,6,0,2
125,6,1,2
125,6,2,2
125,6,3,2
125,6,3,27
125,7,3,2
125,7,4,2
125,7,4,91
126,7,0,2
126,6,0,2
126,6,1,2
126,6,2,2
126,6,2,61
126,6,1,2
126,5,1,2
126,4,1,2
126,3,1,2
126,2,1,2
126,1,1,2
126,0,1,2
126,0,1,82
126,1,1,2
126,1,2,2
126,1,3,2
126,1,4,2
126,1,5,2
126,1,6,2
126,1,7,2
126,1,7,35
126,2,7,2
126,3,7,2
126,3,7,53
126,4,7,2
126,4,6,2
126,4,5,2
126,4,4,2
126,5,4,2
126,6,4,2
126,7,4,2
126,7,4,55
127,7,0,2
127,7,1,2
127,6,1,2
127,6,2,2
127,6,3,2
127,6,4,2
127,5,4,2
127,4,4,2
127,3,4,2
127,2,4,2
127,1,4,2
127,1,4,21
127,2,4,2
127,3,4,2
127,4,4,2
127,5,4,2
127,6,4,2
127,7,4,2
127,7,4,73
128,7,0,2
128,7,1,2
128,7,2,2
128,6,2,2
128,6,3,2
128,6,4,2
128,5,4,2
128,4,4,2
128,3,4,2
128,2,4,2
128,2,4,25
128,1,4,2
128,1,3,2
128,1,2,2
128,1,1,2
128,1,1,47
128,1,2,2
128,1,2,40
128,2,2,2
128,2,3,2
128,3,3,2
128,4,3,2
128,4,4,2
128,5,4,2
128,6,4,2
128,7,4,2
128,7,4,81
129,7,0,2
129,6,0,2
129,5,0,2
129,4,0,2
129,4,1,2
129,3,1,2
129,3,2,2
129,3,3,2
129,3,4,2
129,2,4,2
129,2,4,60
129,3,4,2
129,4,4,2
129,4,3,2
129,4,2,2
129,5,2,2
129,6,2,2
129,6,2,37
129,6,3,2
129,6,4,2
129,6,5,2
129,6,6,2
129,6,7,2
129,6,8,2
129,5,8,2
129,4,8,2
129,3,8,2
129,2,8,2
129,2,8,30
129,2,7,2
129,2,6,2
129,3,6,2
129,3,5,2
129,4,5,2
129,4,4,2
129,5,4,2
129,6,4,2
129,7,4,2
129,7,4,47
130,7,0,2
130,6,0,2
130,6,1,2
130,5,1,2
130,4,1,2
130,4,2,2
130,4,3,2
130,4,4,2
130,4,5,2
130,4,6,2
130,4,7,2
130,4,8,2
130,4,9,2
130,4,9,83
130,3,9,2
130,3,8,2
130,3,7,2
130,3,6,2
130,3,6,81
130,2,6,2
130,2,5,2
130,1,5,2
130,0,5,2
130,0,4,2
130,0,3,2
130,0,2,2
130,0,1,2
130,0,0,2
130,0,0,83
130,0,1,2
130,1,1,2
130,2,1,2
130,3,1,2
130,4,1,2
130,5,1,2
130,5,2,2
130,6,2,2
130,6,3,2
130,6,4,2
130,6,4,79
130,7,4,2
130,7,4,84
131,7,0,2
131,6,0,2
131,5,0,2
131,4,0,2
131,4,1,2
131,3,1,2
131,2,1,2
131,1,1,2
131,0,1,2
131,0,1,62
131,1,1,2
131,1,2,2
131,2,2,2
131,3,2,2
131,4,2,2
131,4,2,63
131,4,3,2
131,3,3,2
131,2,3,2
131,2,4,2
131,2,5,2
131,2,6,2
131,2,6,61
131,2,5,2
131,2,4,2
131,2,3,2
131,2,2,2
131,2,1,2
131,2,0,2
131,2,0,22
131,3,0,2
131,3,1,2
131,3,2,2
131,4,2,2
131,5,2,2
131,6,2,2
131,6,3,2
131,7,3,2
131,7,4,2
131,7,4,68
132,7,0,2
132,6,0,2
132,6,1,2
132,6,2,2
132,6,3,2
132,6,4,2
132,6,5,2
132,6,6,2
132,6,7,2
132,6,8,2
132,6,9,2
132,6,9,31
132,6,8,2
132,7,8,2
132,7,7,2
132,7,6,2
132,7,5,2
132,7,4,2
132,7,4,87
133,7,0,2
133,6,0,2
133,6,1,2
133,5,1,2
133,4,1,2
133,3,1,2
133,3,1,35
133,3,2,2
133,4,2,2
133,5,2,2
133,6,2,2
133,6,3,2
133,6,4,2
133,7,4,2
133,7,4,52
134,7,0,2
134,6,0,2
134,5,0,2
134,4,0,2
134,4,1,2
134,3,1,2
134,3,2,2
134,3,3,2
134,3,4,2
134,3,5,2
134,3,6,2
134,3,7,2
134,3,7,30
134,2,7,2
134,1,7,2
134,1,6,2
134,1,5,2
134,1,4,2
134,1,3,2
134,1,2,2
134,1,1,2
134,1,1,76
134,1,0,2
134,2,0,2
134,2,0,35
134,2,1,2
134,2,2,2
134,1,2,2
134,1,2,45
134,1,3,2
134,1,4,2
134,2,4,2
134,3,4,2
134,4,4,2
134,5,4,2
134,6,4,2
134,7,4,2
134,7,4,116
135,7,0,2
135,6,0,2
135,5,0,2
135,5,0,84
135,4,0,2
135,4,1,2
135,3,1,2
135,3,2,2
135,3,3,2
135,3,4,2
135,3,5,2
135,3,5,28
135,2,5,2
135,2,4,2
135,2,3,2
135,2,2,2
135,2,1,2
135,2,0,2
135,2,0,21
135,2,1,2
135,2,2,2
135,2,3,2
135,3,3,2
135,4,3,2
135,5,3,2
135,6,3,2
135,7,3,2
135,7,4,2
135,7,4,75
136,7,0,2
136,6,0,2
136,5,0,2
136,4,0,2
136,3,0,2
136,3,1,2
136,3,2,2
136,3,3,2
136,3,4,2
136,3,5,2
136,3,6,2
136,3,7,2
136,3,8,2
136,3,9,2
136,3,9,30
136,3,8,2
136,3,7,2
136,3,6,2
136,4,6,2
136,4,5,2
136,4,4,2
136,5,4,2
136,6,4,2
136,6,3,2
136,6,2,2
136,6,1,2
136,6,0,2
136,6,0,76
136,5,0,2
136,5,1,2
136,4,1,2
136,3,1,2
136,2,1,2
136,1,1,2
136,1,1,74
136,2,1,2
136,3,1,2
136,3,2,2
136,4,2,2
136,4,3,2
136,5,3,2
136,5,4,2
136,6,4,2
136,7,4,2
136,7,4,67
137,7,0,2
137,6,0,2
137,5,0,2
137,4,0,2
137,4,1,2
137,3,1,2
137,3,2,2
137,2,2,2
137,2,3,2
137,1,3,2
137,1,4,2
137,1,5,2
137,1,6,2
137,1,7,2
137,1,8,2
137,1,9,2
137,1,9,21
137,1,8,2
137,2,8,2
137,2,7,2
137,3,7,2
137,3,6,2
137,4,6,2
137,4,5,2
137,5,5,2
137,6,5,2
137,7,5,2
137,7,4,2
137,7,4,72
138,7,0,2
138,6,0,2
138,6,1,2
138,6,2,2
138,6,3,2
138,5,3,2
138,4,3,2
138,4,4,2
138,4,5,2
138,3,5,2
138,2,5,2
138,1,5,2
138,0,5,2
138,0,5,88
138,0,4,2
138,1,4,2
138,2,4,2
138,3,4,2
138,4,4,2
138,5,4,2
138,5,4,84
138,4,4,2
138,3,4,2
138,2,4,2
138,2,5,2
138,2,6,2
138,2,7,2
138,1,7,2
138,1,8,2
138,0,8,2
138,0,8,48
138,0,7,2
138,0,6,2
138,0,5,2
138,0,4,2
138,0,3,2
138,0,2,2
138,0,1,2
138,0,1,81
138,0,2,2
138,0,3,2
138,1,3,2
138,1,4,2
138,2,4,2
138,3,4,2
138,4,4,2
138,5,4,2
138,6,4,2
138,7,4,2
138,7,4,55
139,7,0,2
139,6,0,2
139,6,1,2
139,6,2,2
139,6,3,2
139,5,3,2
139,5,4,2
139,5,5,2
139,5,5,26
139,5,4,2
139,5,3,2
139,6,3,2
139,6,2,2
139,6,1,2
139,6,1,62
139,5,1,2
139,4,1,2
139,3,1,2
139,2,1,2
139,1,1,2
139,0,1,2
139,0,1,51
139,1,1,2
139,2,1,2
139,3,1,2
139,4,1,2
139,5,1,2
139,5,2,2
139,6,2,2
139,6,3,2
139,7,3,2
139,7,4,2
139,7,4,60
140,7,0,2
140,7,1,2
140,6,1,2
140,6,2,2
140,6,3,2
140,6,4,2
140,6,5,2
140,6,6,2
140,6,7,2
140,6,8,2
140,6,9,2
140,6,9,24
140,5,9,2
140,5,8,2
140,4,8,2
140,3,8,2
140,2,8,2
140,1,8,2
140,0,8,2
140,0,7,2
140,0,6,2
140,0,5,2
140,0,4,2
140,0,3,2
140,0,2,2
140,0,1,2
140,0,1,33
140,0,2,2
140,1,2,2
140,1,3,2
140,2,3,2
140,3,3,2
140,4,3,2
140,5,3,2
140,6,3,2
140,7,3,2
140,7,4,2
140,7,4,68
141,7,0,2
141,7,1,2
141,6,1,2
141,5,1,2
141,4,1,2
141,3,1,2
141,3,2,2
141,3,3,2
141,3,4,2
141,3,5,2
141,3,6,2
141,3,7,2
141,3,7,89
141,4,7,2
141,5,7,2
141,6,7,2
141,6,6,2
141,6,5,2
141,6,4,2
141,6,3,2
141,6,2,2
141,6,2,26
141,6,3,2
141,5,3,2
141,5,4,2
141,4,4,2
141,3,4,2
141,2,4,2
141,1,4,2
141,1,5,2
141,0,5,2
141,0,5,44
141,1,5,2
141,1,4,2
141,2,4,2
141,3,4,2
141,4,4,2
141,5,4,2
141,6,4,2
141,7,4,2
141,7,4,79
142,7,0,2
142,7,1,2
142,7,2,2
142,6,2,2
142,6,2,75
142,6,3,2
142,5,3,2
142,4,3,2
142,3,3,2
142,2,3,2
142,1,3,2
142,1,3,53
142,1,4,2
142,1,5,2
142,2,5,2
142,2,6,2
142,2,7,2
142,2,7,44
142,3,7,2
142,3,6,2
142,4,6,2
142,4,5,2
142,5,5,2
142,5,4,2
142,6,4,2
142,7,4,2
142,7,4,92
143,7,0,2
143,7,1,2
143,6,1,2
143,6,2,2
143,5,2,2
143,4,2,2
143,3,2,2
143,2,2,2
143,1,2,2
143,0,2,2
143,0,2,42
143,0,3,2
143,1,3,2
143,1,4,2
143,2,4,2
143,3,4,2
143,4,4,2
143,5,4,2
143,6,4,2
143,7,4,2
143,7,4,106
144,7,0,2
144,6,0,2
144,6,1,2
144,5,1,2
144,4,1,2
144,3,1,2
144,2,1,2
144,2,2,2
144,2,3,2
144,1,3,2
144,0,3,2
144,0,4,2
144,0,5,2
144,0,6,2
144,0,7,2
144,0,8,2
144,0,9,2
144,0,9,31
144,0,8,2
144,1,8,2
144,1,7,2
144,1,6,2
144,1,5,2
144,1,4,2
144,1,3,2
144,1,2,2
144,1,2,52
144,1,3,2
144,1,4,2
144,2,4,2
144,3,4,2
144,4,4,2
144,5,4,2
144,6,4,2
144,7,4,2
144,7,4,78
145,7,0,2
145,6,0,2
145,6,1,2
145,5,1,2
145,4,1,2
145,3,1,2
145,3,1,83
145,2,1,2
145,1,1,2
145,0,1,2
145,0,1,41
145,0,0,2
145,1,0,2
145,2,0,2
145,3,0,2
145,4,0,2
145,5,0,2
145,5,0,26
145,5,1,2
145,4,1,2
145,4,2,2
145,4,3,2
145,4,4,2
145,4,5,2
145,3,5,2
145,3,6,2
145,3,7,2
145,3,8,2
145,3,8,84
145,2,8,2
145,1,8,2
145,1,7,2
145,1,6,2
145,1,5,2
145,1,4,2
145,1,4,80
145,2,4,2
145,3,4,2
145,4,4,2
145,5,4,2
145,6,4,2
145,7,4,2
145,7,4,79
146,7,0,2
146,7,1,2
146,6,1,2
146,6,2,2
146,6,3,2
146,6,4,2
146,6,5,2
146,6,6,2
146,6,6,29
146,7,6,2
146,7,5,2
146,7,4,2
146,7,4,75
147,7,0,2
147,6,0,2
147,6,1,2
147,5,1,2
147,4,1,2
147,3,1,2
147,3,2,2
147,3,3,2
147,3,4,2
147,3,5,2
147,3,6,2
147,3,7,2
147,3,7,37
147,4,7,2
147,5,7,2
147,5,6,2
147,6,6,2
147,6,5,2
147,7,5,2
147,7,4,2
147,7,4,91
148,7,0,2
148,6,0,2
148,6,1,2
148,6,2,2
148,6,3,2
148,5,3,2
148,5,4,2
148,5,5,2
148,5,6,2
148,5,7,2
148,5,8,2
148,5,9,2
148,4,9,2
148,4,9,57
148,4,8,2
148,3,8,2
148,3,7,2
148,3,6,2
148,2,6,2
148,1,6,2
148,1,5,2
148,1,4,2
148,1,3,2
148,1,2,2
148,1,1,2
148,1,1,28
148,2,1,2
148,3,1,2
148,3,2,2
148,3,3,2
148,3,4,2
148,4,4,2
148,5,4,2
148,6,4,2
148,7,4,2
148,7,4,111
149,7,0,2
149,6,0,2
149,5,0,2
149,4,0,2
149,4,1,2
149,3,1,2
149,2,1,2
149,2,1,33
149,1,1,2
149,1,2,2
149,0,2,2
149,0,3,2
149,0,4,2
149,0,4,51
149,0,5,2
149,0,6,2
149,1,6,2
149,1,7,2
149,1,8,2
149,1,8,24
149,2,8,2
149,3,8,2
149,3,9,2
149,4,9,2
149,5,9,2
149,5,9,43
149,5,8,2
149,6,8,2
149,6,7,2
149,6,7,32
149,7,7,2
149,7,6,2
149,7,5,2
149,7,4,2
149,7,4,72
150,7,0,2
150,7,1,2
150,7,2,2
150,6,2,2
150,6,3,2
150,5,3,2
150,4,3,2
150,4,4,2
150,3,4,2
150,2,4,2
150,1,4,2
150,0,4,2
150,0,4,53
150,0,3,2
150,0,3,30
150,0,4,2
150,1,4,2
150,2,4,2
150,3,4,2
150,4,4,2
150,5,4,2
150,6,4,2
150,7,4,2
150,7,4,31
151,7,0,2
151,7,1,2
151,6,1,2
151,5,1,2
151,4,1,2
151,3,1,2
151,2,1,2
151,1,1,2
151,1,1,68
151,1,2,2
151,1,3,2
151,1,4,2
151,1,4,77
151,2,4,2
151,3,4,2
151,4,4,2
151,5,4,2
151,6,4,2
151,7,4,2
151,7,4,32
152,7,0,2
152,6,0,2
152,5,0,2
152,5,1,2
152,4,1,2
152,3,1,2
152,3,1,69
152,2,1,2
152,2,2,2
152,1,2,2
152,1,3,2
152,1,4,2
152,0,4,2
152,0,5,2
152,0,6,2
152,0,7,2
152,0,8,2
152,0,8,82
152,1,8,2
152,1,7,2
152,1,6,2
152,2,6,2
152,3,6,2
152,3,5,2
152,3,4,2
152,4,4,2
152,5,4,2
152,6,4,2
152,7,4,2
152,7,4,56
153,7,0,2
153,7,1,2
153,7,2,2
153,6,2,2
153,6,3,2
153,5,3,2
153,5,4,2
153,5,5,2
153,5,6,2
153,5,7,2
153,4,7,2
153,4,8,2
153,3,8,2
153,2,8,2
153,1,8,2
153,0,8,2
153,0,8,63
153,1,8,2
153,2,8,2
153,2,7,2
153,2,6,2
153,2,5,2
153,2,4,2
153,2,3,2
153,2,2,2
153,2,1,2
153,2,0,2
153,2,0,63
153,3,0,2
153,3,1,2
153,3,2,2
153,3,3,2
153,4,3,2
153,4,4,2
153,5,4,2
153,6,4,2
153,7,4,2
153,7,4,59
154,7,0,2
154,7,1,2
154,7,2,2
154,7,3,2
154,7,4,2
154,7,5,2
154,6,5,2
154,5,5,2
154,4,5,2
154,3,5,2
154,2,5,2
154,2,5,51
154,3,5,2
154,3,6,2
154,4,6,2
154,4,7,2
154,4,8,2
154,5,8,2
154,6,8,2
154,6,8,80
154,5,8,2
154,5,7,2
154,5,6,2
154,5,5,2
154,5,4,2
154,5,3,2
154,5,2,2
154,5,1,2
154,5,1,63
154,5,2,2
154,6,2,2
154,6,2,85
154,6,3,2
154,6,4,2
154,6,5,2
154,6,5,89
154,7,5,2
154,7,4,2
154,7,4,97
155,7,0,2
155,7,1,2
155,6,1,2
155,6,2,2
155,5,2,2
155,4,2,2
155,3,2,2
155,3,3,2
155,3,4,2
155,2,4,2
155,2,5,2
155,2,6,2
155,2,7,2
155,2,7,56
155,2,8,2
155,1,8,2
155,1,9,2
155,0,9,2
155,0,9,38
155,1,9,2
155,2,9,2
155,3,9,2
155,3,8,2
155,3,7,2
155,3,6,2
155,3,5,2
155,3,5,50
155,3,4,2
155,3,3,2
155,3,2,2
155,4,2,2
155,5,2,2
155,6,2,2
155,6,1,2
155,6,0,2
155,6,0,83
155,7,0,2
155,7,1,2
155,7,2,2
155,7,3,2
155,7,4,2
155,7,4,83
156,7,0,2
156,7,1,2
156,6,1,2
156,5,1,2
156,5,2,2
156,4,2,2
156,3,2,2
156,2,2,2
156,2,2,20
156,1,2,2
156,1,3,2
156,1,4,2
156,1,4,61
156,1,5,2
156,1,6,2
156,1,7,2
156,1,7,29
156,2,7,2
156,3,7,2
156,3,6,2
156,3,5,2
156,4,5,2
156,4,4,2
156,5,4,2
156,6,4,2
156,7,4,2
156,7,4,30
157,7,0,2
157,6,0,2
157,5,0,2
157,5,1,2
157,4,1,2
157,4,2,2
157,4,3,2
157,4,4,2
157,4,5,2
157,4,6,2
157,3,6,2
157,2,6,2
157,2,7,2
157,1,7,2
157,1,8,2
157,1,9,2
157,1,9,69
157,2,9,2
157,3,9,2
157,3,8,2
157,4,8,2
157,5,8,2
157,6,8,2
157,6,7,2
157,6,6,2
157,6,5,2
157,6,4,2
157,6,3,2
157,6,2,2
157,6,1,2
157,6,0,2
157,6,0,45
157,5,0,2
157,5,1,2
157,4,1,2
157,4,2,2
157,4,3,2
157,4,3,21
157,5,3,2
157,5,4,2
157,6,4,2
157,7,4,2
157,7,4,88
158,7,0,2
158,7,1,2
158,6,1,2
158,5,1,2
158,5,2,2
158,5,3,2
158,5,4,2
158,5,5,2
158,4,5,2
158,3,5,2
158,2,5,2
158,1,5,2
158,1,5,39
158,2,5,2
158,3,5,2
158,4,5,2
158,5,5,2
158,5,4,2
158,6,4,2
158,7,4,2
158,7,4,38
159,7,0,2
159,6,0,2
159,5,0,2
159,4,0,2
159,3,0,2
159,2,0,2
159,1,0,2
159,0,0,2
159,0,0,42
159,0,1,2
159,1,1,2
159,2,1,2
159,3,1,2
159,4,1,2
159,5,1,2
159,5,2,2
159,6,2,2
159,6,3,2
159,6,3,56
159,7,3,2
159,7,4,2
159,7,4,116
160,7,0,2
160,6,0,2
160,5,0,2
160,4,0,2
160,4,0,62
160,4,1,2
160,5,1,2
160,5,2,2
160,5,3,2
160,6,3,2
160,7,3,2
160,7,4,2
160,7,4,88
161,7,0,2
161,7,1,2
161,6,1,2
161,5,1,2
161,4,1,2
161,3,1,2
161,2,1,2
161,2,1,24
161,1,1,2
161,1,2,2
161,1,3,2
161,1,4,2
161,1,4,67
161,1,3,2
161,1,2,2
161,1,1,2
161,1,1,73
161,2,1,2
161,2,2,2
161,2,3,2
161,3,3,2
161,4,3,2
161,4,4,2
161,5,4,2
161,6,4,2
161,7,4,2
161,7,4,38
162,7,0,2
162,6,0,2
162,6,1,2
162,5,1,2
162,5,2,2
162,5,3,2
162,5,4,2
162,5,5,2
162,5,6,2
162,5,6,79
162,5,5,2
162,5,4,2
162,5,3,2
162,4,3,2
162,3,3,2
162,2,3,2
162,1,3,2
162,1,3,25
162,1,4,2
162,2,4,2
162,3,4,2
162,4,4,2
162,5,4,2
162,6,4,2
162,7,4,2
162,7,4,78
163,7,0,2
163,6,0,2
163,5,0,2
163,4,0,2
163,3,0,2
163,3,1,2
163,3,2,2
163,3,3,2
163,3,4,2
163,2,4,2
163,2,4,88
163,2,3,2
163,3,3,2
163,4,3,2
163,4,2,2
163,5,2,2
163,6,2,2
163,6,2,42
163,7,2,2
163,7,3,2
163,7,4,2
163,7,4,36
164,7,0,2
164,7,1,2
164,6,1,2
164,6,2,2
164,6,3,2
164,6,4,2
164,6,5,2
164,6,6,2
164,6,6,64
164,5,6,2
164,4,6,2
164,3,6,2
164,2,6,2
164,1,6,2
164,0,6,2
164,0,5,2
164,0,5,79
164,0,4,2
164,1,4,2
164,2,4,2
164,3,4,2
164,4,4,2
164,5,4,2
164,6,4,2
164,7,4,2
164,7,4,116
165,7,0,2
165,6,0,2
165,5,0,2
165,5,1,2
165,5,2,2
165,4,2,2
165,3,2,2
165,2,2,2
165,2,3,2
165,1,3,2
165,0,3,2
165,0,3,35
165,0,2,2
165,1,2,2
165,1,1,2
165,1,0,2
165,2,0,2
165,2,0,27
165,2,1,2
165,3,1,2
165,3,2,2
165,4,2,2
165,4,3,2
165,4,4,2
165,4,5,2
165,4,6,2
165,4,7,2
165,4,7,25
165,5,7,2
165,6,7,2
165,6,6,2
165,6,5,2
165,6,4,2
165,6,3,2
165,6,2,2
165,6,2,39
165,6,1,2
165,5,1,2
165,4,1,2
165,3,1,2
165,2,1,2
165,1,1,2
165,1,1,39
165,2,1,2
165,3,1,2
165,4,1,2
165,4,2,2
165,4,3,2
165,5,3,2
165,5,4,2
165,6,4,2
165,7,4,2
165,7,4,60
166,7,0,2
166,6,0,2
166,6,0,75
166,6,1,2
166,7,1,2
166,7,2,2
166,7,3,2
166,7,4,2
166,7,4,106
167,7,0,2
167,6,0,2
167,6,1,2
167,6,2,2
167,6,3,2
167,6,4,2
167,6,5,2
167,6,6,2
167,6,7,2
167,6,8,2
167,6,8,26
167,7,8,2
167,7,7,2
167,7,6,2
167,7,5,2
167,7,4,2
167,7,4,72
168,7,0,2
168,7,1,2
168,6,1,2
168,6,2,2
168,5,2,2
168,4,2,2
168,4,3,2
168,3,3,2
168,3,4,2
168,2,4,2
168,1,4,2
168,1,5,2
168,1,6,2
168,1,7,2
168,1,8,2
168,1,9,2
168,1,9,48
168,2,9,2
168,2,8,2
168,2,7,2
168,2,6,2
168,3,6,2
168,4,6,2
168,4,5,2
168,5,5,2
168,5,4,2
168,5,3,2
168,5,3,21
168,4,3,2
168,3,3,2
168,2,3,2
168,1,3,2
168,1,2,2
168,1,1,2
168,0,1,2
168,0,0,2
168,0,0,84
168,1,0,2
168,2,0,2
168,2,1,2
168,2,2,2
168,3,2,2
168,3,3,2
168,4,3,2
168,4,4,2
168,5,4,2
168,6,4,2
168,7,4,2
168,7,4,47
169,7,0,2
169,7,1,2
169,6,1,2
169,5,1,2
169,4,1,2
169,4,2,2
169,4,3,2
169,4,3,86
169,3,3,2
169,2,3,2
169,2,2,2
169,2,1,2
169,2,0,2
169,2,0,72
169,3,0,2
169,3,1,2
169,3,2,2
169,3,3,2
169,3,4,2
169,4,4,2
169,5,4,2
169,6,4,2
169,7,4,2
169,7,4,54
170,7,0,2
170,6,0,2
170,6,1,2
170,6,1,33
170,5,1,2
170,4,1,2
170,3,1,2
170,3,2,2
170,3,3,2
170,3,4,2
170,3,5,2
170,3,6,2
170,3,7,2
170,3,8,2
170,3,8,73
170,3,7,2
170,2,7,2
170,1,7,2
170,1,7,77
170,1,6,2
170,2,6,2
170,2,5,2
170,2,4,2
170,3,4,2
170,4,4,2
170,5,4,2
170,6,4,2
170,7,4,2
170,7,4,48
171,7,0,2
171,7,1,2
171,7,2,2
171,6,2,2
171,5,2,2
171,4,2,2
171,3,2,2
171,3,3,2
171,3,4,2
171,3,5,2
171,2,5,2
171,2,6,2
171,2,7,2
171,1,7,2
171,1,7,39
171,2,7,2
171,3,7,2
171,4,7,2
171,5,7,2
171,5,6,2
171,6,6,2
171,6,5,2
171,6,4,2
171,6,3,2
171,6,2,2
171,6,2,77
171,7,2,2
171,7,3,2
171,7,4,2
171,7,4,54
172,7,0,2
172,6,0,2
172,6,1,2
172,6,2,2
172,6,3,2
172,6,4,2
172,6,5,2
172,6,6,2
172,6,7,2
172,6,7,68
172,5,7,2
172,5,6,2
172,5,5,2
172,4,5,2
172,4,4,2
172,4,3,2
172,3,3,2
172,3,2,2
172,3,2,61
172,3,3,2
172,3,3,34
172,2,3,2
172,1,3,2
172,1,2,2
172,1,1,2
172,0,1,2
172,0,1,69
172,1,1,2
172,1,2,2
172,1,3,2
172,1,4,2
172,1,5,2
172,1,5,60
172,2,5,2
172,3,5,2
172,3,4,2
172,4,4,2
172,5,4,2
172,6,4,2
172,7,4,2
172,7,4,91
173,7,0,2
173,7,1,2
173,6,1,2
173,5,1,2
173,5,2,2
173,5,3,2
173,5,4,2
173,4,4,2
173,3,4,2
173,3,5,2
173,3,5,38
173,3,4,2
173,3,3,2
173,3,2,2
173,4,2,2
173,4,1,2
173,5,1,2
173,6,1,2
173,6,1,81
173,6,2,2
173,6,3,2
173,6,3,28
173,7,3,2
173,7,4,2
173,7,4,111
174,7,0,2
174,6,0,2
174,5,0,2
174,4,0,2
174,3,0,2
174,2,0,2
174,1,0,2
174,1,0,81
174,2,0,2
174,3,0,2
174,3,1,2
174,4,1,2
174,4,2,2
174,4,3,2
174,4,4,2
174,4,5,2
174,4,6,2
174,4,7,2
174,4,7,43
174,4,6,2
174,4,5,2
174,5,5,2
174,5,4,2
174,6,4,2
174,7,4,2
174,7,4,88
175,7,0,2
175,6,0,2
175,5,0,2
175,4,0,2
175,4,0,23
175,3,0,2
175,2,0,2
175,1,0,2
175,1,0,76
175,2,0,2
175,2,1,2
175,3,1,2
175,3,2,2
175,4,2,2
175,5,2,2
175,5,3,2
175,6,3,2
175,6,4,2
175,6,5,2
175,6,5,25
175,7,5,2
175,7,4,2
175,7,4,62
176,7,0,2
176,6,0,2
176,6,1,2
176,6,2,2
176,5,2,2
176,4,2,2
176,3,2,2
176,2,2,2
176,1,2,2
176,0,2,2
176,0,2,48
176,1,2,2
176,1,3,2
176,1,4,2
176,1,5,2
176,1,6,2
176,1,7,2
176,1,8,2
176,1,9,2
176,1,9,73
176,1,8,2
176,2,8,2
176,3,8,2
176,4,8,2
176,5,8,2
176,6,8,2
176,6,8,73
176,5,8,2
176,4,8,2
176,3,8,2
176,3,7,2
176,2,7,2
176,2,6,2
176,1,6,2
176,0,6,2
176,0,5,2
176,0,4,2
176,0,3,2
176,0,2,2
176,0,1,2
176,0,0,2
176,0,0,43
176,1,0,2
176,1,1,2
176,2,1,2
176,3,1,2
176,4,1,2
176,5,1,2
176,5,2,2
176,6,2,2
176,6,3,2
176,6,4,2
176,7,4,2
176,7,4,106
177,7,0,2
177,7,1,2
177,6,1,2
177,5,1,2
177,5,2,2
177,4,2,2
177,4,3,2
177,3,3,2
177,3,4,2
177,3,5,2
177,2,5,2
177,1,5,2
177,0,5,2
177,0,5,57
177,0,4,2
177,0,3,2
177,1,3,2
177,1,2,2
177,1,1,2
177,1,1,50
177,2,1,2
177,3,1,2
177,3,2,2
177,4,2,2
177,4,3,2
177,4,4,2
177,5,4,2
177,6,4,2
177,7,4,2
177,7,4,58
178,7,0,2
178,7,1,2
178,6,1,2
178,6,2,2
178,5,2,2
178,4,2,2
178,4,3,2
178,3,3,2
178,2,3,2
178,1,3,2
178,1,3,36
178,2,3,2
178,2,4,2
178,2,5,2
178,2,6,2
178,3,6,2
178,3,7,2
178,3,8,2
178,3,8,77
178,2,8,2
178,1,8,2
178,1,7,2
178,1,6,2
178,1,5,2
178,1,4,2
178,1,3,2
178,1,2,2
178,1,1,2
178,1,0,2
178,1,0,31
178,1,1,2
178,2,1,2
178,2,2,2
178,2,2,55
178,2,3,2
178,3,3,2
178,4,3,2
178,5,3,2
178,5,4,2
178,6,4,2
178,7,4,2
178,7,4,83
179,7,0,2
179,7,1,2
179,6,1,2
179,6,2,2
179,5,2,2
179,4,2,2
179,4,3,2
179,3,3,2
179,2,3,2
179,2,3,48
179,2,2,2
179,2,1,2
179,1,1,2
179,0,1,2
179,0,1,45
179,1,1,2
179,2,1,2
179,3,1,2
179,4,1,2
179,4,1,65
179,5,1,2
179,5,1,80
179,6,1,2
179,7,1,2
179,7,2,2
179,7,3,2
179,7,4,2
179,7,4,108
180,7,0,2
180,6,0,2
180,6,1,2
180,6,2,2
180,5,2,2
180,4,2,2
180,3,2,2
180,2,2,2
180,1,2,2
180,1,2,85
180,1,3,2
180,1,4,2
180,2,4,2
180,3,4,2
180,3,5,2
180,4,5,2
180,5,5,2
180,5,5,23
180,6,5,2
180,7,5,2
180,7,4,2
180,7,4,41
181,7,0,2
181,6,0,2
181,6,1,2
181,6,2,2
181,6,3,2
181,5,3,2
181,5,4,2
181,4,4,2
181,4,5,2
181,4,6,2
181,3,6,2
181,2,6,2
181,1,6,2
181,0,6,2
181,0,6,74
181,1,6,2
181,1,7,2
181,1,8,2
181,1,9,2
181,1,9,23
181,2,9,2
181,3,9,2
181,4,9,2
181,4,8,2
181,4,7,2
181,4,6,2
181,4,5,2
181,4,4,2
181,4,3,2
181,4,3,44
181,4,4,2
181,5,4,2
181,6,4,2
181,7,4,2
181,7,4,30
182,7,0,2
182,6,0,2
182,6,1,2
182,6,2,2
182,6,2,81
182,6,3,2
182,6,4,2
182,5,4,2
182,4,4,2
182,3,4,2
182,2,4,2
182,1,4,2
182,1,5,2
182,0,5,2
182,0,5,88
182,1,5,2
182,2,5,2
182,2,4,2
182,3,4,2
182,4,4,2
182,5,4,2
182,6,4,2
182,7,4,2
182,7,4,77
183,7,0,2
183,6,0,2
183,5,0,2
183,4,0,2
183,3,0,2
183,2,0,2
183,1,0,2
183,0,0,2
183,0,0,81
183,1,0,2
183,2,0,2
183,3,0,2
183,4,0,2
183,5,0,2
183,5,0,51
183,5,1,2
183,4,1,2
183,4,2,2
183,4,3,2
183,4,4,2
183,4,4,72
183,5,4,2
183,6,4,2
183,7,4,2
183,7,4,105
184,7,0,2
184,6,0,2
184,5,0,2
184,4,0,2
184,3,0,2
184,2,0,2
184,2,1,2
184,1,1,2
184,1,2,2
184,1,3,2
184,1,4,2
184,1,5,2
184,1,6,2
184,1,7,2
184,1,7,50
184,0,7,2
184,0,6,2
184,0,5,2
184,0,4,2
184,0,3,2
184,0,2,2
184,0,2,85
184,0,3,2
184,0,4,2
184,0,4,44
184,0,5,2
184,0,6,2
184,1,6,2
184,2,6,2
184,2,7,2
184,2,7,73
184,3,7,2
184,3,6,2
184,3,5,2
184,3,4,2
184,3,3,2
184,3,2,2
184,3,2,47
184,3,3,2
184,2,3,2
184,2,4,2
184,2,4,88
184,3,4,2
184,4,4,2
184,5,4,2
184,6,4,2
184,7,4,2
184,7,4,56
185,7,0,2
185,7,1,2
185,6,1,2
185,5,1,2
185,4,1,2
185,3,1,2
185,2,1,2
185,1,1,2
185,0,1,2
185,0,1,72
185,1,1,2
185,1,2,2
185,1,3,2
185,1,4,2
185,1,5,2
185,1,6,2
185,1,7,2
185,1,8,2
185,1,8,49
185,1,7,2
185,2,7,2
185,2,6,2
185,3,6,2
185,4,6,2
185,5,6,2
185,5,5,2
185,5,4,2
185,5,3,2
185,5,3,65
185,4,3,2
185,4,2,2
185,4,1,2
185,3,1,2
185,2,1,2
185,2,1,84
185,2,2,2
185,3,2,2
185,3,3,2
185,3,4,2
185,4,4,2
185,5,4,2
185,6,4,2
185,7,4,2
185,7,4,113
186,7,0,2
186,6,0,2
186,6,1,2
186,5,1,2
186,4,1,2
186,4,2,2
186,4,3,2
186,4,4,2
186,4,5,2
186,4,6,2
186,3,6,2
186,3,7,2
186,3,8,2
186,3,8,42
186,3,7,2
186,3,6,2
186,3,5,2
186,2,5,2
186,1,5,2
186,1,4,2
186,1,3,2
186,0,3,2
186,0,2,2
186,0,1,2
186,0,1,87
186,1,1,2
186,2,1,2
186,3,1,2
186,3,2,2
186,4,2,2
186,4,3,2
186,4,4,2
186,4,5,2
186,4,6,2
186,4,7,2
186,4,7,29
186,4,6,2
186,5,6,2
186,6,6,2
186,7,6,2
186,7,5,2
186,7,4,2
186,7,4,65
187,7,0,2
187,6,0,2
187,5,0,2
187,4,0,2
187,4,1,2
187,4,2,2
187,4,3,2
187,4,4,2
187,3,4,2
187,2,4,2
187,1,4,2
187,1,5,2
187,1,6,2
187,0,6,2
187,0,7,2
187,0,7,71
187,0,6,2
187,0,5,2
187,1,5,2
187,1,4,2
187,1,3,2
187,1,2,2
187,2,2,2
187,3,2,2
187,4,2,2
187,5,2,2
187,6,2,2
187,6,2,70
187,6,1,2
187,6,0,2
187,5,0,2
187,5,0,83
187,6,0,2
187,6,1,2
187,6,2,2
187,7,2,2
187,7,3,2
187,7,4,2
187,7,4,106
188,7,0,2
188,6,0,2
188,6,1,2
188,6,2,2
188,6,3,2
188,5,3,2
188,5,4,2
188,4,4,2
188,4,5,2
188,4,6,2
188,4,7,2
188,4,7,61
188,4,6,2
188,4,5,2
188,5,5,2
188,6,5,2
188,6,4,2
188,7,4,2
188,7,4,104
189,7,0,2
189,6,0,2
189,5,0,2
189,5,1,2
189,4,1,2
189,4,2,2
189,3,2,2
189,2,2,2
189,1,2,2
189,1,3,2
189,1,4,2
189,1,4,28
189,1,3,2
189,1,2,2
189,1,1,2
189,1,0,2
189,1,0,55
189,2,0,2
189,2,1,2
189,3,1,2
189,3,2,2
189,4,2,2
189,5,2,2
189,5,3,2
189,6,3,2
189,7,3,2
189,7,4,2
189,7,4,61
190,7,0,2
190,7,1,2
190,7,2,2
190,7,3,2
190,6,3,2
190,5,3,2
190,5,4,2
190,5,5,2
190,5,5,76
190,4,5,2
190,3,5,2
190,2,5,2
190,1,5,2
190,1,5,45
190,1,4,2
190,2,4,2
190,3,4,2
190,4,4,2
190,5,4,2
190,6,4,2
190,7,4,2
190,7,4,95
191,7,0,2
191,7,1,2
191,6,1,2
191,5,1,2
191,4,1,2
191,3,1,2
191,2,1,2
191,1,1,2
191,0,1,2
191,0,1,44
191,0,2,2
191,0,3,2
191,0,4,2
191,0,5,2
191,0,6,2
191,0,6,20
191,1,6,2
191,1,5,2
191,1,4,2
191,1,3,2
191,1,3,72
191,1,4,2
191,2,4,2
191,3,4,2
191,4,4,2
191,5,4,2
191,6,4,2
191,7,4,2
191,7,4,45
192,7,0,2
192,7,1,2
192,6,1,2
192,6,2,2
192,5,2,2
192,5,3,2
192,4,3,2
192,4,4,2
192,3,4,2
192,2,4,2
192,1,4,2
192,0,4,2
192,0,4,23
192,1,4,2
192,1,5,2
192,1,6,2
192,2,6,2
192,3,6,2
192,4,6,2
192,4,7,2
192,4,7,85
192,4,6,2
192,4,5,2
192,3,5,2
192,2,5,2
192,2,4,2
192,2,3,2
192,2,2,2
192,2,2,64
192,2,1,2
192,3,1,2
192,4,1,2
192,4,0,2
192,5,0,2
192,5,0,44
192,4,0,2
192,3,0,2
192,2,0,2
192,1,0,2
192,1,1,2
192,1,2,2
192,1,3,2
192,1,4,2
192,1,5,2
192,1,6,2
192,1,7,2
192,1,8,2
192,1,8,64
192,1,7,2
192,1,6,2
192,2,6,2
192,3,6,2
192,4,6,2
192,4,5,2
192,4,4,2
192,5,4,2
192,6,4,2
192,7,4,2
192,7,4,75
193,7,0,2
193,6,0,2
193,5,0,2
193,5,1,2
193,4,1,2
193,3,1,2
193,2,1,2
193,1,1,2
193,0,1,2
193,0,1,23
193,1,1,2
193,2,1,2
193,2,2,2
193,2,3,2
193,2,4,2
193,2,5,2
193,2,6,2
193,2,7,2
193,2,8,2
193,2,8,29
193,3,8,2
193,3,7,2
193,3,6,2
193,4,6,2
193,4,5,2
193,4,4,2
193,5,4,2
193,5,3,2
193,5,3,35
193,4,3,2
193,4,4,2
193,4,5,2
193,4,6,2
193,4,7,2
193,4,8,2
193,3,8,2
193,3,9,2
193,2,9,2
193,2,9,69
193,3,9,2
193,4,9,2
193,5,9,2
193,6,9,2
193,7,9,2
193,7,8,2
193,7,7,2
193,7,6,2
193,7,5,2
193,7,4,2
193,7,4,85
194,7,0,2
194,7,1,2
194,6,1,2
194,5,1,2
194,4,1,2
194,3,1,2
194,2,1,2
194,2,1,72
194,2,2,2
194,2,3,2
194,2,4,2
194,2,5,2
194,2,5,80
194,2,4,2
194,3,4,2
194,4,4,2
194,5,4,2
194,6,4,2
194,7,4,2
194,7,4,44
195,7,0,2
195,6,0,2
195,5,0,2
195,4,0,2
195,3,0,2
195,3,0,68
195,3,1,2
195,3,2,2
195,3,3,2
195,3,4,2
195,2,4,2
195,1,4,2
195,1,5,2
195,1,5,42
195,1,4,2
195,1,3,2
195,0,3,2
195,0,2,2
195,0,1,2
195,0,1,49
195,0,2,2
195,0,3,2
195,1,3,2
195,1,4,2
195,2,4,2
195,3,4,2
195,4,4,2
195,5,4,2
195,6,4,2
195,7,4,2
195,7,4,75
196,7,0,2
196,6,0,2
196,6,1,2
196,5,1,2
196,5,2,2
196,5,3,2
196,4,3,2
196,3,3,2
196,3,4,2
196,3,5,2
196,2,5,2
196,2,6,2
196,2,7,2
196,2,8,2
196,2,8,69
196,2,7,2
196,2,6,2
196,1,6,2
196,1,5,2
196,0,5,2
196,0,5,41
196,0,4,2
196,1,4,2
196,2,4,2
196,3,4,2
196,4,4,2
196,5,4,2
196,6,4,2
196,7,4,2
196,7,4,37
197,7,0,2
197,6,0,2
197,6,1,2
197,5,1,2
197,4,1,2
197,3,1,2
197,2,1,2
197,2,1,59
197,2,0,2
197,1,0,2
197,0,0,2
197,0,0,46
197,1,0,2
197,2,0,2
197,3,0,2
197,3,1,2
197,4,1,2
197,4,2,2
197,5,2,2
197,6,2,2
197,6,3,2
197,6,3,60
197,6,2,2
197,5,2,2
197,5,1,2
197,5,0,2
197,5,0,83
197,6,0,2
197,7,0,2
197,7,1,2
197,7,2,2
197,7,3,2
197,7,4,2
197,7,4,56
198,7,0,2
198,6,0,2
198,5,0,2
198,4,0,2
198,3,0,2
198,2,0,2
198,1,0,2
198,1,0,45
198,1,1,2
198,0,1,2
198,0,2,2
198,0,3,2
198,0,4,2
198,0,5,2
198,0,5,56
198,0,4,2
198,1,4,2
198,2,4,2
198,3,4,2
198,4,4,2
198,5,4,2
198,6,4,2
198,7,4,2
198,7,4,64
199,7,0,2
199,6,0,2
199,6,1,2
199,6,2,2
199,6,3,2
199,5,3,2
199,4,3,2
199,4,4,2
199,4,5,2
199,3,5,2
199,3,6,2
199,3,7,2
199,3,8,2
199,3,8,44
199,4,8,2
199,4,7,2
199,4,6,2
199,4,5,2
199,4,4,2
199,4,3,2
199,4,2,2
199,4,1,2
199,4,0,2
199,4,0,87
199,5,0,2
199,5,0,26
199,5,1,2
199,6,1,2
199,6,2,2
199,6,3,2
199,6,4,2
199,7,4,2
199,7,4,67
200,7,0,2
200,7,1,2
200,7,2,2
200,7,3,2
200,6,3,2
200,6,4,2
200,6,5,2
200,6,5,82
200,5,5,2
200,5,6,2
200,4,6,2
200,3,6,2
200,3,6,40
200,4,6,2
200,4,7,2
200,4,8,2
200,4,9,2
200,5,9,2
200,5,9,82
200,5,8,2
200,5,7,2
200,5,6,2
200,5,5,2
200,5,4,2
200,4,4,2
200,3,4,2
200,3,3,2
200,2,3,2
200,1,3,2
200,0,3,2
200,0,3,46
200,0,4,2
200,1,4,2
200,2,4,2
200,3,4,2
200,4,4,2
200,5,4,2
200,6,4,2
200,7,4,2
200,7,4,50
201,7,0,2
201,7,1,2
201,6,1,2
201,5,1,2
201,4,1,2
201,3,1,2
201,2,1,2
201,2,1,83
201,3,1,2
201,4,1,2
201,4,2,2
201,5,2,2
201,5,2,52
201,5,1,2
201,4,1,2
201,3,1,2
201,2,1,2
201,1,1,2
201,1,1,72
201,1,2,2
201,2,2,2
201,3,2,2
201,3,3,2
201,3,4,2
201,3,5,2
201,4,5,2
201,4,6,2
201,5,6,2
201,6,6,2
201,6,6,36
201,7,6,2
201,7,5,2
201,7,4,2
201,7,4,41
202,7,0,2
202,7,1,2
202,7,2,2
202,7,3,2
202,7,4,2
202,6,4,2
202,5,4,2
202,4,4,2
202,3,4,2
202,2,4,2
202,2,4,27
202,1,4,2
202,1,3,2
202,1,2,2
202,1,1,2
202,1,0,2
202,1,0,47
202,1,1,2
202,1,2,2
202,1,3,2
202,1,4,2
202,2,4,2
202,3,4,2
202,4,4,2
202,5,4,2
202,6,4,2
202,7,4,2
202,7,4,109
203,7,0,2
203,6,0,2
203,5,0,2
203,4,0,2
203,4,1,2
203,4,2,2
203,4,3,2
203,3,3,2
203,2,3,2
203,1,3,2
203,1,4,2
203,0,4,2
203,0,5,2
203,0,6,2
203,0,7,2
203,0,8,2
203,0,9,2
203,0,9,41
203,0,8,2
203,1,8,2
203,1,7,2
203,1,6,2
203,1,5,2
203,1,5,75
203,1,4,2
203,2,4,2
203,3,4,2
203,4,4,2
203,5,4,2
203,6,4,2
203,7,4,2
203,7,4,85
204,7,0,2
204,6,0,2
204,5,0,2
204,4,0,2
204,3,0,2
204,2,0,2
204,1,0,2
204,0,0,2
204,0,0,52
204,1,0,2
204,2,0,2
204,2,1,2
204,2,2,2
204,3,2,2
204,4,2,2
204,5,2,2
204,6,2,2
204,6,2,85
204,7,2,2
204,7,3,2
204,7,4,2
204,7,4,116
205,7,0,2
205,7,1,2
205,6,1,2
205,6,2,2
205,5,2,2
205,4,2,2
205,3,2,2
205,3,2,52
205,4,2,2
205,4,3,2
205,5,3,2
205,5,4,2
205,5,5,2
205,5,6,2
205,5,7,2
205,5,8,2
205,5,9,2
205,5,9,60
205,4,9,2
205,3,9,2
205,3,8,2
205,2,8,2
205,2,7,2
205,1,7,2
205,0,7,2
205,0,6,2
205,0,5,2
205,0,4,2
205,0,3,2
205,0,2,2
205,0,1,2
205,0,0,2
205,0,0,35
205,0,1,2
205,1,1,2
205,2,1,2
205,3,1,2
205,4,1,2
205,4,2,2
205,5,2,2
205,5,3,2
205,5,4,2
205,6,4,2
205,7,4,2
205,7,4,50
206,7,0,2
206,7,1,2
206,6,1,2
206,6,2,2
206,6,3,2
206,6,4,2
206,5,4,2
206,5,5,2
206,5,6,2
206,5,7,2
206,5,8,2
206,5,9,2
206,5,9,29
206,6,9,2
206,6,8,2
206,6,7,2
206,6,6,2
206,6,5,2
206,6,4,2
206,6,3,2
206,6,2,2
206,6,2,87
206,5,2,2
206,5,3,2
206,4,3,2
206,3,3,2
206,2,3,2
206,1,3,2
206,1,3,39
206,1,4,2
206,2,4,2
206,3,4,2
206,4,4,2
206,5,4,2
206,6,4,2
206,7,4,2
206,7,4,101
207,7,0,2
207,6,0,2
207,6,1,2
207,5,1,2
207,4,1,2
207,3,1,2
207,2,1,2
207,1,1,2
207,1,1,64
207,2,1,2
207,2,2,2
207,2,3,2
207,2,4,2
207,2,5,2
207,2,6,2
207,2,7,2
207,2,8,2
207,2,8,26
207,1,8,2
207,0,8,2
207,0,7,2
207,0,6,2
207,0,5,2
207,0,4,2
207,0,3,2
207,0,3,64
207,0,4,2
207,1,4,2
207,2,4,2
207,3,4,2
207,4,4,2
207,5,4,2
207,6,4,2
207,7,4,2
207,7,4,89
208,7,0,2
208,6,0,2
208,5,0,2
208,4,0,2
208,4,1,2
208,4,2,2
208,3,2,2
208,3,3,2
208,2,3,2
208,1,3,2
208,0,3,2
208,0,4,2
208,0,5,2
208,0,6,2
208,0,7,2
208,0,7,51
208,0,6,2
208,1,6,2
208,1,5,2
208,2,5,2
208,2,4,2
208,2,3,2
208,2,2,2
208,2,1,2
208,2,1,41
208,1,1,2
208,1,2,2
208,1,3,2
208,1,4,2
208,1,5,2
208,1,5,75
208,1,4,2
208,2,4,2
208,3,4,2
208,4,4,2
208,5,4,2
208,6,4,2
208,7,4,2
208,7,4,72
209,7,0,2
209,7,1,2
209,6,1,2
209,5,1,2
209,4,1,2
209,4,2,2
209,3,2,2
209,2,2,2
209,2,3,2
209,2,4,2
209,2,5,2
209,1,5,2
209,1,5,43
209,1,6,2
209,1,7,2
209,1,8,2
209,0,8,2
209,0,8,46
209,1,8,2
209,2,8,2
209,2,7,2
209,3,7,2
209,4,7,2
209,5,7,2
209,5,6,2
209,5,5,2
209,5,4,2
209,6,4,2
209,7,4,2
209,7,4,38
210,7,0,2
210,7,1,2
210,6,1,2
210,6,2,2
210,5,2,2
210,4,2,2
210,3,2,2
210,2,2,2
210,1,2,2
210,1,2,88
210,2,2,2
210,2,1,2
210,2,0,2
210,2,0,80
210,2,1,2
210,2,2,2
210,2,3,2
210,2,4,2
210,2,5,2
210,2,6,2
210,2,7,2
210,2,8,2
210,2,9,2
210,2,9,84
210,3,9,2
210,3,8,2
210,3,7,2
210,3,7,45
210,4,7,2
210,4,6,2
210,4,5,2
210,4,4,2
210,5,4,2
210,6,4,2
210,7,4,2
210,7,4,45
211,7,0,2
211,6,0,2
211,6,1,2
211,6,2,2
211,6,3,2
211,6,4,2
211,6,5,2
211,6,5,26
211,6,4,2
211,6,3,2
211,5,3,2
211,4,3,2
211,3,3,2
211,2,3,2
211,2,2,2
211,2,1,2
211,2,0,2
211,1,0,2
211,1,0,50
211,2,0,2
211,3,0,2
211,4,0,2
211,5,0,2
211,5,1,2
211,6,1,2
211,7,1,2
211,7,2,2
211,7,3,2
211,7,4,2
211,7,4,32
212,7,0,2
212,6,0,2
212,5,0,2
212,4,0,2
212,3,0,2
212,2,0,2
212,1,0,2
212,0,0,2
212,0,0,79
212,0,1,2
212,0,2,2
212,0,3,2
212,0,4,2
212,0,5,2
212,0,6,2
212,0,7,2
212,0,7,22
212,1,7,2
212,1,6,2
212,2,6,2
212,3,6,2
212,4,6,2
212,4,5,2
212,5,5,2
212,6,5,2
212,6,4,2
212,6,3,2
212,6,2,2
212,6,2,25
212,5,2,2
212,4,2,2
212,3,2,2
212,2,2,2
212,1,2,2
212,0,2,2
212,0,2,62
212,1,2,2
212,2,2,2
212,2,3,2
212,2,4,2
212,3,4,2
212,4,4,2
212,5,4,2
212,6,4,2
212,7,4,2
212,7,4,64
213,7,0,2
213,6,0,2
213,6,1,2
213,6,1,62
213,6,2,2
213,5,2,2
213,5,3,2
213,5,4,2
213,5,5,2
213,5,6,2
213,5,6,38
213,6,6,2
213,7,6,2
213,7,5,2
213,7,4,2
213,7,4,77
214,7,0,2
214,6,0,2
214,6,1,2
214,6,2,2
214,5,2,2
214,4,2,2
214,3,2,2
214,3,3,2
214,2,3,2
214,2,3,28
214,3,3,2
214,4,3,2
214,4,2,2
214,4,1,2
214,4,0,2
214,4,0,32
214,4,1,2
214,3,1,2
214,2,1,2
214,1,1,2
214,1,1,26
214,1,0,2
214,2,0,2
214,3,0,2
214,4,0,2
214,5,0,2
214,6,0,2
214,6,0,65
214,6,1,2
214,6,2,2
214,6,3,2
214,6,4,2
214,7,4,2
214,7,4,47
215,7,0,2
215,6,0,2
215,5,0,2
215,4,0,2
215,3,0,2
215,2,0,2
215,1,0,2
215,0,0,2
215,0,0,59
215,1,0,2
215,2,0,2
215,3,0,2
215,4,0,2
215,4,0,65
215,5,0,2
215,5,0,52
215,5,1,2
215,4,1,2
215,3,1,2
215,2,1,2
215,1,1,2
215,1,2,2
215,1,3,2
215,0,3,2
215,0,4,2
215,0,5,2
215,0,6,2
215,0,7,2
215,0,8,2
215,0,8,68
215,1,8,2
215,2,8,2
215,2,7,2
215,2,6,2
215,2,5,2
215,3,5,2
215,3,4,2
215,4,4,2
215,5,4,2
215,6,4,2
215,7,4,2
215,7,4,31
216,7,0,2
216,6,0,2
216,6,1,2
216,5,1,2
216,4,1,2
216,3,1,2
216,3,1,30
216,3,2,2
216,4,2,2
216,5,2,2
216,5,3,2
216,5,4,2
216,5,5,2
216,5,6,2
216,5,6,54
216,4,6,2
216,3,6,2
216,3,5,2
216,2,5,2
216,2,4,2
216,1,4,2
216,1,3,2
216,0,3,2
216,0,2,2
216,0,1,2
216,0,1,47
216,0,2,2
216,1,2,2
216,2,2,2
216,3,2,2
216,4,2,2
216,5,2,2
216,6,2,2
216,6,2,57
216,7,2,2
216,7,3,2
216,7,4,2
216,7,4,66
217,7,0,2
217,7,1,2
217,6,1,2
217,5,1,2
217,4,1,2
217,3,1,2
217,2,1,2
217,1,1,2
217,1,1,54
217,1,2,2
217,1,2,44
217,1,3,2
217,1,4,2
217,1,5,2
217,1,6,2
217,2,6,2
217,2,7,2
217,2,8,2
217,2,9,2
217,2,9,49
217,2,8,2
217,3,8,2
217,4,8,2
217,4,7,2
217,4,6,2
217,4,5,2
217,5,5,2
217,5,4,2
217,6,4,2
217,7,4,2
217,7,4,46
218,7,0,2
218,6,0,2
218,5,0,2
218,4,0,2
218,3,0,2
218,3,0,29
218,2,0,2
218,2,1,2
218,1,1,2
218,1,2,2
218,1,3,2
218,1,4,2
218,1,4,69
218,2,4,2
218,3,4,2
218,4,4,2
218,5,4,2
218,6,4,2
218,7,4,2
218,7,4,72
219,7,0,2
219,7,1,2
219,6,1,2
219,5,1,2
219,4,1,2
219,4,2,2
219,3,2,2
219,2,2,2
219,1,2,2
219,0,2,2
219,0,2,33
219,0,1,2
219,1,1,2
219,1,0,2
219,1,0,46
219,1,1,2
219,2,1,2
219,3,1,2
219,4,1,2
219,4,1,79
219,5,1,2
219,5,2,2
219,5,3,2
219,5,4,2
219,6,4,2
219,6,4,73
219,7,4,2
219,7,4,55
220,7,0,2
220,7,1,2
220,7,2,2
220,6,2,2
220,6,3,2
220,6,4,2
220,6,5,2
220,6,6,2
220,6,7,2
220,6,7,30
220,6,6,2
220,6,5,2
220,5,5,2
220,5,4,2
220,4,4,2
220,3,4,2
220,3,3,2
220,2,3,2
220,2,2,2
220,2,1,2
220,2,0,2
220,2,0,55
220,2,1,2
220,1,1,2
220,0,1,2
220,0,1,32
220,1,1,2
220,2,1,2
220,3,1,2
220,3,2,2
220,3,3,2
220,4,3,2
220,4,4,2
220,5,4,2
220,6,4,2
220,7,4,2
220,7,4,108
221,7,0,2
221,7,1,2
221,6,1,2
221,5,1,2
221,5,1,64
221,5,2,2
221,5,3,2
221,5,4,2
221,5,5,2
221,4,5,2
221,3,5,2
221,2,5,2
221,1,5,2
221,1,5,54
221,2,5,2
221,3,5,2
221,4,5,2
221,4,4,2
221,5,4,2
221,6,4,2
221,7,4,2
221,7,4,39
222,7,0,2
222,7,1,2
222,7,2,2
222,6,2,2
222,5,2,2
222,4,2,2
222,4,2,39
222,4,3,2
222,3,3,2
222,2,3,2
222,1,3,2
222,1,4,2
222,0,4,2
222,0,4,37
222,0,5,2
222,0,6,2
222,0,7,2
222,0,8,2
222,1,8,2
222,1,8,62
222,2,8,2
222,3,8,2
222,3,7,2
222,4,7,2
222,5,7,2
222,5,6,2
222,6,6,2
222,7,6,2
222,7,5,2
222,7,4,2
222,7,4,45
223,7,0,2
223,7,1,2
223,7,2,2
223,6,2,2
223,6,3,2
223,5,3,2
223,4,3,2
223,4,4,2
223,3,4,2
223,3,5,2
223,3,6,2
223,2,6,2
223,2,7,2
223,2,7,33
223,2,6,2
223,2,5,2
223,3,5,2
223,3,4,2
223,3,3,2
223,3,3,34
223,3,4,2
223,4,4,2
223,5,4,2
223,6,4,2
223,6,5,2
223,6,5,66
223,7,5,2
223,7,4,2
223,7,4,113
224,7,0,2
224,6,0,2
224,6,1,2
224,6,2,2
224,6,3,2
224,5,3,2
224,4,3,2
224,3,3,2
224,2,3,2
224,1,3,2
224,0,3,2
224,0,3,60
224,0,2,2
224,0,1,2
224,0,0,2
224,0,0,30
224,1,0,2
224,1,1,2
224,1,2,2
224,2,2,2
224,3,2,2
224,4,2,2
224,5,2,2
224,5,3,2
224,5,4,2
224,6,4,2
224,7,4,2
224,7,4,96
225,7,0,2
225,7,1,2
225,7,2,2
225,7,3,2
225,6,3,2
225,6,4,2
225,6,5,2
225,6,6,2
225,5,6,2
225,4,6,2
225,4,7,2
225,3,7,2
225,2,7,2
225,1,7,2
225,1,8,2
225,1,8,37
225,2,8,2
225,2,7,2
225,2,6,2
225,2,5,2
225,2,4,2
225,3,4,2
225,4,4,2
225,5,4,2
225,6,4,2
225,7,4,2
225,7,4,111
226,7,0,2
226,6,0,2
226,5,0,2
226,5,1,2
226,5,2,2
226,4,2,2
226,4,3,2
226,4,4,2
226,3,4,2
226,2,4,2
226,1,4,2
226,1,4,84
226,2,4,2
226,3,4,2
226,4,4,2
226,4,4,82
226,4,5,2
226,5,5,2
226,5,5,82
226,6,5,2
226,7,5,2
226,7,4,2
226,7,4,81
227,7,0,2
227,6,0,2
227,5,0,2
227,4,0,2
227,3,0,2
227,2,0,2
227,2,0,83
227,2,1,2
227,1,1,2
227,0,1,2
227,0,2,2
227,0,3,2
227,0,4,2
227,0,5,2
227,0,5,20
227,1,5,2
227,1,4,2
227,2,4,2
227,3,4,2
227,4,4,2
227,5,4,2
227,6,4,2
227,7,4,2
227,7,4,76
228,7,0,2
228,7,1,2
228,6,1,2
228,6,2,2
228,5,2,2
228,5,3,2
228,5,4,2
228,4,4,2
228,4,5,2
228,3,5,2
228,3,6,2
228,2,6,2
228,1,6,2
228,0,6,2
228,0,7,2
228,0,7,84
228,0,6,2
228,1,6,2
228,2,6,2
228,3,6,2
228,4,6,2
228,4,5,2
228,5,5,2
228,5,4,2
228,5,3,2
228,5,2,2
228,6,2,2
228,6,2,30
228,6,1,2
228,6,0,2
228,6,0,82
228,6,1,2
228,6,2,2
228,6,3,2
228,7,3,2
228,7,4,2
228,7,4,50
229,7,0,2
229,6,0,2
229,5,0,2
229,5,1,2
229,5,2,2
229,5,3,2
229,5,4,2
229,5,5,2
229,5,6,2
229,5,7,2
229,5,8,2
229,5,8,22
229,5,7,2
229,6,7,2
229,6,6,2
229,7,6,2
229,7,5,2
229,7,4,2
229,7,4,117
230,7,0,2
230,7,1,2
230,6,1,2
230,6,2,2
230,5,2,2
230,4,2,2
230,3,2,2
230,3,3,2
230,3,4,2
230,3,4,31
230,3,3,2
230,3,2,2
230,3,1,2
230,3,0,2
230,3,0,37
230,3,1,2
230,4,1,2
230,4,2,2
230,4,3,2
230,4,4,2
230,4,5,2
230,4,6,2
230,4,7,2
230,4,7,27
230,4,6,2
230,5,6,2
230,6,6,2
230,6,5,2
230,7,5,2
230,7,4,2
230,7,4,52
231,7,0,2
231,7,1,2
231,6,1,2
231,5,1,2
231,5,2,2
231,5,3,2
231,4,3,2
231,3,3,2
231,3,4,2
231,2,4,2
231,1,4,2
231,1,5,2
231,1,5,71
231,2,5,2
231,3,5,2
231,3,4,2
231,3,3,2
231,3,2,2
231,3,2,85
231,3,3,2
231,4,3,2
231,5,3,2
231,5,3,60
231,5,4,2
231,6,4,2
231,7,4,2
231,7,4,119
232,7,0,2
232,6,0,2
232,6,1,2
232,6,2,2
232,5,2,2
232,5,2,79
232,6,2,2
232,6,3,2
232,7,3,2
232,7,4,2
232,7,4,52
233,7,0,2
233,7,1,2
233,7,2,2
233,6,2,2
233,5,2,2
233,5,3,2
233,5,4,2
233,5,5,2
233,4,5,2
233,3,5,2
233,2,5,2
233,2,6,2
233,1,6,2
233,0,6,2
233,0,6,82
233,1,6,2
233,2,6,2
233,3,6,2
233,3,6,51
233,4,6,2
233,5,6,2
233,5,5,2
233,5,4,2
233,6,4,2
233,7,4,2
233,7,4,112
234,7,0,2
234,7,1,2
234,6,1,2
234,6,2,2
234,6,3,2
234,6,4,2
234,5,4,2
234,4,4,2
234,3,4,2
234,2,4,2
234,2,4,63
234,2,3,2
234,3,3,2
234,3,2,2
234,3,2,78
234,2,2,2
234,1,2,2
234,1,2,47
234,2,2,2
234,3,2,2
234,4,2,2
234,5,2,2
234,5,3,2
234,5,4,2
234,6,4,2
234,7,4,2
234,7,4,67
235,7,0,2
235,7,1,2
235,6,1,2
235,5,1,2
235,4,1,2
235,3,1,2
235,2,1,2
235,2,2,2
235,2,3,2
235,1,3,2
235,1,4,2
235,1,5,2
235,1,6,2
235,1,7,2
235,1,8,2
235,1,8,27
235,2,8,2
235,2,7,2
235,2,6,2
235,3,6,2
235,4,6,2
235,4,5,2
235,4,5,45
235,5,5,2
235,6,5,2
235,7,5,2
235,7,4,2
235,7,4,101
236,7,0,2
236,7,1,2
236,6,1,2
236,5,1,2
236,4,1,2
236,3,1,2
236,2,1,2
236,1,1,2
236,0,1,2
236,0,1,82
236,0,2,2
236,1,2,2
236,2,2,2
236,2,3,2
236,3,3,2
236,3,4,2
236,4,4,2
236,5,4,2
236,6,4,2
236,7,4,2
236,7,4,71
237,7,0,2
237,6,0,2
237,6,1,2
237,6,2,2
237,6,3,2
237,6,4,2
237,6,5,2
237,6,6,2
237,6,6,75
237,6,5,2
237,6,4,2
237,6,3,2
237,6,2,2
237,5,2,2
237,5,1,2
237,4,1,2
237,3,1,2
237,2,1,2
237,1,1,2
237,0,1,2
237,0,1,86
237,0,2,2
237,1,2,2
237,2,2,2
237,2,3,2
237,2,4,2
237,3,4,2
237,4,4,2
237,5,4,2
237,6,4,2
237,7,4,2
237,7,4,44
238,7,0,2
238,6,0,2
238,5,0,2
238,5,1,2
238,5,2,2
238,5,3,2
238,5,4,2
238,5,5,2
238,5,6,2
238,5,7,2
238,5,8,2
238,5,9,2
238,5,9,64
238,5,8,2
238,4,8,2
238,3,8,2
238,2,8,2
238,1,8,2
238,1,8,66
238,1,7,2
238,1,6,2
238,2,6,2
238,2,5,2
238,2,4,2
238,2,3,2
238,3,3,2
238,3,2,2
238,3,1,2
238,3,0,2
238,3,0,22
238,4,0,2
238,4,1,2
238,5,1,2
238,6,1,2
238,7,1,2
238,7,2,2
238,7,3,2
238,7,4,2
238,7,4,51
239,7,0,2
239,6,0,2
239,6,1,2
239,6,2,2
239,5,2,2
239,5,3,2
239,4,3,2
239,3,3,2
239,3,4,2
239,3,5,2
239,3,6,2
239,3,7,2
239,3,8,2
239,3,9,2
239,3,9,49
239,4,9,2
239,4,8,2
239,4,7,2
239,4,6,2
239,4,5,2
239,4,4,2
239,4,4,36
239,5,4,2
239,6,4,2
239,7,4,2
239,7,4,49
240,7,0,2
240,7,1,2
240,7,2,2
240,6,2,2
240,5,2,2
240,4,2,2
240,4,3,2
240,3,3,2
240,2,3,2
240,1,3,2
240,1,3,85
240,1,4,2
240,2,4,2
240,3,4,2
240,3,5,2
240,3,6,2
240,3,7,2
240,3,8,2
240,3,9,2
240,3,9,81
240,3,8,2
240,3,7,2
240,3,6,2
240,2,6,2
240,1,6,2
240,1,5,2
240,1,4,2
240,1,3,2
240,1,2,2
240,1,1,2
240,1,0,2
240,1,0,75
240,1,1,2
240,2,1,2
240,3,1,2
240,4,1,2
240,5,1,2
240,6,1,2
240,6,2,2
240,7,2,2
240,7,3,2
240,7,4,2
240,7,4,84
241,7,0,2
241,7,1,2
241,6,1,2
241,6,2,2
241,6,3,2
241,6,4,2
241,6,5,2
241,6,6,2
241,6,7,2
241,6,8,2
241,6,8,50
241,6,7,2
241,6,6,2
241,6,5,2
241,6,4,2
241,7,4,2
241,7,4,97
242,7,0,2
242,6,0,2
242,5,0,2
242,4,0,2
242,3,0,2
242,2,0,2
242,1,0,2
242,0,0,2
242,0,0,31
242,0,1,2
242,1,1,2
242,1,2,2
242,2,2,2
242,2,3,2
242,2,4,2
242,3,4,2
242,4,4,2
242,5,4,2
242,6,4,2
242,7,4,2
242,7,4,54
243,7,0,2
243,6,0,2
243,6,1,2
243,6,2,2
243,5,2,2
243,4,2,2
243,3,2,2
243,2,2,2
243,2,2,61
243,2,3,2
243,2,4,2
243,3,4,2
243,4,4,2
243,5,4,2
243,6,4,2
243,6,4,70
243,7,4,2
243,7,4,64
244,7,0,2
244,7,1,2
244,6,1,2
244,5,1,2
244,5,2,2
244,5,3,2
244,4,3,2
244,4,4,2
244,3,4,2
244,2,4,2
244,2,4,76
244,3,4,2
244,4,4,2
244,5,4,2
244,6,4,2
244,7,4,2
244,7,4,81
245,7,0,2
245,6,0,2
245,6,1,2
245,5,1,2
245,4,1,2
245,3,1,2
245,2,1,2
245,1,1,2
245,1,1,89
245,1,2,2
245,1,3,2
245,1,4,2
245,1,5,2
245,1,6,2
245,1,7,2
245,1,8,2
245,1,8,33
245,2,8,2
245,3,8,2
245,3,8,25
245,2,8,2
245,1,8,2
245,1,7,2
245,1,6,2
245,1,5,2
245,1,4,2
245,0,4,2
245,0,4,80
245,1,4,2
245,2,4,2
245,3,4,2
245,4,4,2
245,5,4,2
245,6,4,2
245,7,4,2
245,7,4,96
246,7,0,2
246,6,0,2
246,6,1,2
246,5,1,2
246,5,2,2
246,4,2,2
246,4,3,2
246,3,3,2
246,3,4,2
246,2,4,2
246,1,4,2
246,0,4,2
246,0,4,55
246,1,4,2
246,2,4,2
246,3,4,2
246,4,4,2
246,5,4,2
246,6,4,2
246,7,4,2
246,7,4,64
247,7,0,2
247,7,1,2
247,7,2,2
247,6,2,2
247,5,2,2
247,4,2,2
247,3,2,2
247,2,2,2
247,2,3,2
247,2,4,2
247,2,5,2
247,2,6,2
247,2,7,2
247,2,8,2
247,2,8,55
247,2,7,2
247,2,6,2
247,2,5,2
247,2,4,2
247,1,4,2
247,1,3,2
247,1,2,2
247,1,1,2
247,1,0,2
247,1,0,48
247,1,1,2
247,1,2,2
247,2,2,2
247,3,2,2
247,3,3,2
247,4,3,2
247,4,4,2
247,5,4,2
247,6,4,2
247,7,4,2
247,7,4,37
248,7,0,2
248,6,0,2
248,5,0,2
248,4,0,2
248,4,1,2
248,4,2,2
248,4,3,2
248,3,3,2
248,3,4,2
248,3,5,2
248,2,5,2
248,2,6,2
248,2,6,62
248,2,5,2
248,1,5,2
248,0,5,2
248,0,4,2
248,0,3,2
248,0,2,2
248,0,1,2
248,0,1,51
248,0,2,2
248,0,3,2
248,0,4,2
248,0,5,2
248,1,5,2
248,1,6,2
248,1,7,2
248,2,7,2
248,3,7,2
248,4,7,2
248,5,7,2
248,6,7,2
248,6,7,31
248,7,7,2
248,7,6,2
248,7,5,2
248,7,4,2
248,7,4,97
249,7,0,2
249,6,0,2
249,5,0,2
249,4,0,2
249,3,0,2
249,2,0,2
249,1,0,2
249,0,0,2
249,0,0,36
249,1,0,2
249,2,0,2
249,2,1,2
249,3,1,2
249,4,1,2
249,5,1,2
249,5,2,2
249,5,3,2
249,6,3,2
249,7,3,2
249,7,4,2
249,7,4,113
250,7,0,2
250,6,0,2
250,6,1,2
250,6,2,2
250,5,2,2
250,5,3,2
250,4,3,2
250,4,4,2
250,4,4,47
250,5,4,2
250,6,4,2
250,7,4,2
250,7,4,105
251,7,0,2
251,6,0,2
251,6,1,2
251,6,2,2
251,5,2,2
251,5,3,2
251,5,4,2
251,4,4,2
251,4,4,30
251,4,3,2
251,4,2,2
251,4,1,2
251,3,1,2
251,2,1,2
251,1,1,2
251,0,1,2
251,0,1,73
251,0,2,2
251,0,3,2
251,0,4,2
251,0,5,2
251,0,6,2
251,1,6,2
251,2,6,2
251,2,7,2
251,3,7,2
251,3,8,2
251,3,9,2
251,3,9,89
251,3,8,2
251,2,8,2
251,2,7,2
251,1,7,2
251,1,6,2
251,1,6,75
251,2,6,2
251,2,5,2
251,2,4,2
251,3,4,2
251,4,4,2
251,5,4,2
251,6,4,2
251,7,4,2
251,7,4,44
252,7,0,2
252,6,0,2
252,6,1,2
252,6,2,2
252,6,3,2
252,6,4,2
252,6,5,2
252,6,5,35
252,5,5,2
252,4,5,2
252,3,5,2
252,3,4,2
252,2,4,2
252,1,4,2
252,0,4,2
252,0,4,44
252,0,3,2
252,1,3,2
252,1,3,24
252,1,4,2
252,2,4,2
252,3,4,2
252,4,4,2
252,5,4,2
252,6,4,2
252,7,4,2
252,7,4,74
253,7,0,2
253,7,1,2
253,6,1,2
253,5,1,2
253,5,2,2
253,5,3,2
253,5,4,2
253,5,5,2
253,5,6,2
253,5,7,2
253,4,7,2
253,3,7,2
253,3,7,80
253,3,6,2
253,2,6,2
253,1,6,2
253,0,6,2
253,0,5,2
253,0,4,2
253,0,3,2
253,0,2,2
253,0,1,2
253,0,0,2
253,0,0,50
253,1,0,2
253,1,1,2
253,2,1,2
253,3,1,2
253,4,1,2
253,5,1,2
253,5,2,2
253,6,2,2
253,7,2,2
253,7,3,2
253,7,4,2
253,7,4,47
254,7,0,2
254,6,0,2
254,5,0,2
254,4,0,2
254,3,0,2
254,2,0,2
254,1,0,2
254,0,0,2
254,0,0,40
254,0,1,2
254,1,1,2
254,1,2,2
254,1,3,2
254,2,3,2
254,2,4,2
254,3,4,2
254,4,4,2
254,5,4,2
254,6,4,2
254,7,4,2
254,7,4,117
255,7,0,2
255,6,0,2
255,6,1,2
255,5,1,2
255,4,1,2
255,3,1,2
255,3,1,54
255,4,1,2
255,4,2,2
255,5,2,2
255,6,2,2
255,6,3,2
255,6,4,2
255,7,4,2
255,7,4,104
256,7,0,2
256,7,1,2
256,6,1,2
256,5,1,2
256,4,1,2
256,3,1,2
256,2,1,2
256,1,1,2
256,0,1,2
256,0,1,71
256,1,1,2
256,1,2,2
256,2,2,2
256,3,2,2
256,4,2,2
256,5,2,2
256,6,2,2
256,6,2,31
256,5,2,2
256,5,3,2
256,4,3,2
256,3,3,2
256,2,3,2
256,2,4,2
256,1,4,2
256,1,5,2
256,1,6,2
256,1,6,75
256,1,5,2
256,1,4,2
256,2,4,2
256,3,4,2
256,4,4,2
256,5,4,2
256,6,4,2
256,7,4,2
256,7,4,32
257,7,0,2
257,7,1,2
257,6,1,2
257,5,1,2
257,4,1,2
257,3,1,2
257,2,1,2
257,2,2,2
257,2,3,2
257,2,3,70
257,3,3,2
257,3,4,2
257,4,4,2
257,5,4,2
257,6,4,2
257,7,4,2
257,7,4,85
258,7,0,2
258,6,0,2
258,6,1,2
258,6,2,2
258,6,3,2
258,6,4,2
258,6,4,29
258,5,4,2
258,5,5,2
258,4,5,2
258,4,6,2
258,3,6,2
258,3,7,2
258,2,7,2
258,1,7,2
258,0,7,2
258,0,7,33
258,1,7,2
258,1,6,2
258,1,5,2
258,2,5,2
258,2,4,2
258,3,4,2
258,4,4,2
258,5,4,2
258,6,4,2
258,7,4,2
258,7,4,87
259,7,0,2
259,7,1,2
259,6,1,2
259,5,1,2
259,4,1,2
259,4,1,46
259,4,2,2
259,3,2,2
259,3,3,2
259,3,4,2
259,3,5,2
259,2,5,2
259,2,6,2
259,2,6,39
259,2,7,2
259,2,8,2
259,2,9,2
259,3,9,2
259,4,9,2
259,5,9,2
259,6,9,2
259,6,9,31
259,6,8,2
259,6,7,2
259,6,6,2
259,5,6,2
259,4,6,2
259,4,5,2
259,3,5,2
259,2,5,2
259,1,5,2
259,0,5,2
259,0,4,2
259,0,4,78
259,0,3,2
259,0,2,2
259,0,1,2
259,0,0,2
259,0,0,24
259,0,1,2
259,1,1,2
259,2,1,2
259,2,2,2
259,2,3,2
259,2,4,2
259,2,5,2
259,2,5,75
259,3,5,2
259,4,5,2
259,5,5,2
259,5,4,2
259,6,4,2
259,7,4,2
259,7,4,109
260,7,0,2
260,6,0,2
260,6,1,2
260,6,2,2
260,6,3,2
260,5,3,2
260,5,4,2
260,5,5,2
260,4,5,2
260,4,6,2
260,4,7,2
260,4,8,2
260,4,8,57
260,4,7,2
260,4,6,2
260,5,6,2
260,5,5,2
260,6,5,2
260,7,5,2
260,7,4,2
260,7,4,43
261,7,0,2
261,7,1,2
261,6,1,2
261,5,1,2
261,4,1,2
261,3,1,2
261,2,1,2
261,1,1,2
261,1,2,2
261,1,3,2
261,1,4,2
261,1,5,2
261,1,5,65
261,1,6,2
261,2,6,2
261,3,6,2
261,3,6,81
261,4,6,2
261,4,5,2
261,4,4,2
261,5,4,2
261,6,4,2
261,6,3,2
261,6,2,2
261,6,2,30
261,5,2,2
261,4,2,2
261,4,1,2
261,4,0,2
261,3,0,2
261,2,0,2
261,1,0,2
261,1,0,36
261,1,1,2
261,1,2,2
261,2,2,2
261,2,3,2
261,3,3,2
261,3,4,2
261,4,4,2
261,5,4,2
261,6,4,2
261,7,4,2
261,7,4,96
262,7,0,2
262,6,0,2
262,5,0,2
262,5,1,2
262,4,1,2
262,3,1,2
262,2,1,2
262,2,2,2
262,2,3,2
262,2,4,2
262,2,5,2
262,2,6,2
262,1,6,2
262,1,7,2
262,1,8,2
262,1,8,24
262,2,8,2
262,3,8,2
262,4,8,2
262,4,7,2
262,4,6,2
262,4,5,2
262,5,5,2
262,5,4,2
262,5,3,2
262,5,2,2
262,5,1,2
262,5,0,2
262,5,0,21
262,6,0,2
262,6,1,2
262,6,2,2
262,6,3,2
262,6,4,2
262,6,5,2
262,6,6,2
262,6,7,2
262,6,8,2
262,6,8,70
262,7,8,2
262,7,7,2
262,7,6,2
262,7,5,2
262,7,4,2
262,7,4,75
263,7,0,2
263,7,1,2
263,7,2,2
263,6,2,2
263,5,2,2
263,4,2,2
263,3,2,2
263,2,2,2
263,1,2,2
263,0,2,2
263,0,2,60
263,0,3,2
263,0,4,2
263,1,4,2
263,2,4,2
263,3,4,2
263,4,4,2
263,5,4,2
263,6,4,2
263,7,4,2
263,7,4,100
264,7,0,2
264,7,1,2
264,6,1,2
264,6,2,2
264,6,3,2
264,6,4,2
264,6,5,2
264,6,5,74
264,5,5,2
264,5,6,2
264,5,7,2
264,5,8,2
264,5,8,27
264,6,8,2
264,6,7,2
264,6,6,2
264,6,5,2
264,6,4,2
264,6,3,2
264,6,2,2
264,6,2,23
264,5,2,2
264,4,2,2
264,4,2,55
264,5,2,2
264,6,2,2
264,6,3,2
264,7,3,2
264,7,4,2
264,7,4,49
265,7,0,2
265,6,0,2
265,6,1,2
265,6,2,2
265,5,2,2
265,4,2,2
265,3,2,2
265,2,2,2
265,2,2,21
265,2,3,2
265,2,4,2
265,2,5,2
265,2,6,2
265,2,7,2
265,2,8,2
265,2,8,63
265,2,7,2
265,3,7,2
265,4,7,2
265,5,7,2
265,6,7,2
265,6,6,2
265,6,5,2
265,6,4,2
265,6,3,2
265,6,3,88
265,6,4,2
265,7,4,2
265,7,4,109
266,7,0,2
266,6,0,2
266,5,0,2
266,4,0,2
266,4,1,2
266,3,1,2
266,3,2,2
266,3,3,2
266,2,3,2
266,1,3,2
266,1,4,2
266,1,5,2
266,0,5,2
266,0,6,2
266,0,7,2
266,0,8,2
266,0,8,22
266,0,7,2
266,0,6,2
266,1,6,2
266,2,6,2
266,3,6,2
266,3,6,35
266,4,6,2
266,4,5,2
266,5,5,2
266,5,4,2
266,6,4,2
266,7,4,2
266,7,4,85
267,7,0,2
267,7,1,2
267,7,2,2
267,7,3,2
267,6,3,2
267,5,3,2
267,5,4,2
267,5,5,2
267,5,6,2
267,5,7,2
267,5,8,2
267,5,9,2
267,5,9,82
267,6,9,2
267,6,8,2
267,6,7,2
267,6,6,2
267,7,6,2
267,7,5,2
267,7,4,2
267,7,4,59
268,7,0,2
268,7,1,2
268,6,1,2
268,5,1,2
268,5,2,2
268,5,3,2
268,5,4,2
268,5,5,2
268,5,5,82
268,5,4,2
268,4,4,2
268,3,4,2
268,3,3,2
268,2,3,2
268,2,2,2
268,2,1,2
268,1,1,2
268,1,1,86
268,1,2,2
268,1,3,2
268,1,4,2
268,1,4,24
268,1,5,2
268,1,6,2
268,2,6,2
268,2,7,2
268,3,7,2
268,4,7,2
268,5,7,2
268,6,7,2
268,6,7,42
268,7,7,2
268,7,6,2
268,7,5,2
268,7,4,2
268,7,4,48
269,7,0,2
269,7,1,2
269,6,1,2
269,6,2,2
269,5,2,2
269,4,2,2
269,4,2,51
269,3,2,2
269,3,3,2
269,2,3,2
269,1,3,2
269,1,3,89
269,2,3,2
269,2,4,2
269,3,4,2
269,4,4,2
269,5,4,2
269,6,4,2
269,7,4,2
269,7,4,54
270,7,0,2
270,6,0,2
270,6,1,2
270,5,1,2
270,4,1,2
270,4,2,2
270,4,3,2
270,4,4,2
270,4,5,2
270,4,6,2
270,4,7,2
270,4,8,2
270,4,8,23
270,5,8,2
270,6,8,2
270,7,8,2
270,7,7,2
270,7,6,2
270,7,5,2
270,7,4,2
270,7,4,32
271,7,0,2
271,6,0,2
271,6,1,2
271,6,2,2
271,6,3,2
271,6,4,2
271,6,5,2
271,6,6,2
271,6,6,55
271,6,5,2
271,5,5,2
271,5,4,2
271,4,4,2
271,3,4,2
271,3,3,2
271,3,2,2
271,3,1,2
271,3,1,46
271,3,0,2
271,4,0,2
271,5,0,2
271,6,0,2
271,6,0,23
271,6,1,2
271,7,1,2
271,7,2,2
271,7,3,2
271,7,4,2
271,7,4,68
272,7,0,2
272,6,0,2
272,6,1,2
272,6,1,50
272,5,1,2
272,5,2,2
272,4,2,2
272,3,2,2
272,2,2,2
272,2,3,2
272,2,3,77
272,2,2,2
272,2,1,2
272,2,0,2
272,3,0,2
272,4,0,2
272,4,0,52
272,4,1,2
272,4,2,2
272,5,2,2
272,5,3,2
272,5,4,2
272,6,4,2
272,7,4,2
272,7,4,101
273,7,0,2
273,6,0,2
273,5,0,2
273,5,1,2
273,4,1,2
273,4,2,2
273,3,2,2
273,3,2,85
273,3,3,2
273,2,3,2
273,1,3,2
273,1,4,2
273,1,5,2
273,1,6,2
273,1,7,2
273,1,8,2
273,1,8,88
273,1,7,2
273,1,6,2
273,2,6,2
273,3,6,2
273,3,5,2
273,4,5,2
273,4,4,2
273,5,4,2
273,6,4,2
273,7,4,2
273,7,4,36
274,7,0,2
274,7,1,2
274,6,1,2
274,5,1,2
274,5,2,2
274,5,3,2
274,4,3,2
274,4,3,23
274,3,3,2
274,2,3,2
274,1,3,2
274,1,2,2
274,0,2,2
274,0,1,2
274,0,0,2
274,0,0,68
274,0,1,2
274,0,2,2
274,1,2,2
274,1,2,68
274,2,2,2
274,3,2,2
274,3,3,2
274,3,4,2
274,4,4,2
274,5,4,2
274,6,4,2
274,7,4,2
274,7,4,60
275,7,0,2
275,6,0,2
275,6,1,2
275,5,1,2
275,4,1,2
275,3,1,2
275,2,1,2
275,1,1,2
275,1,1,42
275,1,2,2
275,2,2,2
275,2,3,2
275,3,3,2
275,3,4,2
275,4,4,2
275,5,4,2
275,6,4,2
275,7,4,2
275,7,4,70
276,7,0,2
276,6,0,2
276,5,0,2
276,4,0,2
276,3,0,2
276,2,0,2
276,1,0,2
276,1,0,48
276,1,1,2
276,2,1,2
276,3,1,2
276,3,2,2
276,4,2,2
276,5,2,2
276,5,3,2
276,5,4,2
276,6,4,2
276,7,4,2
276,7,4,54
277,7,0,2
277,6,0,2
277,5,0,2
277,4,0,2
277,4,0,62
277,5,0,2
277,6,0,2
277,6,1,2
277,7,1,2
277,7,2,2
277,7,3,2
277,7,4,2
277,7,4,57
278,7,0,2
278,6,0,2
278,6,1,2
278,5,1,2
278,4,1,2
278,3,1,2
278,2,1,2
278,2,2,2
278,2,3,2
278,2,4,2
278,2,5,2
278,1,5,2
278,1,6,2
278,1,7,2
278,1,7,22
278,1,6,2
278,1,5,2
278,2,5,2
278,2,4,2
278,3,4,2
278,4,4,2
278,4,3,2
278,4,2,2
278,5,2,2
278,5,2,46
278,4,2,2
278,4,1,2
278,3,1,2
278,3,1,86
278,2,1,2
278,2,0,2
278,1,0,2
278,0,0,2
278,0,0,55
278,0,1,2
278,0,2,2
278,1,2,2
278,2,2,2
278,3,2,2
278,4,2,2
278,5,2,2
278,6,2,2
278,6,2,48
278,5,2,2
278,5,3,2
278,4,3,2
278,4,4,2
278,4,5,2
278,4,6,2
278,4,6,81
278,5,6,2
278,5,5,2
278,5,4,2
278,6,4,2
278,7,4,2
278,7,4,36
279,7,0,2
279,6,0,2
279,6,1,2
279,5,1,2
279,4,1,2
279,3,1,2
279,2,1,2
279,1,1,2
279,1,1,36
279,1,2,2
279,1,3,2
279,1,4,2
279,2,4,2
279,2,5,2
279,3,5,2
279,4,5,2
279,4,6,2
279,5,6,2
279,6,6,2
279,6,6,45
279,6,7,2
279,5,7,2
279,5,8,2
279,5,8,62
279,4,8,2
279,4,7,2
279,4,6,2
279,4,5,2
279,4,4,2
279,4,4,67
279,3,4,2
279,2,4,2
279,1,4,2
279,1,4,27
279,2,4,2
279,2,3,2
279,2,2,2
279,3,2,2
279,3,2,29
279,3,3,2
279,3,4,2
279,4,4,2
279,5,4,2
279,6,4,2
279,7,4,2
279,7,4,81
280,7,0,2
280,6,0,2
280,5,0,2
280,5,1,2
280,5,2,2
280,5,3,2
280,5,4,2
280,4,4,2
280,3,4,2
280,2,4,2
280,1,4,2
280,1,4,83
280,1,5,2
280,1,6,2
280,2,6,2
280,3,6,2
280,4,6,2
280,5,6,2
280,6,6,2
280,6,6,86
280,6,5,2
280,5,5,2
280,5,4,2
280,4,4,2
280,3,4,2
280,2,4,2
280,2,3,2
280,2,2,2
280,2,1,2
280,2,1,59
280,2,0,2
280,1,0,2
280,0,0,2
280,0,0,36
280,0,1,2
280,1,1,2
280,2,1,2
280,2,2,2
280,2,3,2
280,2,4,2
280,3,4,2
280,4,4,2
280,5,4,2
280,6,4,2
280,7,4,2
280,7,4,49
281,7,0,2
281,7,1,2
281,6,1,2
281,6,2,2
281,5,2,2
281,5,3,2
281,5,4,2
281,5,4,60
281,6,4,2
281,7,4,2
281,7,4,53
282,7,0,2
282,6,0,2
282,5,0,2
282,5,1,2
282,4,1,2
282,3,1,2
282,2,1,2
282,2,2,2
282,1,2,2
282,1,3,2
282,1,4,2
282,1,5,2
282,1,5,21
282,0,5,2
282,0,4,2
282,0,3,2
282,0,2,2
282,0,1,2
282,0,1,49
282,0,2,2
282,0,3,2
282,0,4,2
282,1,4,2
282,2,4,2
282,3,4,2
282,4,4,2
282,5,4,2
282,6,4,2
282,7,4,2
282,7,4,113
283,7,0,2
283,7,1,2
283,7,2,2
283,6,2,2
283,6,3,2
283,5,3,2
283,4,3,2
283,4,3,64
283,5,3,2
283,6,3,2
283,7,3,2
283,7,4,2
283,7,4,98
284,7,0,2
284,7,1,2
284,6,1,2
284,6,2,2
284,5,2,2
284,5,3,2
284,4,3,2
284,4,4,2
284,4,5,2
284,3,5,2
284,2,5,2
284,2,6,2
284,2,7,2
284,2,8,2
284,2,9,2
284,2,9,88
284,2,8,2
284,2,7,2
284,2,6,2
284,2,5,2
284,2,4,2
284,2,4,43
284,2,3,2
284,1,3,2
284,1,2,2
284,0,2,2
284,0,1,2
284,0,0,2
284,0,0,38
284,1,0,2
284,1,1,2
284,2,1,2
284,3,1,2
284,3,2,2
284,3,3,2
284,3,4,2
284,4,4,2
284,5,4,2
284,6,4,2
284,7,4,2
284,7,4,74
285,7,0,2
285,7,1,2
285,6,1,2
285,5,1,2
285,4,1,2
285,3,1,2
285,2,1,2
285,1,1,2
285,1,1,75
285,1,2,2
285,2,2,2
285,2,3,2
285,3,3,2
285,3,3,85
285,3,2,2
285,3,2,85
285,4,2,2
285,4,3,2
285,4,4,2
285,5,4,2
285,6,4,2
285,7,4,2
285,7,4,114
286,7,0,2
286,6,0,2
286,5,0,2
286,4,0,2
286,4,1,2
286,4,2,2
286,4,3,2
286,4,4,2
286,4,4,44
286,4,3,2
286,4,2,2
286,3,2,2
286,2,2,2
286,2,2,84
286,2,3,2
286,3,3,2
286,3,4,2
286,4,4,2
286,5,4,2
286,6,4,2
286,7,4,2
286,7,4,53
287,7,0,2
287,7,1,2
287,6,1,2
287,5,1,2
287,4,1,2
287,4,2,2
287,4,3,2
287,4,4,2
287,4,5,2
287,4,5,47
287,4,4,2
287,5,4,2
287,6,4,2
287,7,4,2
287,7,4,79
288,7,0,2
288,6,0,2
288,5,0,2
288,4,0,2
288,3,0,2
288,2,0,2
288,1,0,2
288,0,0,2
288,0,0,60
288,1,0,2
288,1,1,2
288,1,2,2
288,2,2,2
288,2,3,2
288,2,4,2
288,2,5,2
288,2,6,2
288,2,7,2
288,2,8,2
288,2,8,47
288,2,7,2
288,3,7,2
288,4,7,2
288,4,6,2
288,4,5,2
288,4,4,2
288,5,4,2
288,6,4,2
288,7,4,2
288,7,4,118
289,7,0,2
289,6,0,2
289,6,1,2
289,5,1,2
289,4,1,2
289,3,1,2
289,2,1,2
289,1,1,2
289,1,1,83
289,2,1,2
289,3,1,2
289,3,2,2
289,3,3,2
289,3,3,79
289,3,2,2
289,3,2,69
289,3,3,2
289,3,4,2
289,4,4,2
289,5,4,2
289,6,4,2
289,7,4,2
289,7,4,68
290,7,0,2
290,6,0,2
290,6,1,2
290,6,1,48
290,5,1,2
290,5,0,2
290,4,0,2
290,3,0,2
290,2,0,2
290,1,0,2
290,0,0,2
290,0,0,50
290,1,0,2
290,1,1,2
290,1,2,2
290,1,3,2
290,2,3,2
290,2,4,2
290,3,4,2
290,4,4,2
290,5,4,2
290,6,4,2
290,7,4,2
290,7,4,88
291,7,0,2
291,6,0,2
291,5,0,2
291,4,0,2
291,3,0,2
291,2,0,2
291,2,1,2
291,2,2,2
291,2,3,2
291,2,4,2
291,2,4,76
291,2,5,2
291,3,5,2
291,3,6,2
291,4,6,2
291,5,6,2
291,6,6,2
291,6,6,62
291,6,5,2
291,7,5,2
291,7,4,2
291,7,4,52
292,7,0,2
292,6,0,2
292,6,1,2
292,6,2,2
292,5,2,2
292,4,2,2
292,3,2,2
292,3,3,2
292,3,4,2
292,3,5,2
292,3,6,2
292,3,7,2
292,3,7,79
292,2,7,2
292,1,7,2
292,1,6,2
292,1,5,2
292,1,4,2
292,1,3,2
292,1,2,2
292,1,1,2
292,1,0,2
292,1,0,24
292,1,1,2
292,2,1,2
292,3,1,2
292,4,1,2
292,4,2,2
292,5,2,2
292,6,2,2
292,6,3,2
292,6,4,2
292,7,4,2
292,7,4,83
293,7,0,2
293,6,0,2
293,6,1,2
293,5,1,2
293,4,1,2
293,4,1,35
293,4,2,2
293,3,2,2
293,3,3,2
293,3,4,2
293,3,5,2
293,3,6,2
293,3,7,2
293,3,7,68
293,4,7,2
293,5,7,2
293,6,7,2
293,6,6,2
293,6,5,2
293,6,4,2
293,6,3,2
293,6,2,2
293,6,1,2
293,6,0,2
293,6,0,82
293,6,1,2
293,6,2,2
293,6,3,2
293,7,3,2
293,7,4,2
293,7,4,99
294,7,0,2
294,6,0,2
294,6,1,2
294,5,1,2
294,4,1,2
294,3,1,2
294,2,1,2
294,1,1,2
294,0,1,2
294,0,1,87
294,1,1,2
294,1,0,2
294,2,0,2
294,2,0,40
294,3,0,2
294,4,0,2
294,5,0,2
294,5,0,26
294,6,0,2
294,6,1,2
294,6,2,2
294,7,2,2
294,7,3,2
294,7,4,2
294,7,4,66
295,7,0,2
295,7,1,2
295,7,2,2
295,6,2,2
295,6,3,2
295,5,3,2
295,4,3,2
295,4,4,2
295,3,4,2
295,2,4,2
295,2,5,2
295,2,6,2
295,1,6,2
295,1,7,2
295,1,7,56
295,2,7,2
295,2,8,2
295,2,9,2
295,2,9,43
295,3,9,2
295,3,8,2
295,3,7,2
295,3,6,2
295,3,5,2
295,3,4,2
295,3,3,2
295,3,2,2
295,3,1,2
295,3,0,2
295,3,0,58
295,3,1,2
295,3,2,2
295,3,3,2
295,3,4,2
295,4,4,2
295,5,4,2
295,6,4,2
295,7,4,2
295,7,4,68
296,7,0,2
296,7,1,2
296,6,1,2
296,5,1,2
296,4,1,2
296,3,1,2
296,3,1,50
296,2,1,2
296,2,2,2
296,1,2,2
296,1,3,2
296,1,4,2
296,1,5,2
296,1,6,2
296,0,6,2
296,0,6,50
296,0,5,2
296,1,5,2
296,1,4,2
296,2,4,2
296,3,4,2
296,4,4,2
296,5,4,2
296,6,4,2
296,7,4,2
296,7,4,76
297,7,0,2
297,6,0,2
297,5,0,2
297,5,1,2
297,5,1,40
297,5,2,2
297,6,2,2
297,7,2,2
297,7,3,2
297,7,4,2
297,7,4,104
298,7,0,2
298,6,0,2
298,5,0,2
298,4,0,2
298,3,0,2
298,2,0,2
298,1,0,2
298,1,0,61
298,2,0,2
298,2,1,2
298,2,2,2
298,2,3,2
298,2,4,2
298,3,4,2
298,4,4,2
298,5,4,2
298,6,4,2
298,7,4,2
298,7,4,55
299,7,0,2
299,7,1,2
299,6,1,2
299,6,2,2
299,6,3,2
299,5,3,2
299,4,3,2
299,4,4,2
299,3,4,2
299,2,4,2
299,2,4,50
299,2,3,2
299,1,3,2
299,1,3,25
299,1,4,2
299,2,4,2
299,3,4,2
299,4,4,2
299,5,4,2
299,6,4,2
299,7,4,2
299,7,4,93
300,7,0,2
300,6,0,2
300,6,1,2
300,6,2,2
300,6,3,2
300,6,3,45
300,7,3,2
300,7,4,2
300,7,4,101
301,7,0,2
301,7,1,2
301,6,1,2
301,5,1,2
301,4,1,2
301,3,1,2
301,2,1,2
301,1,1,2
301,1,1,55
301,1,2,2
301,1,3,2
301,2,3,2
301,2,4,2
301,3,4,2
301,3,5,2
301,4,5,2
301,5,5,2
301,5,5,82
301,5,6,2
301,5,7,2
301,5,8,2
301,5,8,20
301,5,7,2
301,4,7,2
301,3,7,2
301,3,6,2
301,2,6,2
301,2,5,2
301,2,4,2
301,1,4,2
301,0,4,2
301,0,4,43
301,1,4,2
301,2,4,2
301,3,4,2
301,4,4,2
301,5,4,2
301,6,4,2
301,7,4,2
301,7,4,55
302,7,0,2
302,6,0,2
302,5,0,2
302,4,0,2
302,3,0,2
302,2,0,2
302,1,0,2
302,1,0,85
302,1,1,2
302,2,1,2
302,2,2,2
302,3,2,2
302,3,3,2
302,4,3,2
302,5,3,2
302,5,4,2
302,6,4,2
302,7,4,2
302,7,4,33
303,7,0,2
303,6,0,2
303,6,1,2
303,6,2,2
303,6,3,2
303,6,4,2
303,6,4,30
303,5,4,2
303,4,4,2
303,4,3,2
303,3,3,2
303,2,3,2
303,1,3,2
303,0,3,2
303,0,3,79
303,1,3,2
303,2,3,2
303,3,3,2
303,3,3,80
303,3,2,2
303,3,2,84
303,3,3,2
303,3,4,2
303,4,4,2
303,5,4,2
303,6,4,2
303,7,4,2
303,7,4,96
304,7,0,2
304,7,1,2
304,6,1,2
304,5,1,2
304,4,1,2
304,4,2,2
304,3,2,2
304,3,3,2
304,3,4,2
304,3,5,2
304,3,6,2
304,3,7,2
304,2,7,2
304,1,7,2
304,1,7,37
304,1,6,2
304,1,5,2
304,2,5,2
304,3,5,2
304,3,4,2
304,4,4,2
304,5,4,2
304,6,4,2
304,7,4,2
304,7,4,30
305,7,0,2
305,7,1,2
305,6,1,2
305,6,2,2
305,6,3,2
305,6,4,2
305,6,5,2
305,6,6,2
305,6,7,2
305,6,7,64
305,5,7,2
305,5,6,2
305,4,6,2
305,3,6,2
305,3,6,51
305,3,5,2
305,4,5,2
305,5,5,2
305,5,4,2
305,6,4,2
305,7,4,2
305,7,4,98
306,7,0,2
306,6,0,2
306,5,0,2
306,5,1,2
306,5,2,2
306,5,3,2
306,4,3,2
306,4,3,78
306,4,4,2
306,4,5,2
306,3,5,2
306,3,6,2
306,2,6,2
306,1,6,2
306,0,6,2
306,0,7,2
306,0,8,2
306,0,9,2
306,0,9,63
306,1,9,2
306,2,9,2
306,3,9,2
306,4,9,2
306,5,9,2
306,6,9,2
306,6,9,77
306,6,8,2
306,5,8,2
306,5,7,2
306,4,7,2
306,3,7,2
306,2,7,2
306,1,7,2
306,1,6,2
306,1,5,2
306,1,4,2
306,1,3,2
306,1,2,2
306,1,1,2
306,1,1,20
306,2,1,2
306,2,2,2
306,3,2,2
306,4,2,2
306,5,2,2
306,6,2,2
306,6,3,2
306,7,3,2
306,7,4,2
306,7,4,78
307,7,0,2
307,6,0,2
307,5,0,2
307,4,0,2
307,3,0,2
307,3,0,22
307,4,0,2
307,4,1,2
307,4,2,2
307,4,2,46
307,4,3,2
307,5,3,2
307,5,4,2
307,6,4,2
307,7,4,2
307,7,4,55
308,7,0,2
308,7,1,2
308,7,2,2
308,6,2,2
308,6,2,77
308,5,2,2
308,5,3,2
308,5,4,2
308,4,4,2
308,4,4,41
308,5,4,2
308,6,4,2
308,7,4,2
308,7,4,107
309,7,0,2
309,6,0,2
309,5,0,2
309,4,0,2
309,3,0,2
309,3,1,2
309,2,1,2
309,1,1,2
309,0,1,2
309,0,2,2
309,0,3,2
309,0,4,2
309,0,5,2
309,0,6,2
309,0,7,2
309,0,7,29
309,1,7,2
309,2,7,2
309,3,7,2
309,3,6,2
309,4,6,2
309,5,6,2
309,5,6,52
309,5,5,2
309,4,5,2
309,3,5,2
309,2,5,2
309,1,5,2
309,1,4,2
309,0,4,2
309,0,3,2
309,0,2,2
309,0,1,2
309,0,0,2
309,0,0,52
309,0,1,2
309,0,2,2
309,0,3,2
309,0,4,2
309,1,4,2
309,2,4,2
309,3,4,2
309,4,4,2
309,4,4,81
309,5,4,2
309,5,3,2
309,5,2,2
309,5,1,2
309,5,1,86
309,5,2,2
309,6,2,2
309,7,2,2
309,7,3,2
309,7,4,2
309,7,4,62
310,7,0,2
310,6,0,2
310,6,1,2
310,6,1,59
310,6,2,2
310,6,3,2
310,6,4,2
310,5,4,2
310,4,4,2
310,4,4,79
310,5,4,2
310,5,4,75
310,6,4,2
310,7,4,2
310,7,4,59
311,7,0,2
311,7,1,2
311,7,2,2
311,7,3,2
311,6,3,2
311,5,3,2
311,5,4,2
311,5,5,2
311,5,6,2
311,5,7,2
311,4,7,2
311,3,7,2
311,3,7,24
311,3,6,2
311,3,5,2
311,2,5,2
311,2,4,2
311,1,4,2
311,1,3,2
311,0,3,2
311,0,3,29
311,0,4,2
311,0,5,2
311,0,5,29
311,0,4,2
311,0,3,2
311,0,2,2
311,0,1,2
311,0,0,2
311,0,0,25
311,0,1,2
311,0,2,2
311,1,2,2
311,2,2,2
311,3,2,2
311,4,2,2
311,5,2,2
311,6,2,2
311,6,2,36
311,6,3,2
311,6,4,2
311,7,4,2
311,7,4,106
312,7,0,2
312,6,0,2
312,6,1,2
312,6,2,2
312,6,3,2
312,6,4,2
312,6,5,2
312,6,6,2
312,6,7,2
312,5,7,2
312,5,7,61
312,6,7,2
312,6,7,56
312,6,6,2
312,6,5,2
312,5,5,2
312,5,4,2
312,5,3,2
312,5,2,2
312,5,2,26
312,5,1,2
312,5,0,2
312,4,0,2
312,3,0,2
312,3,0,61
312,3,1,2
312,4,1,2
312,4,2,2
312,5,2,2
312,5,3,2
312,6,3,2
312,6,4,2
312,7,4,2
312,7,4,108
313,7,0,2
313,7,1,2
313,7,2,2
313,6,2,2
313,5,2,2
313,4,2,2
313,4,3,2
313,4,4,2
313,4,5,2
313,4,6,2
313,4,7,2
313,4,8,2
313,4,8,61
313,3,8,2
313,3,7,2
313,3,6,2
313,3,5,2
313,3,4,2
313,3,4,58
313,2,4,2
313,1,4,2
313,0,4,2
313,0,3,2
313,0,2,2
313,0,1,2
313,0,0,2
313,0,0,86
313,0,1,2
313,1,1,2
313,2,1,2
313,3,1,2
313,4,1,2
313,5,1,2
313,5,2,2
313,5,3,2
313,5,4,2
313,6,4,2
313,6,4,79
313,5,4,2
313,4,4,2
313,4,5,2
313,4,6,2
313,3,6,2
313,2,6,2
313,2,6,74
313,2,5,2
313,2,4,2
313,1,4,2
313,1,4,54
313,2,4,2
313,3,4,2
313,4,4,2
313,5,4,2
313,6,4,2
313,7,4,2
313,7,4,40
314,7,0,2
314,6,0,2
314,5,0,2
314,4,0,2
314,3,0,2
314,2,0,2
314,1,0,2
314,0,0,2
314,0,1,2
314,0,2,2
314,0,3,2
314,0,4,2
314,0,5,2
314,0,5,49
314,1,5,2
314,1,4,2
314,2,4,2
314,3,4,2
314,3,3,2
314,4,3,2
314,4,2,2
314,4,1,2
314,4,1,69
314,4,2,2
314,4,3,2
314,3,3,2
314,2,3,2
314,1,3,2
314,0,3,2
314,0,3,72
314,1,3,2
314,1,4,2
314,2,4,2
314,3,4,2
314,4,4,2
314,5,4,2
314,6,4,2
314,7,4,2
314,7,4,66
315,7,0,2
315,6,0,2
315,5,0,2
315,4,0,2
315,3,0,2
315,2,0,2
315,1,0,2
315,1,0,70
315,2,0,2
315,2,1,2
315,3,1,2
315,4,1,2
315,4,1,78
315,4,2,2
315,4,3,2
315,4,4,2
315,5,4,2
315,6,4,2
315,7,4,2
315,7,4,55
316,7,0,2
316,6,0,2
316,6,1,2
316,6,2,2
316,6,3,2
316,6,4,2
316,6,4,70
316,6,3,2
316,5,3,2
316,5,2,2
316,4,2,2
316,3,2,2
316,3,1,2
316,2,1,2
316,2,1,40
316,2,0,2
316,1,0,2
316,1,0,20
316,1,1,2
316,1,2,2
316,2,2,2
316,3,2,2
316,3,3,2
316,4,3,2
316,4,4,2
316,4,5,2
316,5,5,2
316,5,5,46
316,5,4,2
316,6,4,2
316,6,3,2
316,6,2,2
316,6,1,2
316,6,1,47
316,7,1,2
316,7,2,2
316,7,3,2
316,7,4,2
316,7,4,37
317,7,0,2
317,6,0,2
317,5,0,2
317,4,0,2
317,3,0,2
317,2,0,2
317,1,0,2
317,1,0,39
317,2,0,2
317,3,0,2
317,3,1,2
317,4,1,2
317,5,1,2
317,6,1,2
317,7,1,2
317,7,2,2
317,7,3,2
317,7,4,2
317,7,4,104
318,7,0,2
318,6,0,2
318,6,1,2
318,6,2,2
318,5,2,2
318,5,3,2
318,5,4,2
318,5,5,2
318,5,6,2
318,5,7,2
318,5,8,2
318,5,9,2
318,5,9,68
318,5,8,2
318,4,8,2
318,4,7,2
318,4,6,2
318,4,5,2
318,3,5,2
318,3,4,2
318,3,4,63
318,3,3,2
318,3,2,2
318,3,2,56
318,3,3,2
318,4,3,2
318,4,4,2
318,5,4,2
318,6,4,2
318,7,4,2
318,7,4,57
319,7,0,2
319,6,0,2
319,6,1,2
319,6,2,2
319,5,2,2
319,4,2,2
319,3,2,2
319,2,2,2
319,1,2,2
319,1,3,2
319,1,4,2
319,1,5,2
319,1,6,2
319,1,7,2
319,1,7,69
319,2,7,2
319,2,8,2
319,2,9,2
319,2,9,53
319,2,8,2
319,3,8,2
319,4,8,2
319,4,7,2
319,4,6,2
319,4,5,2
319,4,4,2
319,5,4,2
319,6,4,2
319,7,4,2
319,7,4,53
320,7,0,2
320,7,1,2
320,6,1,2
320,6,2,2
320,6,3,2
320,5,3,2
320,4,3,2
320,3,3,2
320,3,4,2
320,3,5,2
320,3,6,2
320,2,6,2
320,1,6,2
320,1,6,33
320,1,5,2
320,1,4,2
320,2,4,2
320,3,4,2
320,4,4,2
320,5,4,2
320,6,4,2
320,7,4,2
320,7,4,97
321,7,0,2
321,6,0,2
321,5,0,2
321,4,0,2
321,3,0,2
321,3,0,84
321,4,0,2
321,5,0,2
321,6,0,2
321,6,1,2
321,6,2,2
321,6,3,2
321,6,4,2
321,6,5,2
321,6,5,77
321,5,5,2
321,5,6,2
321,5,7,2
321,4,7,2
321,4,8,2
321,3,8,2
321,3,8,31
321,3,7,2
321,3,6,2
321,2,6,2
321,1,6,2
321,1,5,2
321,0,5,2
321,0,4,2
321,0,3,2
321,0,2,2
321,0,1,2
321,0,1,67
321,1,1,2
321,2,1,2
321,3,1,2
321,3,2,2
321,4,2,2
321,4,3,2
321,4,4,2
321,5,4,2
321,6,4,2
321,6,4,77
321,7,4,2
321,7,4,106
322,7,0,2
322,6,0,2
322,5,0,2
322,4,0,2
322,3,0,2
322,2,0,2
322,2,0,26
322,3,0,2
322,3,1,2
322,4,1,2
322,4,2,2
322,5,2,2
322,5,3,2
322,6,3,2
322,7,3,2
322,7,4,2
322,7,4,84
323,7,0,2
323,7,1,2
323,7,2,2
323,6,2,2
323,6,3,2
323,5,3,2
323,4,3,2
323,3,3,2
323,3,4,2
323,3,4,44
323,3,3,2
323,3,2,2
323,3,1,2
323,2,1,2
323,2,0,2
323,2,0,42
323,3,0,2
323,4,0,2
323,5,0,2
323,6,0,2
323,6,1,2
323,6,1,62
323,5,1,2
323,5,2,2
323,5,3,2
323,4,3,2
323,3,3,2
323,3,4,2
323,2,4,2
323,1,4,2
323,1,5,2
323,1,6,2
323,1,6,21
323,2,6,2
323,2,5,2
323,2,4,2
323,3,4,2
323,4,4,2
323,5,4,2
323,6,4,2
323,7,4,2
323,7,4,41
324,7,0,2
324,6,0,2
324,6,1,2
324,5,1,2
324,4,1,2
324,4,1,39
324,5,1,2
324,6,1,2
324,6,2,2
324,7,2,2
324,7,3,2
324,7,4,2
324,7,4,52
325,7,0,2
325,6,0,2
325,6,1,2
325,6,2,2
325,6,3,2
325,6,4,2
325,5,4,2
325,4,4,2
325,3,4,2
325,2,4,2
325,1,4,2
325,1,4,27
325,0,4,2
325,0,3,2
325,0,2,2
325,0,1,2
325,0,0,2
325,0,0,88
325,1,0,2
325,2,0,2
325,2,0,68
325,2,1,2
325,2,2,2
325,2,3,2
325,2,4,2
325,3,4,2
325,4,4,2
325,5,4,2
325,6,4,2
325,7,4,2
325,7,4,53
326,7,0,2
326,6,0,2
326,6,1,2
326,6,2,2
326,6,2,87
326,5,2,2
326,4,2,2
326,4,1,2
326,3,1,2
326,2,1,2
326,2,0,2
326,1,0,2
326,1,0,22
326,2,0,2
326,3,0,2
326,3,1,2
326,3,2,2
326,3,3,2
326,4,3,2
326,4,4,2
326,5,4,2
326,6,4,2
326,7,4,2
326,7,4,48
327,7,0,2
327,7,1,2
327,6,1,2
327,5,1,2
327,4,1,2
327,3,1,2
327,2,1,2
327,1,1,2
327,1,1,41
327,1,2,2
327,1,3,2
327,1,4,2
327,1,5,2
327,2,5,2
327,2,6,2
327,3,6,2
327,4,6,2
327,4,7,2
327,5,7,2
327,6,7,2
327,6,7,59
327,5,7,2
327,5,6,2
327,5,5,2
327,5,5,23
327,6,5,2
327,6,4,2
327,7,4,2
327,7,4,45
328,7,0,2
328,7,1,2
328,6,1,2
328,6,2,2
328,5,2,2
328,4,2,2
328,4,3,2
328,4,4,2
328,4,5,2
328,4,6,2
328,4,6,85
328,3,6,2
328,3,5,2
328,3,4,2
328,2,4,2
328,2,3,2
328,1,3,2
328,1,2,2
328,1,2,20
328,1,3,2
328,2,3,2
328,2,4,2
328,2,5,2
328,3,5,2
328,3,6,2
328,4,6,2
328,4,7,2
328,4,7,37
328,5,7,2
328,6,7,2
328,6,6,2
328,7,6,2
328,7,5,2
328,7,4,2
328,7,4,97
329,7,0,2
329,7,1,2
329,7,2,2
329,6,2,2
329,5,2,2
329,4,2,2
329,4,3,2
329,3,3,2
329,3,4,2
329,2,4,2
329,1,4,2
329,1,4,21
329,1,3,2
329,1,3,41
329,2,3,2
329,2,2,2
329,2,1,2
329,3,1,2
329,3,0,2
329,4,0,2
329,4,0,36
329,4,1,2
329,4,2,2
329,4,3,2
329,5,3,2
329,6,3,2
329,7,3,2
329,7,4,2
329,7,4,91
330,7,0,2
330,7,1,2
330,7,2,2
330,7,3,2
330,6,3,2
330,5,3,2
330,4,3,2
330,3,3,2
330,2,3,2
330,2,3,80
330,3,3,2
330,4,3,2
330,5,3,2
330,6,3,2
330,7,3,2
330,7,4,2
330,7,4,49
331,7,0,2
331,7,1,2
331,6,1,2
331,6,2,2
331,6,3,2
331,6,4,2
331,5,4,2
331,5,4,81
331,5,5,2
331,5,6,2
331,5,7,2
331,5,8,2
331,6,8,2
331,6,8,65
331,6,7,2
331,7,7,2
331,7,6,2
331,7,5,2
331,7,4,2
331,7,4,71
332,7,0,2
332,7,1,2
332,6,1,2
332,5,1,2
332,4,1,2
332,3,1,2
332,2,1,2
332,1,1,2
332,0,1,2
332,0,1,64
332,1,1,2
332,2,1,2
332,3,1,2
332,3,1,24
332,3,2,2
332,4,2,2
332,4,3,2
332,4,4,2
332,5,4,2
332,6,4,2
332,7,4,2
332,7,4,34
333,7,0,2
333,6,0,2
333,5,0,2
333,4,0,2
333,3,0,2
333,2,0,2
333,1,0,2
333,1,0,83
333,1,1,2
333,2,1,2
333,2,2,2
333,2,2,32
333,2,3,2
333,3,3,2
333,3,4,2
333,4,4,2
333,5,4,2
333,6,4,2
333,7,4,2
333,7,4,80
334,7,0,2
334,6,0,2
334,5,0,2
334,4,0,2
334,3,0,2
334,2,0,2
334,1,0,2
334,0,0,2
334,0,0,57
334,1,0,2
334,2,0,2
334,2,1,2
334,2,2,2
334,2,3,2
334,3,3,2
334,4,3,2
334,5,3,2
334,5,4,2
334,6,4,2
334,7,4,2
334,7,4,48
335,7,0,2
335,7,1,2
335,6,1,2
335,6,2,2
335,6,3,2
335,5,3,2
335,5,4,2
335,5,5,2
335,5,6,2
335,4,6,2
335,4,6,58
335,4,5,2
335,4,4,2
335,4,3,2
335,4,2,2
335,4,1,2
335,4,1,65
335,4,2,2
335,4,3,2
335,4,4,2
335,4,5,2
335,4,6,2
335,4,7,2
335,4,7,86
335,4,6,2
335,4,5,2
335,4,4,2
335,3,4,2
335,2,4,2
335,1,4,2
335,1,3,2
335,1,2,2
335,1,1,2
335,1,0,2
335,1,0,47
335,1,1,2
335,2,1,2
335,2,2,2
335,2,3,2
335,2,4,2
335,3,4,2
335,4,4,2
335,5,4,2
335,6,4,2
335,7,4,2
335,7,4,49
336,7,0,2
336,6,0,2
336,5,0,2
336,4,0,2
336,4,0,52
336,4,1,2
336,3,1,2
336,2,1,2
336,1,1,2
336,1,2,2
336,1,3,2
336,0,3,2
336,0,4,2
336,0,5,2
336,0,6,2
336,0,7,2
336,0,7,77
336,0,6,2
336,0,5,2
336,1,5,2
336,2,5,2
336,3,5,2
336,3,5,22
336,4,5,2
336,4,4,2
336,5,4,2
336,6,4,2
336,7,4,2
336,7,4,37
337,7,0,2
337,7,1,2
337,6,1,2
337,6,2,2
337,6,3,2
337,5,3,2
337,5,4,2
337,5,5,2
337,5,5,40
337,5,4,2
337,4,4,2
337,4,3,2
337,4,3,87
337,4,4,2
337,5,4,2
337,6,4,2
337,7,4,2
337,7,4,112
338,7,0,2
338,7,1,2
338,7,2,2
338,6,2,2
338,6,3,2
338,5,3,2
338,4,3,2
338,3,3,2
338,2,3,2
338,1,3,2
338,1,3,42
338,0,3,2
338,0,4,2
338,0,4,21
338,0,3,2
338,1,3,2
338,2,3,2
338,3,3,2
338,4,3,2
338,4,3,72
338,3,3,2
338,3,2,2
338,2,2,2
338,1,2,2
338,1,1,2
338,0,1,2
338,0,0,2
338,0,0,87
338,0,1,2
338,0,2,2
338,1,2,2
338,1,3,2
338,1,4,2
338,2,4,2
338,3,4,2
338,4,4,2
338,5,4,2
338,6,4,2
338,7,4,2
338,7,4,50
339,7,0,2
339,6,0,2
339,5,0,2
339,5,0,58
339,4,0,2
339,3,0,2
339,2,0,2
339,1,0,2
339,1,0,72
339,2,0,2
339,3,0,2
339,3,1,2
339,3,2,2
339,3,3,2
339,3,4,2
339,4,4,2
339,5,4,2
339,6,4,2
339,7,4,2
339,7,4,47
340,7,0,2
340,6,0,2
340,5,0,2
340,4,0,2
340,3,0,2
340,2,0,2
340,1,0,2
340,0,0,2
340,0,0,31
340,0,1,2
340,0,2,2
340,0,3,2
340,1,3,2
340,1,4,2
340,1,5,2
340,1,6,2
340,1,7,2
340,1,8,2
340,1,9,2
340,1,9,86
340,1,8,2
340,2,8,2
340,3,8,2
340,4,8,2
340,4,8,86
340,4,7,2
340,4,6,2
340,4,5,2
340,4,4,2
340,4,4,87
340,4,3,2
340,3,3,2
340,3,2,2
340,3,2,42
340,3,3,2
340,3,4,2
340,4,4,2
340,5,4,2
340,6,4,2
340,7,4,2
340,7,4,101
341,7,0,2
341,7,1,2
341,7,2,2
341,6,2,2
341,6,3,2
341,6,4,2
341,5,4,2
341,4,4,2
341,3,4,2
341,2,4,2
341,1,4,2
341,1,4,50
341,2,4,2
341,2,3,2
341,3,3,2
341,4,3,2
341,4,2,2
341,5,2,2
341,5,2,61
341,4,2,2
341,4,3,2
341,4,4,2
341,4,5,2
341,4,6,2
341,4,7,2
341,3,7,2
341,2,7,2
341,1,7,2
341,0,7,2
341,0,7,58
341,0,6,2
341,0,5,2
341,1,5,2
341,2,5,2
341,2,4,2
341,3,4,2
341,4,4,2
341,5,4,2
341,6,4,2
341,7,4,2
341,7,4,55
342,7,0,2
342,6,0,2
342,5,0,2
342,4,0,2
342,4,1,2
342,4,2,2
342,4,3,2
342,4,3,80
342,3,3,2
342,3,4,2
342,2,4,2
342,1,4,2
342,1,5,2
342,1,6,2
342,1,7,2
342,1,8,2
342,1,9,2
342,1,9,71
342,2,9,2
342,3,9,2
342,3,9,30
342,4,9,2
342,5,9,2
342,5,8,2
342,6,8,2
342,7,8,2
342,7,7,2
342,7,6,2
342,7,5,2
342,7,4,2
342,7,4,58
343,7,0,2
343,6,0,2
343,5,0,2
343,4,0,2
343,4,1,2
343,3,1,2
343,3,2,2
343,3,3,2
343,2,3,2
343,2,4,2
343,2,4,23
343,3,4,2
343,4,4,2
343,5,4,2
343,6,4,2
343,7,4,2
343,7,4,63
344,7,0,2
344,6,0,2
344,5,0,2
344,5,1,2
344,5,2,2
344,5,3,2
344,4,3,2
344,3,3,2
344,2,3,2
344,1,3,2
344,1,3,52
344,1,4,2
344,1,4,89
344,1,3,2
344,2,3,2
344,3,3,2
344,4,3,2
344,4,3,36
344,4,2,2
344,3,2,2
344,3,2,63
344,3,3,2
344,4,3,2
344,5,3,2
344,5,4,2
344,6,4,2
344,7,4,2
344,7,4,41
345,7,0,2
345,7,1,2
345,6,1,2
345,6,2,2
345,6,3,2
345,5,3,2
345,4,3,2
345,4,4,2
345,4,5,2
345,4,6,2
345,4,7,2
345,3,7,2
345,2,7,2
345,1,7,2
345,1,7,33
345,2,7,2
345,2,7,36
345,2,6,2
345,3,6,2
345,3,5,2
345,3,4,2
345,4,4,2
345,5,4,2
345,6,4,2
345,7,4,2
345,7,4,89
346,7,0,2
346,6,0,2
346,6,1,2
346,5,1,2
346,4,1,2
346,3,1,2
346,2,1,2
346,1,1,2
346,1,1,23
346,2,1,2
346,2,1,40
346,2,2,2
346,2,3,2
346,2,4,2
346,2,4,48
346,3,4,2
346,4,4,2
346,5,4,2
346,6,4,2
346,7,4,2
346,7,4,78
347,7,0,2
347,7,1,2
347,6,1,2
347,6,2,2
347,5,2,2
347,4,2,2
347,3,2,2
347,2,2,2
347,1,2,2
347,1,2,46
347,2,2,2
347,2,1,2
347,2,1,21
347,2,2,2
347,2,3,2
347,2,4,2
347,3,4,2
347,4,4,2
347,5,4,2
347,6,4,2
347,7,4,2
347,7,4,93
348,7,0,2
348,7,1,2
348,7,2,2
348,6,2,2
348,5,2,2
348,4,2,2
348,4,3,2
348,4,3,69
348,3,3,2
348,2,3,2
348,1,3,2
348,1,3,87
348,2,3,2
348,3,3,2
348,3,4,2
348,4,4,2
348,5,4,2
348,6,4,2
348,7,4,2
348,7,4,76
349,7,0,2
349,6,0,2
349,6,1,2
349,6,2,2
349,6,3,2
349,6,4,2
349,5,4,2
349,4,4,2
349,3,4,2
349,2,4,2
349,2,4,27
349,2,3,2
349,2,2,2
349,2,1,2
349,2,1,40
349,1,1,2
349,0,1,2
349,0,2,2
349,0,3,2
349,0,4,2
349,0,5,2
349,0,6,2
349,0,7,2
349,0,8,2
349,0,8,60
349,1,8,2
349,1,7,2
349,2,7,2
349,2,6,2
349,2,5,2
349,3,5,2
349,4,5,2
349,5,5,2
349,5,4,2
349,6,4,2
349,7,4,2
349,7,4,30
350,7,0,2
350,7,1,2
350,6,1,2
350,6,2,2
350,6,2,21
350,6,1,2
350,6,1,72
350,6,2,2
350,6,3,2
350,6,4,2
350,7,4,2
350,7,4,75
351,7,0,2
351,7,1,2
351,7,2,2
351,6,2,2
351,6,2,55
351,5,2,2
351,4,2,2
351,3,2,2
351,2,2,2
351,2,2,45
351,2,3,2
351,3,3,2
351,4,3,2
351,5,3,2
351,5,4,2
351,6,4,2
351,7,4,2
351,7,4,39
352,7,0,2
352,7,1,2
352,6,1,2
352,6,2,2
352,5,2,2
352,4,2,2
352,4,3,2
352,4,4,2
352,4,5,2
352,4,6,2
352,4,6,37
352,5,6,2
352,6,6,2
352,6,7,2
352,6,8,2
352,6,8,70
352,6,7,2
352,6,6,2
352,6,5,2
352,6,4,2
352,6,3,2
352,6,2,2
352,6,1,2
352,6,0,2
352,6,0,63
352,6,1,2
352,6,2,2
352,6,3,2
352,6,4,2
352,6,5,2
352,6,6,2
352,6,7,2
352,6,7,61
352,5,7,2
352,4,7,2
352,4,6,2
352,3,6,2
352,3,5,2
352,3,4,2
352,2,4,2
352,2,3,2
352,2,2,2
352,1,2,2
352,1,1,2
352,1,1,41
352,1,2,2
352,2,2,2
352,3,2,2
352,4,2,2
352,5,2,2
352,6,2,2
352,7,2,2
352,7,3,2
352,7,4,2
352,7,4,91
353,7,0,2
353,6,0,2
353,6,1,2
353,6,2,2
353,5,2,2
353,4,2,2
353,3,2,2
353,2,2,2
353,2,3,2
353,1,3,2
353,1,3,64
353,1,2,2
353,1,1,2
353,2,1,2
353,3,1,2
353,4,1,2
353,4,1,62
353,3,1,2
353,2,1,2
353,1,1,2
353,1,2,2
353,1,3,2
353,1,4,2
353,1,5,2
353,1,5,43
353,2,5,2
353,3,5,2
353,3,5,29
353,4,5,2
353,5,5,2
353,6,5,2
353,7,5,2
353,7,4,2
353,7,4,62
354,7,0,2
354,7,1,2
354,6,1,2
354,5,1,2
354,5,2,2
354,4,2,2
354,4,3,2
354,4,4,2
354,3,4,2
354,3,5,2
354,2,5,2
354,1,5,2
354,1,6,2
354,1,7,2
354,1,7,70
354,2,7,2
354,2,6,2
354,2,5,2
354,2,4,2
354,2,3,2
354,2,3,89
354,1,3,2
354,0,3,2
354,0,3,84
354,0,2,2
354,0,1,2
354,0,0,2
354,1,0,2
354,2,0,2
354,3,0,2
354,4,0,2
354,4,0,81
354,5,0,2
354,5,1,2
354,5,2,2
354,5,3,2
354,5,4,2
354,6,4,2
354,7,4,2
354,7,4,93
355,7,0,2
355,7,1,2
355,7,2,2
355,6,2,2
355,5,2,2
355,5,3,2
355,4,3,2
355,4,4,2
355,3,4,2
355,2,4,2
355,1,4,2
355,1,5,2
355,1,5,73
355,1,4,2
355,2,4,2
355,3,4,2
355,4,4,2
355,5,4,2
355,6,4,2
355,7,4,2
355,7,4,96
356,7,0,2
356,7,1,2
356,6,1,2
356,6,2,2
356,5,2,2
356,5,3,2
356,4,3,2
356,3,3,2
356,2,3,2
356,1,3,2
356,1,3,37
356,1,2,2
356,2,2,2
356,3,2,2
356,4,2,2
356,4,2,63
356,5,2,2
356,6,2,2
356,6,3,2
356,6,4,2
356,7,4,2
356,7,4,94
357,7,0,2
357,6,0,2
357,6,1,2
357,5,1,2
357,4,1,2
357,4,2,2
357,4,3,2
357,4,4,2
357,4,5,2
357,4,6,2
357,4,7,2
357,4,8,2
357,4,9,2
357,4,9,66
357,4,8,2
357,4,7,2
357,4,6,2
357,4,6,73
357,4,7,2
357,5,7,2
357,6,7,2
357,6,7,76
357,7,7,2
357,7,6,2
357,7,5,2
357,7,4,2
357,7,4,45
358,7,0,2
358,6,0,2
358,5,0,2
358,4,0,2
358,3,0,2
358,2,0,2
358,1,0,2
358,0,0,2
358,0,1,2
358,0,2,2
358,0,3,2
358,0,4,2
358,0,4,57
358,0,5,2
358,1,5,2
358,2,5,2
358,2,6,2
358,2,7,2
358,2,8,2
358,2,8,20
358,3,8,2
358,4,8,2
358,4,7,2
358,4,6,2
358,5,6,2
358,5,5,2
358,5,4,2
358,6,4,2
358,7,4,2
358,7,4,92
359,7,0,2
359,7,1,2
359,6,1,2
359,5,1,2
359,4,1,2
359,3,1,2
359,2,1,2
359,2,2,2
359,1,2,2
359,1,3,2
359,0,3,2
359,0,4,2
359,0,4,53
359,0,3,2
359,1,3,2
359,2,3,2
359,3,3,2
359,3,3,46
359,3,2,2
359,3,1,2
359,2,1,2
359,1,1,2
359,1,1,86
359,1,2,2
359,0,2,2
359,0,3,2
359,0,4,2
359,0,5,2
359,0,6,2
359,0,7,2
359,0,8,2
359,0,9,2
359,0,9,30
359,1,9,2
359,2,9,2
359,3,9,2
359,4,9,2
359,5,9,2
359,6,9,2
359,6,9,33
359,6,8,2
359,7,8,2
359,7,7,2
359,7,6,2
359,7,5,2
359,7,4,2
359,7,4,76
360,7,0,2
360,6,0,2
360,5,0,2
360,4,0,2
360,3,0,2
360,2,0,2
360,1,0,2
360,0,0,2
360,0,0,57
360,1,0,2
360,2,0,2
360,2,1,2
360,2,2,2
360,2,3,2
360,2,4,2
360,2,5,2
360,2,6,2
360,2,7,2
360,2,8,2
360,2,8,32
360,2,7,2
360,3,7,2
360,3,6,2
360,3,5,2
360,3,4,2
360,3,3,2
360,3,2,2
360,3,1,2
360,3,0,2
360,3,0,50
360,3,1,2
360,3,2,2
360,3,3,2
360,4,3,2
360,5,3,2
360,5,4,2
360,5,5,2
360,5,6,2
360,5,7,2
360,5,8,2
360,5,8,64
360,5,7,2
360,6,7,2
360,6,6,2
360,6,5,2
360,6,4,2
360,6,3,2
360,6,2,2
360,6,2,89
360,7,2,2
360,7,3,2
360,7,4,2
360,7,4,53
361,7,0,2
361,6,0,2
361,5,0,2
361,4,0,2
361,3,0,2
361,2,0,2
361,1,0,2
361,1,0,63
361,1,1,2
361,1,2,2
361,1,3,2
361,2,3,2
361,3,3,2
361,4,3,2
361,4,4,2
361,4,5,2
361,4,5,52
361,3,5,2
361,2,5,2
361,1,5,2
361,1,5,49
361,1,6,2
361,2,6,2
361,2,7,2
361,3,7,2
361,4,7,2
361,4,8,2
361,4,9,2
361,4,9,69
361,5,9,2
361,6,9,2
361,7,9,2
361,7,8,2
361,7,7,2
361,7,6,2
361,7,5,2
361,7,4,2
361,7,4,66
362,7,0,2
362,6,0,2
362,6,1,2
362,5,1,2
362,4,1,2
362,3,1,2
362,2,1,2
362,1,1,2
362,0,1,2
362,0,1,68
362,0,2,2
362,1,2,2
362,1,2,46
362,0,2,2
362,0,3,2
362,0,4,2
362,0,5,2
362,0,6,2
362,0,7,2
362,0,8,2
362,0,8,87
362,1,8,2
362,2,8,2
362,3,8,2
362,4,8,2
362,4,7,2
362,5,7,2
362,5,6,2
362,5,5,2
362,5,4,2
362,6,4,2
362,7,4,2
362,7,4,56
363,7,0,2
363,6,0,2
363,6,1,2
363,6,2,2
363,6,3,2
363,6,4,2
363,6,4,43
363,6,5,2
363,5,5,2
363,4,5,2
363,3,5,2
363,2,5,2
363,1,5,2
363,0,5,2
363,0,5,39
363,0,4,2
363,0,3,2
363,0,2,2
363,0,1,2
363,0,1,32
363,0,2,2
363,1,2,2
363,2,2,2
363,2,3,2
363,2,4,2
363,3,4,2
363,4,4,2
363,5,4,2
363,6,4,2
363,7,4,2
363,7,4,57
364,7,0,2
364,6,0,2
364,6,1,2
364,5,1,2
364,4,1,2
364,3,1,2
364,3,2,2
364,3,3,2
364,3,4,2
364,3,5,2
364,2,5,2
364,1,5,2
364,1,5,45
364,1,4,2
364,2,4,2
364,3,4,2
364,4,4,2
364,5,4,2
364,6,4,2
364,7,4,2
364,7,4,61
365,7,0,2
365,6,0,2
365,6,1,2
365,6,2,2
365,5,2,2
365,5,3,2
365,5,4,2
365,5,4,53
365,5,5,2
365,4,5,2
365,3,5,2
365,2,5,2
365,2,5,66
365,2,4,2
365,2,3,2
365,2,2,2
365,3,2,2
365,3,1,2
365,4,1,2
365,4,1,23
365,3,1,2
365,2,1,2
365,1,1,2
365,0,1,2
365,0,1,52
365,1,1,2
365,1,2,2
365,2,2,2
365,3,2,2
365,3,3,2
365,3,4,2
365,4,4,2
365,5,4,2
365,6,4,2
365,7,4,2
365,7,4,79
366,7,0,2
366,6,0,2
366,5,0,2
366,5,1,2
366,4,1,2
366,4,2,2
366,4,3,2
366,4,4,2
366,4,4,67
366,5,4,2
366,6,4,2
366,7,4,2
366,7,4,35
367,7,0,2
367,6,0,2
367,5,0,2
367,4,0,2
367,3,0,2
367,2,0,2
367,1,0,2
367,0,0,2
367,0,0,52
367,1,0,2
367,2,0,2
367,3,0,2
367,4,0,2
367,5,0,2
367,5,0,76
367,5,1,2
367,4,1,2
367,4,2,2
367,4,3,2
367,3,3,2
367,2,3,2
367,2,4,2
367,1,4,2
367,0,4,2
367,0,4,79
367,1,4,2
367,2,4,2
367,3,4,2
367,4,4,2
367,5,4,2
367,6,4,2
367,7,4,2
367,7,4,114
368,7,0,2
368,7,1,2
368,6,1,2
368,5,1,2
368,5,2,2
368,5,3,2
368,5,4,2
368,4,4,2
368,4,5,2
368,3,5,2
368,2,5,2
368,2,6,2
368,1,6,2
368,1,7,2
368,1,7,62
368,2,7,2
368,3,7,2
368,3,6,2
368,4,6,2
368,5,6,2
368,5,5,2
368,5,4,2
368,5,3,2
368,5,3,23
368,5,4,2
368,6,4,2
368,7,4,2
368,7,4,68
369,7,0,2
369,7,1,2
369,6,1,2
369,6,2,2
369,5,2,2
369,4,2,2
369,3,2,2
369,2,2,2
369,2,2,57
369,3,2,2
369,4,2,2
369,4,1,2
369,5,1,2
369,6,1,2
369,6,1,41
369,7,1,2
369,7,2,2
369,7,3,2
369,7,4,2
369,7,4,85
370,7,0,2
370,6,0,2
370,5,0,2
370,5,0,79
370,4,0,2
370,4,1,2
370,4,2,2
370,4,3,2
370,3,3,2
370,3,4,2
370,2,4,2
370,2,5,2
370,1,5,2
370,1,5,26
370,2,5,2
370,3,5,2
370,4,5,2
370,4,4,2
370,5,4,2
370,6,4,2
370,7,4,2
370,7,4,64
371,7,0,2
371,7,1,2
371,7,2,2
371,6,2,2
371,6,3,2
371,5,3,2
371,4,3,2
371,4,4,2
371,4,5,2
371,3,5,2
371,2,5,2
371,2,6,2
371,2,6,39
371,2,7,2
371,3,7,2
371,4,7,2
371,5,7,2
371,6,7,2
371,6,7,74
371,6,6,2
371,6,5,2
371,6,4,2
371,7,4,2
371,7,4,108
372,7,0,2
372,6,0,2
372,5,0,2
372,5,1,2
372,5,2,2
372,5,3,2
372,5,4,2
372,5,5,2
372,5,6,2
372,5,7,2
372,5,8,2
372,5,9,2
372,5,9,54
372,6,9,2
372,6,8,2
372,6,7,2
372,6,6,2
372,6,5,2
372,6,4,2
372,6,3,2
372,6,2,2
372,6,1,2
372,6,1,44
372,6,2,2
372,6,3,2
372,5,3,2
372,4,3,2
372,3,3,2
372,2,3,2
372,1,3,2
372,1,3,63
372,1,2,2
372,1,1,2
372,1,0,2
372,1,0,71
372,2,0,2
372,2,1,2
372,2,2,2
372,3,2,2
372,3,3,2
372,3,4,2
372,3,5,2
372,3,5,68
372,4,5,2
372,5,5,2
372,5,4,2
372,6,4,2
372,7,4,2
372,7,4,75
373,7,0,2
373,7,1,2
373,7,2,2
373,6,2,2
373,6,3,2
373,6,4,2
373,6,5,2
373,5,5,2
373,4,5,2
373,3,5,2
373,2,5,2
373,2,5,33
373,1,5,2
373,0,5,2
373,0,5,26
373,0,4,2
373,0,3,2
373,0,2,2
373,0,1,2
373,0,0,2
373,0,0,60
373,1,0,2
373,1,1,2
373,1,2,2
373,2,2,2
373,2,3,2
373,2,4,2
373,3,4,2
373,4,4,2
373,5,4,2
373,6,4,2
373,7,4,2
373,7,4,112
374,7,0,2
374,6,0,2
374,6,1,2
374,6,2,2
374,6,3,2
374,5,3,2
374,4,3,2
374,3,3,2
374,3,4,2
374,2,4,2
374,2,5,2
374,1,5,2
374,1,6,2
374,1,6,32
374,1,5,2
374,1,4,2
374,0,4,2
374,0,3,2
374,0,2,2
374,0,1,2
374,0,1,87
374,0,2,2
374,0,3,2
374,1,3,2
374,1,4,2
374,2,4,2
374,3,4,2
374,4,4,2
374,5,4,2
374,6,4,2
374,7,4,2
374,7,4,81
375,7,0,2
375,6,0,2
375,5,0,2
375,5,1,2
375,5,2,2
375,5,3,2
375,4,3,2
375,3,3,2
375,3,4,2
375,2,4,2
375,2,5,2
375,1,5,2
375,1,6,2
375,1,7,2
375,1,7,35
375,1,6,2
375,1,5,2
375,0,5,2
375,0,5,83
375,0,4,2
375,1,4,2
375,2,4,2
375,3,4,2
375,4,4,2
375,5,4,2
375,6,4,2
375,7,4,2
375,7,4,73
376,7,0,2
376,7,1,2
376,7,2,2
376,6,2,2
376,6,3,2
376,6,4,2
376,6,4,67
376,6,5,2
376,6,6,2
376,6,7,2
376,6,8,2
376,6,9,2
376,6,9,79
376,6,8,2
376,6,7,2
376,6,6,2
376,6,5,2
376,6,4,2
376,7,4,2
376,7,4,79
377,7,0,2
377,7,1,2
377,7,2,2
377,6,2,2
377,5,2,2
377,4,2,2
377,4,3,2
377,4,4,2
377,4,5,2
377,3,5,2
377,3,6,2
377,2,6,2
377,1,6,2
377,1,7,2
377,1,8,2
377,1,8,28
377,0,8,2
377,0,7,2
377,0,6,2
377,0,5,2
377,0,4,2
377,0,3,2
377,0,2,2
377,0,1,2
377,0,0,2
377,0,0,67
377,0,1,2
377,0,2,2
377,0,3,2
377,1,3,2
377,1,4,2
377,2,4,2
377,3,4,2
377,4,4,2
377,4,4,62
377,5,4,2
377,6,4,2
377,7,4,2
377,7,4,38
378,7,0,2
378,7,1,2
378,6,1,2
378,5,1,2
378,5,1,60
378,6,1,2
378,6,2,2
378,7,2,2
378,7,3,2
378,7,4,2
378,7,4,75
379,7,0,2
379,7,1,2
379,7,2,2
379,7,3,2
379,7,4,2
379,7,5,2
379,6,5,2
379,5,5,2
379,4,5,2
379,4,6,2
379,3,6,2
379,3,7,2
379,3,8,2
379,3,8,28
379,3,7,2
379,3,6,2
379,3,5,2
379,3,5,20
379,4,5,2
379,5,5,2
379,6,5,2
379,7,5,2
379,7,4,2
379,7,4,31
380,7,0,2
380,6,0,2
380,6,1,2
380,6,2,2
380,6,3,2
380,6,4,2
380,6,5,2
380,6,6,2
380,6,7,2
380,6,8,2
380,6,9,2
380,6,9,88
380,7,9,2
380,7,8,2
380,7,7,2
380,7,6,2
380,7,5,2
380,7,4,2
380,7,4,108
381,7,0,2
381,7,1,2
381,6,1,2
381,5,1,2
381,4,1,2
381,3,1,2
381,3,2,2
381,2,2,2
381,2,3,2
381,1,3,2
381,1,4,2
381,1,5,2
381,1,6,2
381,1,7,2
381,1,8,2
381,1,9,2
381,1,9,58
381,1,8,2
381,1,7,2
381,2,7,2
381,2,6,2
381,3,6,2
381,3,5,2
381,3,4,2
381,4,4,2
381,5,4,2
381,6,4,2
381,7,4,2
381,7,4,105
382,7,0,2
382,7,1,2
382,6,1,2
382,6,2,2
382,5,2,2
382,4,2,2
382,3,2,2
382,2,2,2
382,2,2,34
382,2,3,2
382,1,3,2
382,1,4,2
382,1,4,89
382,1,3,2
382,1,2,2
382,0,2,2
382,0,1,2
382,0,0,2
382,0,0,24
382,0,1,2
382,0,2,2
382,0,3,2
382,0,4,2
382,1,4,2
382,2,4,2
382,3,4,2
382,4,4,2
382,5,4,2
382,6,4,2
382,7,4,2
382,7,4,32
383,7,0,2
383,7,1,2
383,6,1,2
383,5,1,2
383,4,1,2
383,3,1,2
383,2,1,2
383,1,1,2
383,0,1,2
383,0,1,58
383,1,1,2
383,1,2,2
383,1,2,40
383,1,3,2
383,2,3,2
383,2,4,2
383,3,4,2
383,4,4,2
383,4,5,2
383,4,5,47
383,4,4,2
383,5,4,2
383,6,4,2
383,7,4,2
383,7,4,40
384,7,0,2
384,7,1,2
384,6,1,2
384,6,2,2
384,6,3,2
384,6,4,2
384,6,5,2
384,6,6,2
384,6,7,2
384,6,7,50
384,5,7,2
384,4,7,2
384,3,7,2
384,3,6,2
384,2,6,2
384,2,5,2
384,2,4,2
384,2,3,2
384,2,2,2
384,2,1,2
384,2,1,67
384,2,2,2
384,1,2,2
384,1,3,2
384,0,3,2
384,0,3,74
384,0,2,2
384,1,2,2
384,1,1,2
384,1,0,2
384,1,0,83
384,1,1,2
384,2,1,2
384,3,1,2
384,3,2,2
384,3,3,2
384,3,4,2
384,4,4,2
384,5,4,2
384,6,4,2
384,7,4,2
384,7,4,49
385,7,0,2
385,6,0,2
385,5,0,2
385,5,0,38
385,6,0,2
385,6,1,2
385,6,2,2
385,7,2,2
385,7,3,2
385,7,4,2
385,7,4,110
386,7,0,2
386,7,1,2
386,7,2,2
386,7,3,2
386,6,3,2
386,6,3,82
386,6,4,2
386,5,4,2
386,4,4,2
386,3,4,2
386,2,4,2
386,2,5,2
386,2,5,71
386,2,4,2
386,2,3,2
386,3,3,2
386,3,2,2
386,4,2,2
386,5,2,2
386,6,2,2
386,6,1,2
386,6,1,57
386,7,1,2
386,7,2,2
386,7,3,2
386,7,4,2
386,7,4,58
387,7,0,2
387,7,1,2
387,6,1,2
387,5,1,2
387,4,1,2
387,3,1,2
387,2,1,2
387,1,1,2
387,1,1,85
387,1,2,2
387,1,3,2
387,1,4,2
387,1,5,2
387,1,5,63
387,1,6,2
387,0,6,2
387,0,6,20
387,0,5,2
387,1,5,2
387,2,5,2
387,3,5,2
387,3,4,2
387,4,4,2
387,5,4,2
387,6,4,2
387,7,4,2
387,7,4,86
388,7,0,2
388,6,0,2
388,6,1,2
388,6,2,2
388,6,3,2
388,5,3,2
388,5,4,2
388,5,5,2
388,5,6,2
388,5,7,2
388,5,8,2
388,5,8,57
388,5,7,2
388,5,6,2
388,5,5,2
388,4,5,2
388,3,5,2
388,2,5,2
388,2,4,2
388,1,4,2
388,1,3,2
388,1,2,2
388,1,2,56
388,1,1,2
388,1,0,2
388,2,0,2
388,3,0,2
388,4,0,2
388,5,0,2
388,6,0,2
388,6,0,62
388,6,1,2
388,7,1,2
388,7,2,2
388,7,3,2
388,7,4,2
388,7,4,79
389,7,0,2
389,6,0,2
389,5,0,2
389,4,0,2
389,3,0,2
389,2,0,2
389,1,0,2
389,1,0,37
389,2,0,2
389,2,1,2
389,3,1,2
389,4,1,2
389,5,1,2
389,5,2,2
389,5,3,2
389,6,3,2
389,6,4,2
389,6,4,82
389,7,4,2
389,7,4,54
390,7,0,2
390,7,1,2
390,6,1,2
390,5,1,2
390,4,1,2
390,3,1,2
390,2,1,2
390,2,1,22
390,2,0,2
390,3,0,2
390,4,0,2
390,5,0,2
390,5,0,20
390,4,0,2
390,3,0,2
390,2,0,2
390,1,0,2
390,1,0,32
390,1,1,2
390,1,2,2
390,1,3,2
390,2,3,2
390,2,4,2
390,2,5,2
390,3,5,2
390,3,6,2
390,4,6,2
390,5,6,2
390,6,6,2
390,6,6,62
390,6,5,2
390,7,5,2
390,7,4,2
390,7,4,80
391,7,0,2
391,6,0,2
391,6,1,2
391,6,2,2
391,6,3,2
391,6,3,73
391,7,3,2
391,7,4,2
391,7,4,116
392,7,0,2
392,7,1,2
392,7,2,2
392,7,3,2
392,6,3,2
392,6,4,2
392,5,4,2
392,5,5,2
392,5,6,2
392,5,6,51
392,5,5,2
392,5,4,2
392,6,4,2
392,7,4,2
392,7,4,89
393,7,0,2
393,6,0,2
393,5,0,2
393,5,1,2
393,4,1,2
393,4,2,2
393,4,3,2
393,4,3,85
393,3,3,2
393,3,4,2
393,2,4,2
393,1,4,2
393,1,4,35
393,0,4,2
393,0,3,2
393,0,3,49
393,0,2,2
393,0,1,2
393,0,1,28
393,1,1,2
393,1,2,2
393,2,2,2
393,3,2,2
393,3,3,2
393,4,3,2
393,4,4,2
393,5,4,2
393,6,4,2
393,7,4,2
393,7,4,47
394,7,0,2
394,7,1,2
394,6,1,2
394,6,2,2
394,5,2,2
394,4,2,2
394,4,3,2
394,3,3,2
394,3,4,2
394,2,4,2
394,1,4,2
394,1,5,2
394,1,5,70
394,1,4,2
394,2,4,2
394,3,4,2
394,4,4,2
394,5,4,2
394,6,4,2
394,7,4,2
394,7,4,107
395,7,0,2
395,6,0,2
395,5,0,2
395,5,0,27
395,5,1,2
395,6,1,2
395,7,1,2
395,7,2,2
395,7,3,2
395,7,4,2
395,7,4,115
396,7,0,2
396,6,0,2
396,5,0,2
396,5,1,2
396,4,1,2
396,3,1,2
396,2,1,2
396,2,2,2
396,2,2,36
396,2,3,2
396,2,4,2
396,3,4,2
396,4,4,2
396,5,4,2
396,6,4,2
396,7,4,2
396,7,4,117
397,7,0,2
397,6,0,2
397,6,1,2
397,5,1,2
397,4,1,2
397,4,2,2
397,4,3,2
397,4,4,2
397,4,5,2
397,4,6,2
397,4,6,23
397,5,6,2
397,5,7,2
397,5,8,2
397,5,9,2
397,5,9,72
397,5,8,2
397,5,7,2
397,5,6,2
397,5,5,2
397,5,4,2
397,5,3,2
397,5,2,2
397,5,1,2
397,5,1,83
397,6,1,2
397,7,1,2
397,7,2,2
397,7,3,2
397,7,4,2
397,7,4,98
398,7,0,2
398,7,1,2
398,7,2,2
398,6,2,2
398,5,2,2
398,4,2,2
398,3,2,2
398,3,2,25
398,3,1,2
398,4,1,2
398,5,1,2
398,6,1,2
398,6,1,60
398,6,2,2
398,6,3,2
398,6,4,2
398,7,4,2
398,7,4,47
399,7,0,2
399,6,0,2
399,5,0,2
399,4,0,2
399,3,0,2
399,2,0,2
399,1,0,2
399,0,0,2
399,0,0,48
399,0,1,2
399,0,2,2
399,0,3,2
399,1,3,2
399,2,3,2
399,3,3,2
399,4,3,2
399,4,4,2
399,5,4,2
399,5,5,2
399,6,5,2
399,6,6,2
399,6,6,66
399,7,6,2
399,7,5,2
399,7,4,2
399,7,4,30
400,7,0,2
400,7,1,2
400,7,2,2
400,6,2,2
400,6,3,2
400,5,3,2
400,4,3,2
400,4,4,2
400,4,5,2
400,4,6,2
400,4,7,2
400,4,8,2
400,4,9,2
400,4,9,30
400,3,9,2
400,3,8,2
400,3,7,2
400,3,6,2
400,2,6,2
400,2,6,37
400,1,6,2
400,1,5,2
400,1,4,2
400,1,3,2
400,0,3,2
400,0,2,2
400,0,2,22
400,1,2,2
400,1,3,2
400,2,3,2
400,2,4,2
400,3,4,2
400,4,4,2
400,4,4,44
400,5,4,2
400,6,4,2
400,7,4,2
400,7,4,88
401,7,0,2
401,6,0,2
401,5,0,2
401,4,0,2
401,3,0,2
401,2,0,2
401,2,1,2
401,2,2,2
401,2,3,2
401,1,3,2
401,1,4,2
401,1,4,70
401,1,3,2
401,2,3,2
401,2,3,65
401,3,3,2
401,4,3,2
401,5,3,2
401,5,4,2
401,6,4,2
401,7,4,2
401,7,4,91
402,7,0,2
402,6,0,2
402,6,0,80
402,6,1,2
402,5,1,2
402,4,1,2
402,4,2,2
402,4,3,2
402,4,4,2
402,4,5,2
402,4,6,2
402,4,7,2
402,4,8,2
402,4,9,2
402,4,9,87
402,3,9,2
402,3,8,2
402,2,8,2
402,2,7,2
402,1,7,2
402,0,7,2
402,0,7,45
402,0,6,2
402,0,5,2
402,0,4,2
402,0,3,2
402,0,2,2
402,1,2,2
402,2,2,2
402,3,2,2
402,4,2,2
402,5,2,2
402,6,2,2
402,6,2,81
402,6,1,2
402,5,1,2
402,5,0,2
402,4,0,2
402,3,0,2
402,2,0,2
402,1,0,2
402,0,0,2
402,0,0,74
402,1,0,2
402,2,0,2
402,2,1,2
402,2,2,2
402,3,2,2
402,4,2,2
402,5,2,2
402,6,2,2
402,7,2,2
402,7,3,2
402,7,4,2
402,7,4,46
403,7,0,2
403,7,1,2
403,6,1,2
403,5,1,2
403,4,1,2
403,3,1,2
403,2,1,2
403,1,1,2
403,1,1,84
403,2,1,2
403,3,1,2
403,4,1,2
403,5,1,2
403,6,1,2
403,6,1,87
403,5,1,2
403,4,1,2
403,3,1,2
403,3,0,2
403,3,0,55
403,3,1,2
403,3,2,2
403,3,3,2
403,3,4,2
403,3,5,2
403,3,5,53
403,4,5,2
403,5,5,2
403,5,4,2
403,6,4,2
403,7,4,2
403,7,4,85
404,7,0,2
404,7,1,2
404,6,1,2
404,5,1,2
404,5,1,56
404,5,2,2
404,5,3,2
404,5,4,2
404,5,5,2
404,5,6,2
404,5,7,2
404,5,8,2
404,5,9,2
404,5,9,27
404,5,8,2
404,5,7,2
404,5,6,2
404,5,5,2
404,5,4,2
404,5,3,2
404,5,3,52
404,5,2,2
404,5,1,2
404,4,1,2
404,3,1,2
404,2,1,2
404,2,1,41
404,2,2,2
404,2,3,2
404,2,4,2
404,3,4,2
404,4,4,2
404,5,4,2
404,6,4,2
404,7,4,2
404,7,4,49
405,7,0,2
405,6,0,2
405,6,1,2
405,6,2,2
405,6,3,2
405,6,4,2
405,6,5,2
405,6,5,52
405,5,5,2
405,4,5,2
405,3,5,2
405,3,4,2
405,2,4,2
405,1,4,2
405,1,4,67
405,0,4,2
405,0,5,2
405,0,6,2
405,0,7,2
405,0,8,2
405,0,9,2
405,0,9,49
405,1,9,2
405,1,8,2
405,1,7,2
405,1,6,2
405,1,5,2
405,2,5,2
405,2,4,2
405,3,4,2
405,4,4,2
405,5,4,2
405,6,4,2
405,7,4,2
405,7,4,70
406,7,0,2
406,6,0,2
406,5,0,2
406,5,1,2
406,5,2,2
406,5,3,2
406,4,3,2
406,3,3,2
406,2,3,2
406,1,3,2
406,0,3,2
406,0,3,36
406,0,4,2
406,0,5,2
406,0,6,2
406,1,6,2
406,2,6,2
406,3,6,2
406,4,6,2
406,5,6,2
406,6,6,2
406,6,6,89
406,6,5,2
406,7,5,2
406,7,4,2
406,7,4,94
407,7,0,2
407,6,0,2
407,6,1,2
407,6,2,2
407,5,2,2
407,4,2,2
407,3,2,2
407,3,3,2
407,3,4,2
407,3,5,2
407,3,6,2
407,3,7,2
407,3,7,43
407,2,7,2
407,2,6,2
407,1,6,2
407,1,6,39
407,1,7,2
407,1,8,2
407,1,9,2
407,1,9,68
407,1,8,2
407,0,8,2
407,0,7,2
407,0,6,2
407,0,5,2
407,0,4,2
407,0,3,2
407,0,2,2
407,0,1,2
407,0,1,78
407,1,1,2
407,2,1,2
407,3,1,2
407,3,2,2
407,4,2,2
407,5,2,2
407,5,3,2
407,5,4,2
407,5,5,2
407,5,6,2
407,5,7,2
407,5,8,2
407,5,8,72
407,5,7,2
407,6,7,2
407,6,6,2
407,6,5,2
407,7,5,2
407,7,4,2
407,7,4,98
408,7,0,2
408,7,1,2
408,7,2,2
408,7,3,2
408,6,3,2
408,6,4,2
408,5,4,2
408,5,5,2
408,5,6,2
408,5,7,2
408,5,8,2
408,5,9,2
408,5,9,73
408,5,8,2
408,4,8,2
408,4,7,2
408,3,7,2
408,3,6,2
408,3,5,2
408,3,5,67
408,2,5,2
408,2,6,2
408,2,6,48
408,3,6,2
408,3,5,2
408,3,4,2
408,3,3,2
408,3,2,2
408,3,2,52
408,4,2,2
408,4,3,2
408,4,4,2
408,5,4,2
408,6,4,2
408,6,4,89
408,7,4,2
408,7,4,72
409,7,0,2
409,6,0,2
409,5,0,2
409,5,1,2
409,4,1,2
409,3,1,2
409,3,2,2
409,2,2,2
409,1,2,2
409,1,3,2
409,0,3,2
409,0,4,2
409,0,5,2
409,0,6,2
409,0,6,56
409,1,6,2
409,1,5,2
409,1,4,2
409,1,3,2
409,1,2,2
409,2,2,2
409,3,2,2
409,3,1,2
409,4,1,2
409,5,1,2
409,6,1,2
409,6,1,23
409,7,1,2
409,7,2,2
409,7,3,2
409,7,4,2
409,7,4,39
410,7,0,2
410,6,0,2
410,5,0,2
410,4,0,2
410,3,0,2
410,2,0,2
410,1,0,2
410,1,0,65
410,1,1,2
410,1,2,2
410,1,3,2
410,1,4,2
410,1,5,2
410,1,6,2
410,1,7,2
410,1,8,2
410,1,8,37
410,1,7,2
410,1,6,2
410,2,6,2
410,2,5,2
410,3,5,2
410,4,5,2
410,4,4,2
410,5,4,2
410,6,4,2
410,7,4,2
410,7,4,88
411,7,0,2
411,6,0,2
411,6,1,2
411,6,2,2
411,6,3,2
411,5,3,2
411,5,4,2
411,5,5,2
411,4,5,2
411,4,6,2
411,4,6,67
411,4,5,2
411,4,4,2
411,3,4,2
411,3,3,2
411,2,3,2
411,2,2,2
411,2,2,80
411,2,3,2
411,2,4,2
411,3,4,2
411,4,4,2
411,5,4,2
411,6,4,2
411,7,4,2
411,7,4,64
412,7,0,2
412,6,0,2
412,6,0,73
412,5,0,2
412,4,0,2
412,3,0,2
412,2,0,2
412,1,0,2
412,0,0,2
412,0,0,88
412,0,1,2
412,0,2,2
412,0,2,88
412,1,2,2
412,1,3,2
412,2,3,2
412,3,3,2
412,4,3,2
412,5,3,2
412,5,4,2
412,6,4,2
412,6,4,35
412,7,4,2
412,7,4,50
413,7,0,2
413,6,0,2
413,5,0,2
413,5,1,2
413,4,1,2
413,4,2,2
413,4,3,2
413,4,4,2
413,3,4,2
413,2,4,2
413,1,4,2
413,1,5,2
413,1,6,2
413,0,6,2
413,0,6,77
413,0,5,2
413,0,4,2
413,1,4,2
413,2,4,2
413,2,3,2
413,2,2,2
413,2,1,2
413,2,1,83
413,1,1,2
413,1,2,2
413,0,2,2
413,0,3,2
413,0,4,2
413,0,4,61
413,1,4,2
413,2,4,2
413,3,4,2
413,4,4,2
413,5,4,2
413,6,4,2
413,7,4,2
413,7,4,66
414,7,0,2
414,7,1,2
414,6,1,2
414,5,1,2
414,4,1,2
414,4,2,2
414,4,3,2
414,4,4,2
414,3,4,2
414,3,4,89
414,3,5,2
414,2,5,2
414,2,6,2
414,1,6,2
414,1,7,2
414,1,8,2
414,1,8,51
414,2,8,2
414,3,8,2
414,4,8,2
414,4,7,2
414,4,6,2
414,5,6,2
414,6,6,2
414,7,6,2
414,7,5,2
414,7,4,2
414,7,4,31
415,7,0,2
415,6,0,2
415,6,1,2
415,6,2,2
415,6,3,2
415,6,4,2
415,6,5,2
415,6,6,2
415,6,7,2
415,6,7,62
415,6,6,2
415,6,5,2
415,6,4,2
415,7,4,2
415,7,4,53
416,7,0,2
416,6,0,2
416,6,1,2
416,6,2,2
416,5,2,2
416,4,2,2
416,3,2,2
416,3,3,2
416,3,4,2
416,2,4,2
416,2,5,2
416,2,6,2
416,2,7,2
416,1,7,2
416,1,8,2
416,0,8,2
416,0,8,58
416,1,8,2
416,2,8,2
416,3,8,2
416,3,8,49
416,4,8,2
416,4,7,2
416,4,6,2
416,5,6,2
416,5,5,2
416,6,5,2
416,6,4,2
416,7,4,2
416,7,4,34
417,7,0,2
417,6,0,2
417,5,0,2
417,5,1,2
417,4,1,2
417,3,1,2
417,2,1,2
417,1,1,2
417,1,1,89
417,2,1,2
417,3,1,2
417,3,2,2
417,3,3,2
417,4,3,2
417,4,4,2
417,5,4,2
417,6,4,2
417,7,4,2
417,7,4,118
418,7,0,2
418,6,0,2
418,6,1,2
418,5,1,2
418,5,2,2
418,4,2,2
418,4,2,20
418,5,2,2
418,6,2,2
418,6,3,2
418,7,3,2
418,7,4,2
418,7,4,97
419,7,0,2
419,6,0,2
419,6,1,2
419,5,1,2
419,5,2,2
419,5,3,2
419,5,4,2
419,5,5,2
419,5,6,2
419,5,6,64
419,5,5,2
419,5,4,2
419,5,3,2
419,4,3,2
419,4,2,2
419,3,2,2
419,2,2,2
419,1,2,2
419,0,2,2
419,0,2,33
419,1,2,2
419,1,3,2
419,1,4,2
419,1,5,2
419,1,6,2
419,1,6,54
419,1,5,2
419,1,4,2
419,1,4,40
419,2,4,2
419,3,4,2
419,4,4,2
419,5,4,2
419,6,4,2
419,7,4,2
419,7,4,109
420,7,0,2
420,6,0,2
420,6,1,2
420,6,2,2
420,5,2,2
420,5,3,2
420,5,4,2
420,4,4,2
420,3,4,2
420,3,5,2
420,3,6,2
420,3,7,2
420,3,7,87
420,4,7,2
420,4,6,2
420,4,5,2
420,4,4,2
420,5,4,2
420,6,4,2
420,7,4,2
420,7,4,70
421,7,0,2
421,7,1,2
421,6,1,2
421,5,1,2
421,4,1,2
421,4,1,56
421,4,2,2
421,4,3,2
421,4,4,2
421,4,5,2
421,4,6,2
421,4,6,21
421,4,5,2
421,4,4,2
421,3,4,2
421,2,4,2
421,2,3,2
421,1,3,2
421,0,3,2
421,0,3,80
421,0,2,2
421,0,1,2
421,0,0,2
421,0,0,32
421,1,0,2
421,2,0,2
421,2,1,2
421,3,1,2
421,4,1,2
421,5,1,2
421,5,2,2
421,5,3,2
421,6,3,2
421,6,3,28
421,6,4,2
421,7,4,2
421,7,4,118
422,7,0,2
422,7,1,2
422,6,1,2
422,6,2,2
422,5,2,2
422,5,3,2
422,4,3,2
422,3,3,2
422,3,4,2
422,3,5,2
422,2,5,2
422,2,5,62
422,2,6,2
422,3,6,2
422,3,7,2
422,3,7,61
422,3,6,2
422,4,6,2
422,4,5,2
422,5,5,2
422,6,5,2
422,7,5,2
422,7,4,2
422,7,4,60
423,7,0,2
423,6,0,2
423,5,0,2
423,5,1,2
423,5,2,2
423,4,2,2
423,3,2,2
423,2,2,2
423,1,2,2
423,1,2,82
423,1,3,2
423,1,4,2
423,1,5,2
423,1,6,2
423,2,6,2
423,2,7,2
423,2,8,2
423,3,8,2
423,4,8,2
423,5,8,2
423,6,8,2
423,6,8,58
423,6,7,2
423,6,6,2
423,6,5,2
423,6,4,2
423,6,3,2
423,6,2,2
423,6,1,2
423,6,0,2
423,6,0,78
423,6,1,2
423,6,2,2
423,6,3,2
423,6,4,2
423,7,4,2
423,7,4,118
424,7,0,2
424,7,1,2
424,7,2,2
424,6,2,2
424,5,2,2
424,5,2,82
424,5,1,2
424,4,1,2
424,3,1,2
424,2,1,2
424,1,1,2
424,0,1,2
424,0,1,45
424,1,1,2
424,1,2,2
424,1,3,2
424,1,4,2
424,1,5,2
424,1,5,51
424,2,5,2
424,2,4,2
424,3,4,2
424,4,4,2
424,5,4,2
424,6,4,2
424,7,4,2
424,7,4,63
425,7,0,2
425,7,1,2
425,6,1,2
425,5,1,2
425,4,1,2
425,3,1,2
425,2,1,2
425,2,1,26
425,3,1,2
425,4,1,2
425,5,1,2
425,5,2,2
425,6,2,2
425,7,2,2
425,7,3,2
425,7,4,2
425,7,4,41
426,7,0,2
426,6,0,2
426,5,0,2
426,4,0,2
426,3,0,2
426,3,1,2
426,3,2,2
426,2,2,2
426,2,3,2
426,2,4,2
426,2,5,2
426,2,6,2
426,2,7,2
426,2,7,61
426,1,7,2
426,0,7,2
426,0,6,2
426,0,5,2
426,0,4,2
426,0,3,2
426,0,2,2
426,0,1,2
426,0,1,40
426,0,2,2
426,0,3,2
426,0,4,2
426,1,4,2
426,2,4,2
426,3,4,2
426,4,4,2
426,5,4,2
426,6,4,2
426,7,4,2
426,7,4,39
427,7,0,2
427,6,0,2
427,6,1,2
427,5,1,2
427,4,1,2
427,3,1,2
427,3,1,44
427,2,1,2
427,1,1,2
427,0,1,2
427,0,1,37
427,0,2,2
427,1,2,2
427,1,3,2
427,1,4,2
427,1,5,2
427,1,6,2
427,1,6,83
427,2,6,2
427,2,5,2
427,3,5,2
427,4,5,2
427,5,5,2
427,5,4,2
427,6,4,2
427,7,4,2
427,7,4,34
428,7,0,2
428,6,0,2
428,6,1,2
428,5,1,2
428,5,2,2
428,5,3,2
428,4,3,2
428,3,3,2
428,3,4,2
428,3,5,2
428,2,5,2
428,1,5,2
428,0,5,2
428,0,5,53
428,0,4,2
428,1,4,2
428,1,3,2
428,1,2,2
428,2,2,2
428,3,2,2
428,3,2,70
428,4,2,2
428,4,3,2
428,4,4,2
428,5,4,2
428,6,4,2
428,7,4,2
428,7,4,97
429,7,0,2
429,6,0,2
429,6,1,2
429,6,2,2
429,6,3,2
429,6,3,83
429,6,4,2
429,6,5,2
429,6,6,2
429,5,6,2
429,4,6,2
429,3,6,2
429,2,6,2
429,1,6,2
429,0,6,2
429,0,6,28
429,1,6,2
429,2,6,2
429,2,5,2
429,3,5,2
429,3,4,2
429,4,4,2
429,5,4,2
429,6,4,2
429,7,4,2
429,7,4,112
430,7,0,2
430,7,1,2
430,6,1,2
430,6,2,2
430,6,3,2
430,6,4,2
430,6,5,2
430,6,6,2
430,6,7,2
430,6,8,2
430,6,9,2
430,6,9,20
430,6,8,2
430,6,7,2
430,5,7,2
430,5,6,2
430,5,5,2
430,5,4,2
430,5,3,2
430,5,2,2
430,5,1,2
430,5,0,2
430,5,0,27
430,4,0,2
430,3,0,2
430,2,0,2
430,1,0,2
430,0,0,2
430,0,0,28
430,1,0,2
430,2,0,2
430,3,0,2
430,4,0,2
430,5,0,2
430,6,0,2
430,6,1,2
430,6,2,2
430,7,2,2
430,7,3,2
430,7,4,2
430,7,4,75
431,7,0,2
431,6,0,2
431,6,1,2
431,5,1,2
431,5,2,2
431,4,2,2
431,3,2,2
431,3,3,2
431,3,4,2
431,3,5,2
431,3,5,42
431,4,5,2
431,4,6,2
431,4,6,63
431,5,6,2
431,5,5,2
431,5,4,2
431,6,4,2
431,7,4,2
431,7,4,65
432,7,0,2
432,6,0,2
432,6,1,2
432,6,2,2
432,6,3,2
432,5,3,2
432,5,4,2
432,5,5,2
432,4,5,2
432,3,5,2
432,2,5,2
432,1,5,2
432,1,6,2
432,0,6,2
432,0,7,2
432,0,7,56
432,0,8,2
432,1,8,2
432,2,8,2
432,3,8,2
432,3,8,22
432,3,7,2
432,2,7,2
432,2,6,2
432,2,5,2
432,1,5,2
432,1,4,2
432,1,4,56
432,2,4,2
432,3,4,2
432,4,4,2
432,5,4,2
432,6,4,2
432,7,4,2
432,7,4,32
433,7,0,2
433,7,1,2
433,6,1,2
433,6,2,2
433,6,3,2
433,5,3,2
433,4,3,2
433,4,4,2
433,3,4,2
433,2,4,2
433,2,5,2
433,2,6,2
433,2,7,2
433,2,8,2
433,2,9,2
433,2,9,35
433,2,8,2
433,2,7,2
433,2,6,2
433,1,6,2
433,0,6,2
433,0,5,2
433,0,5,54
433,0,6,2
433,0,7,2
433,0,7,39
433,1,7,2
433,2,7,2
433,3,7,2
433,4,7,2
433,5,7,2
433,6,7,2
433,7,7,2
433,7,6,2
433,7,5,2
433,7,4,2
433,7,4,40
434,7,0,2
434,6,0,2
434,5,0,2
434,5,1,2
434,4,1,2
434,3,1,2
434,2,1,2
434,1,1,2
434,0,1,2
434,0,1,51
434,0,2,2
434,1,2,2
434,2,2,2
434,3,2,2
434,4,2,2
434,4,3,2
434,4,4,2
434,5,4,2
434,6,4,2
434,7,4,2
434,7,4,34
435,7,0,2
435,7,1,2
435,6,1,2
435,5,1,2
435,5,2,2
435,5,3,2
435,5,4,2
435,4,4,2
435,4,5,2
435,4,6,2
435,4,7,2
435,3,7,2
435,2,7,2
435,2,7,55
435,2,6,2
435,2,5,2
435,2,4,2
435,2,3,2
435,2,2,2
435,2,1,2
435,2,0,2
435,2,0,55
435,2,1,2
435,2,2,2
435,2,3,2
435,2,4,2
435,1,4,2
435,1,5,2
435,1,6,2
435,1,7,2
435,1,8,2
435,1,8,80
435,2,8,2
435,2,7,2
435,3,7,2
435,4,7,2
435,4,6,2
435,4,5,2
435,5,5,2
435,6,5,2
435,6,4,2
435,7,4,2
435,7,4,91
436,7,0,2
436,6,0,2
436,5,0,2
436,5,1,2
436,4,1,2
436,4,2,2
436,4,3,2
436,4,4,2
436,4,5,2
436,4,6,2
436,4,7,2
436,4,7,43
436,4,6,2
436,4,5,2
436,5,5,2
436,5,4,2
436,5,3,2
436,5,3,80
436,5,2,2
436,5,1,2
436,5,1,59
436,4,1,2
436,4,2,2
436,4,3,2
436,4,4,2
436,3,4,2
436,3,5,2
436,3,6,2
436,2,6,2
436,2,7,2
436,2,8,2
436,1,8,2
436,1,8,48
436,2,8,2
436,3,8,2
436,4,8,2
436,4,7,2
436,4,6,2
436,4,6,57
436,4,5,2
436,5,5,2
436,5,4,2
436,6,4,2
436,7,4,2
436,7,4,43
437,7,0,2
437,6,0,2
437,5,0,2
437,4,0,2
437,3,0,2
437,2,0,2
437,1,0,2
437,1,0,76
437,1,1,2
437,1,2,2
437,1,3,2
437,1,4,2
437,1,4,73
437,2,4,2
437,3,4,2
437,4,4,2
437,5,4,2
437,6,4,2
437,7,4,2
437,7,4,77
438,7,0,2
438,6,0,2
438,6,1,2
438,6,2,2
438,5,2,2
438,4,2,2
438,3,2,2
438,3,3,2
438,3,4,2
438,3,5,2
438,3,6,2
438,3,7,2
438,3,8,2
438,3,8,30
438,3,7,2
438,3,6,2
438,2,6,2
438,1,6,2
438,0,6,2
438,0,6,80
438,1,6,2
438,1,5,2
438,1,4,2
438,2,4,2
438,3,4,2
438,3,4,57
438,4,4,2
438,5,4,2
438,6,4,2
438,7,4,2
438,7,4,67
439,7,0,2
439,6,0,2
439,6,1,2
439,5,1,2
439,5,1,41
439,4,1,2
439,3,1,2
439,2,1,2
439,1,1,2
439,1,1,41
439,1,2,2
439,1,3,2
439,1,4,2
439,2,4,2
439,3,4,2
439,4,4,2
439,5,4,2
439,6,4,2
439,7,4,2
439,7,4,77
440,7,0,2
440,7,1,2
440,6,1,2
440,6,2,2
440,5,2,2
440,5,3,2
440,4,3,2
440,4,4,2
440,3,4,2
440,2,4,2
440,2,5,2
440,1,5,2
440,1,5,80
440,2,5,2
440,2,6,2
440,2,7,2
440,3,7,2
440,4,7,2
440,5,7,2
440,5,7,72
440,4,7,2
440,3,7,2
440,3,7,25
440,2,7,2
440,2,6,2
440,2,5,2
440,2,4,2
440,2,3,2
440,2,3,35
440,2,2,2
440,3,2,2
440,3,2,61
440,3,3,2
440,4,3,2
440,4,4,2
440,5,4,2
440,6,4,2
440,7,4,2
440,7,4,109
441,7,0,2
441,6,0,2
441,6,0,85
441,7,0,2
441,7,1,2
441,7,2,2
441,7,3,2
441,7,4,2
441,7,4,116
442,7,0,2
442,6,0,2
442,6,1,2
442,5,1,2
442,4,1,2
442,3,1,2
442,3,1,51
442,3,2,2
442,3,3,2
442,4,3,2
442,4,4,2
442,4,5,2
442,4,6,2
442,4,7,2
442,4,7,88
442,5,7,2
442,5,6,2
442,5,5,2
442,5,4,2
442,5,4,58
442,4,4,2
442,3,4,2
442,2,4,2
442,1,4,2
442,1,5,2
442,0,5,2
442,0,5,64
442,0,4,2
442,1,4,2
442,2,4,2
442,3,4,2
442,4,4,2
442,5,4,2
442,6,4,2
442,7,4,2
442,7,4,108
443,7,0,2
443,7,1,2
443,6,1,2
443,5,1,2
443,4,1,2
443,4,2,2
443,4,3,2
443,4,4,2
443,4,5,2
443,4,5,29
443,3,5,2
443,2,5,2
443,1,5,2
443,1,4,2
443,1,3,2
443,1,2,2
443,1,1,2
443,1,0,2
443,1,0,74
443,1,1,2
443,2,1,2
443,3,1,2
443,4,1,2
443,4,2,2
443,4,3,2
443,4,4,2
443,5,4,2
443,6,4,2
443,7,4,2
443,7,4,50
444,7,0,2
444,7,1,2
444,6,1,2
444,5,1,2
444,4,1,2
444,4,2,2
444,4,3,2
444,4,3,50
444,4,4,2
444,5,4,2
444,6,4,2
444,6,4,77
444,7,4,2
444,7,4,35
445,7,0,2
445,6,0,2
445,5,0,2
445,4,0,2
445,4,1,2
445,4,2,2
445,4,3,2
445,4,4,2
445,3,4,2
445,2,4,2
445,1,4,2
445,0,4,2
445,0,5,2
445,0,6,2
445,0,7,2
445,0,8,2
445,0,9,2
445,0,9,67
445,1,9,2
445,1,8,2
445,1,7,2
445,1,6,2
445,1,5,2
445,1,5,85
445,1,4,2
445,2,4,2
445,2,3,2
445,2,2,2
445,2,1,2
445,2,0,2
445,2,0,30
445,3,0,2
445,4,0,2
445,5,0,2
445,5,0,31
445,4,0,2
445,4,1,2
445,4,2,2
445,4,2,59
445,4,1,2
445,3,1,2
445,3,0,2
445,2,0,2
445,1,0,2
445,1,0,41
445,1,1,2
445,2,1,2
445,2,2,2
445,3,2,2
445,3,3,2
445,4,3,2
445,4,4,2
445,5,4,2
445,6,4,2
445,7,4,2
445,7,4,70
446,7,0,2
446,6,0,2
446,6,1,2
446,5,1,2
446,4,1,2
446,3,1,2
446,2,1,2
446,1,1,2
446,1,1,25
446,1,2,2
446,1,3,2
446,1,4,2
446,1,5,2
446,1,5,38
446,1,4,2
446,2,4,2
446,3,4,2
446,4,4,2
446,5,4,2
446,6,4,2
446,7,4,2
446,7,4,45
447,7,0,2
447,6,0,2
447,5,0,2
447,4,0,2
447,3,0,2
447,2,0,2
447,1,0,2
447,0,0,2
447,0,0,37
447,1,0,2
447,1,1,2
447,1,2,2
447,1,3,2
447,1,4,2
447,1,4,48
447,2,4,2
447,3,4,2
447,4,4,2
447,5,4,2
447,6,4,2
447,7,4,2
447,7,4,61
448,7,0,2
448,7,1,2
448,7,2,2
448,7,3,2
448,6,3,2
448,5,3,2
448,4,3,2
448,3,3,2
448,2,3,2
448,1,3,2
448,1,3,42
448,1,4,2
448,1,5,2
448,1,6,2
448,2,6,2
448,2,7,2
448,3,7,2
448,3,8,2
448,3,9,2
448,4,9,2
448,5,9,2
448,5,9,30
448,6,9,2
448,6,8,2
448,6,7,2
448,6,6,2
448,6,5,2
448,6,4,2
448,6,3,2
448,6,2,2
448,6,1,2
448,6,1,85
448,6,2,2
448,7,2,2
448,7,3,2
448,7,4,2
448,7,4,97
449,7,0,2
449,7,1,2
449,7,2,2
449,7,3,2
449,7,4,2
449,7,5,2
449,7,6,2
449,7,7,2
449,6,7,2
449,6,7,74
449,6,6,2
449,5,6,2
449,5,5,2
449,5,4,2
449,4,4,2
449,3,4,2
449,3,3,2
449,2,3,2
449,1,3,2
449,0,3,2
449,0,3,68
449,0,2,2
449,1,2,2
449,1,1,2
449,1,0,2
449,2,0,2
449,2,0,58
449,3,0,2
449,3,1,2
449,4,1,2
449,5,1,2
449,6,1,2
449,7,1,2
449,7,2,2
449,7,3,2
449,7,4,2
449,7,4,59
450,7,0,2
450,6,0,2
450,6,1,2
450,5,1,2
450,4,1,2
450,3,1,2
450,2,1,2
450,1,1,2
450,1,1,28
450,2,1,2
450,3,1,2
450,3,2,2
450,4,2,2
450,4,3,2
450,4,4,2
450,4,5,2
450,4,6,2
450,4,6,44
450,4,5,2
450,5,5,2
450,5,4,2
450,5,3,2
450,5,2,2
450,5,1,2
450,5,1,40
450,6,1,2
450,7,1,2
450,7,2,2
450,7,3,2
450,7,4,2
450,7,4,84
451,7,0,2
451,7,1,2
451,6,1,2
451,6,2,2
451,6,3,2
451,5,3,2
451,5,4,2
451,5,5,2
451,5,6,2
451,5,7,2
451,4,7,2
451,4,7,30
451,4,6,2
451,4,5,2
451,4,4,2
451,4,3,2
451,5,3,2
451,5,2,2
451,6,2,2
451,6,1,2
451,6,1,57
451,5,1,2
451,5,2,2
451,5,3,2
451,5,4,2
451,5,5,2
451,5,5,44
451,5,4,2
451,5,3,2
451,4,3,2
451,3,3,2
451,3,2,2
451,3,1,2
451,3,0,2
451,3,0,36
451,3,1,2
451,4,1,2
451,5,1,2
451,6,1,2
451,7,1,2
451,7,2,2
451,7,3,2
451,7,4,2
451,7,4,92
452,7,0,2
452,7,1,2
452,7,2,2
452,7,3,2
452,6,3,2
452,5,3,2
452,4,3,2
452,3,3,2
452,2,3,2
452,1,3,2
452,0,3,2
452,0,3,66
452,1,3,2
452,2,3,2
452,3,3,2
452,3,3,48
452,3,4,2
452,2,4,2
452,1,4,2
452,1,4,81
452,2,4,2
452,3,4,2
452,4,4,2
452,5,4,2
452,6,4,2
452,7,4,2
452,7,4,45
453,7,0,2
453,6,0,2
453,6,1,2
453,6,2,2
453,5,2,2
453,4,2,2
453,4,2,28
453,3,2,2
453,2,2,2
453,2,3,2
453,1,3,2
453,0,3,2
453,0,3,58
453,0,4,2
453,1,4,2
453,2,4,2
453,3,4,2
453,4,4,2
453,5,4,2
453,6,4,2
453,7,4,2
453,7,4,80
454,7,0,2
454,6,0,2
454,5,0,2
454,4,0,2
454,3,0,2
454,3,1,2
454,2,1,2
454,2,2,2
454,2,3,2
454,2,4,2
454,2,5,2
454,1,5,2
454,0,5,2
454,0,5,52
454,0,4,2
454,0,3,2
454,1,3,2
454,1,2,2
454,2,2,2
454,3,2,2
454,3,1,2
454,3,0,2
454,3,0,69
454,3,1,2
454,4,1,2
454,5,1,2
454,5,1,33
454,6,1,2
454,6,2,2
454,6,3,2
454,6,4,2
454,7,4,2
454,7,4,45
455,7,0,2
455,6,0,2
455,5,0,2
455,4,0,2
455,3,0,2
455,3,1,2
455,3,2,2
455,2,2,2
455,2,3,2
455,1,3,2
455,0,3,2
455,0,4,2
455,0,4,66
455,0,3,2
455,0,2,2
455,0,1,2
455,1,1,2
455,1,0,2
455,1,0,64
455,2,0,2
455,3,0,2
455,3,1,2
455,4,1,2
455,5,1,2
455,6,1,2
455,7,1,2
455,7,2,2
455,7,3,2
455,7,4,2
455,7,4,69
456,7,0,2
456,7,1,2
456,6,1,2
456,6,2,2
456,6,3,2
456,6,4,2
456,5,4,2
456,4,4,2
456,4,5,2
456,4,6,2
456,3,6,2
456,3,7,2
456,3,7,36
456,3,8,2
456,3,9,2
456,3,9,32
456,3,8,2
456,2,8,2
456,1,8,2
456,1,7,2
456,1,6,2
456,1,5,2
456,1,4,2
456,1,3,2
456,1,2,2
456,1,1,2
456,1,0,2
456,1,0,28
456,2,0,2
456,2,1,2
456,3,1,2
456,4,1,2
456,4,2,2
456,5,2,2
456,6,2,2
456,6,3,2
456,7,3,2
456,7,4,2
456,7,4,85
457,7,0,2
457,6,0,2
457,5,0,2
457,4,0,2
457,3,0,2
457,2,0,2
457,1,0,2
457,0,0,2
457,0,0,79
457,0,1,2
457,1,1,2
457,1,2,2
457,1,2,36
457,2,2,2
457,3,2,2
457,3,1,2
457,3,0,2
457,3,0,77
457,3,1,2
457,4,1,2
457,4,2,2
457,4,3,2
457,5,3,2
457,6,3,2
457,6,4,2
457,7,4,2
457,7,4,74
458,7,0,2
458,7,1,2
458,6,1,2
458,6,2,2
458,6,3,2
458,6,4,2
458,5,4,2
458,5,5,2
458,5,5,40
458,5,4,2
458,6,4,2
458,6,3,2
458,6,2,2
458,6,1,2
458,6,1,58
458,6,2,2
458,7,2,2
458,7,3,2
458,7,4,2
458,7,4,109
459,7,0,2
459,6,0,2
459,6,1,2
459,5,1,2
459,4,1,2
459,3,1,2
459,2,1,2
459,1,1,2
459,0,1,2
459,0,1,42
459,0,2,2
459,0,3,2
459,0,4,2
459,0,5,2
459,0,5,67
459,0,4,2
459,1,4,2
459,2,4,2
459,3,4,2
459,4,4,2
459,5,4,2
459,6,4,2
459,7,4,2
459,7,4,37
460,7,0,2
460,7,1,2
460,6,1,2
460,5,1,2
460,4,1,2
460,4,2,2
460,4,3,2
460,3,3,2
460,2,3,2
460,1,3,2
460,1,3,28
460,1,4,2
460,1,5,2
460,2,5,2
460,2,6,2
460,2,7,2
460,3,7,2
460,4,7,2
460,4,7,40
460,3,7,2
460,2,7,2
460,2,6,2
460,2,5,2
460,2,5,42
460,2,4,2
460,3,4,2
460,4,4,2
460,5,4,2
460,6,4,2
460,7,4,2
460,7,4,65
461,7,0,2
461,7,1,2
461,6,1,2
461,6,2,2
461,5,2,2
461,4,2,2
461,3,2,2
461,2,2,2
461,1,2,2
461,1,3,2
461,0,3,2
461,0,4,2
461,0,5,2
461,0,5,68
461,0,6,2
461,0,7,2
461,0,8,2
461,0,9,2
461,0,9,44
461,1,9,2
461,1,8,2
461,1,7,2
461,2,7,2
461,3,7,2
461,3,6,2
461,3,5,2
461,4,5,2
461,4,5,58
461,4,6,2
461,4,7,2
461,4,8,2
461,4,9,2
461,4,9,73
461,4,8,2
461,4,7,2
461,3,7,2
461,2,7,2
461,1,7,2
461,1,6,2
461,1,5,2
461,1,4,2
461,1,3,2
461,1,2,2
461,1,1,2
461,1,1,51
461,2,1,2
461,3,1,2
461,4,1,2
461,4,2,2
461,5,2,2
461,5,3,2
461,6,3,2
461,7,3,2
461,7,4,2
461,7,4,91
462,7,0,2
462,6,0,2
462,6,1,2
462,6,2,2
462,5,2,2
462,4,2,2
462,4,3,2
462,4,4,2
462,4,5,2
462,4,6,2
462,4,7,2
462,4,8,2
462,3,8,2
462,2,8,2
462,2,9,2
462,2,9,40
462,3,9,2
462,4,9,2
462,5,9,2
462,5,8,2
462,5,7,2
462,5,6,2
462,5,5,2
462,5,4,2
462,5,3,2
462,5,2,2
462,5,2,76
462,4,2,2
462,4,3,2
462,3,3,2
462,3,4,2
462,3,5,2
462,3,6,2
462,2,6,2
462,2,6,86
462,2,5,2
462,2,4,2
462,1,4,2
462,1,3,2
462,1,2,2
462,0,2,2
462,0,1,2
462,0,1,71
462,1,1,2
462,1,2,2
462,2,2,2
462,2,3,2
462,2,4,2
462,2,5,2
462,3,5,2
462,4,5,2
462,5,5,2
462,5,6,2
462,5,7,2
462,5,7,72
462,5,6,2
462,4,6,2
462,3,6,2
462,3,5,2
462,3,4,2
462,2,4,2
462,2,3,2
462,1,3,2
462,1,3,83
462,2,3,2
462,2,4,2
462,3,4,2
462,4,4,2
462,5,4,2
462,6,4,2
462,7,4,2
462,7,4,74
463,7,0,2
463,6,0,2
463,6,1,2
463,6,2,2
463,6,3,2
463,6,3,43
463,6,2,2
463,6,1,2
463,6,0,2
463,6,0,72
463,5,0,2
463,4,0,2
463,3,0,2
463,3,1,2
463,2,1,2
463,1,1,2
463,0,1,2
463,0,1,61
463,1,1,2
463,2,1,2
463,3,1,2
463,3,1,46
463,4,1,2
463,4,2,2
463,5,2,2
463,5,3,2
463,5,4,2
463,6,4,2
463,7,4,2
463,7,4,78
464,7,0,2
464,6,0,2
464,5,0,2
464,4,0,2
464,3,0,2
464,2,0,2
464,1,0,2
464,0,0,2
464,0,0,61
464,1,0,2
464,2,0,2
464,2,1,2
464,2,2,2
464,3,2,2
464,4,2,2
464,4,3,2
464,5,3,2
464,6,3,2
464,6,4,2
464,6,4,51
464,7,4,2
464,7,4,116
465,7,0,2
465,7,1,2
465,6,1,2
465,5,1,2
465,4,1,2
465,4,2,2
465,3,2,2
465,2,2,2
465,2,3,2
465,1,3,2
465,1,4,2
465,1,4,50
465,2,4,2
465,3,4,2
465,4,4,2
465,5,4,2
465,6,4,2
465,7,4,2
465,7,4,37
466,7,0,2
466,6,0,2
466,6,1,2
466,5,1,2
466,5,2,2
466,5,3,2
466,5,4,2
466,5,5,2
466,5,5,87
466,4,5,2
466,3,5,2
466,2,5,2
466,1,5,2
466,1,4,2
466,0,4,2
466,0,3,2
466,0,2,2
466,0,1,2
466,0,0,2
466,0,0,61
466,1,0,2
466,2,0,2
466,2,1,2
466,2,2,2
466,3,2,2
466,3,2,32
466,2,2,2
466,1,2,2
466,1,2,20
466,1,3,2
466,2,3,2
466,2,4,2
466,3,4,2
466,4,4,2
466,5,4,2
466,6,4,2
466,7,4,2
466,7,4,96
467,7,0,2
467,6,0,2
467,6,1,2
467,5,1,2
467,4,1,2
467,3,1,2
467,2,1,2
467,1,1,2
467,0,1,2
467,0,1,35
467,0,2,2
467,0,3,2
467,0,4,2
467,1,4,2
467,2,4,2
467,3,4,2
467,4,4,2
467,5,4,2
467,6,4,2
467,7,4,2
467,7,4,46
468,7,0,2
468,6,0,2
468,6,1,2
468,6,2,2
468,6,3,2
468,6,4,2
468,5,4,2
468,4,4,2
468,3,4,2
468,2,4,2
468,2,4,71
468,3,4,2
468,4,4,2
468,5,4,2
468,6,4,2
468,7,4,2
468,7,4,90
469,7,0,2
469,7,1,2
469,6,1,2
469,6,2,2
469,5,2,2
469,4,2,2
469,3,2,2
469,3,3,2
469,2,3,2
469,2,4,2
469,2,5,2
469,2,6,2
469,2,6,36
469,1,6,2
469,1,5,2
469,1,4,2
469,1,3,2
469,1,2,2
469,1,2,68
469,0,2,2
469,0,3,2
469,0,4,2
469,0,5,2
469,0,5,45
469,1,5,2
469,1,6,2
469,1,7,2
469,1,7,43
469,1,6,2
469,2,6,2
469,3,6,2
469,3,5,2
469,4,5,2
469,4,4,2
469,5,4,2
469,6,4,2
469,7,4,2
469,7,4,88
470,7,0,2
470,6,0,2
470,6,1,2
470,5,1,2
470,4,1,2
470,3,1,2
470,2,1,2
470,1,1,2
470,0,1,2
470,0,1,89
470,0,2,2
470,0,3,2
470,0,4,2
470,0,5,2
470,1,5,2
470,2,5,2
470,2,5,83
470,2,4,2
470,3,4,2
470,4,4,2
470,5,4,2
470,6,4,2
470,7,4,2
470,7,4,54
471,7,0,2
471,7,1,2
471,6,1,2
471,6,2,2
471,5,2,2
471,4,2,2
471,3,2,2
471,3,3,2
471,3,4,2
471,2,4,2
471,1,4,2
471,0,4,2
471,0,4,82
471,1,4,2
471,1,3,2
471,1,2,2
471,1,1,2
471,1,0,2
471,1,0,74
471,2,0,2
471,3,0,2
471,3,1,2
471,4,1,2
471,5,1,2
471,6,1,2
471,6,2,2
471,6,3,2
471,6,4,2
471,7,4,2
471,7,4,42
472,7,0,2
472,6,0,2
472,6,1,2
472,6,2,2
472,5,2,2
472,4,2,2
472,3,2,2
472,2,2,2
472,1,2,2
472,1,2,46
472,2,2,2
472,3,2,2
472,4,2,2
472,5,2,2
472,5,1,2
472,6,1,2
472,6,1,28
472,6,2,2
472,6,3,2
472,6,4,2
472,7,4,2
472,7,4,54
473,7,0,2
473,6,0,2
473,5,0,2
473,5,1,2
473,4,1,2
473,3,1,2
473,2,1,2
473,2,2,2
473,2,3,2
473,2,4,2
473,2,4,41
473,2,3,2
473,2,2,2
473,2,2,60
473,2,3,2
473,3,3,2
473,3,4,2
473,3,5,2
473,4,5,2
473,4,5,65
473,4,4,2
473,5,4,2
473,6,4,2
473,7,4,2
473,7,4,111
474,7,0,2
474,7,1,2
474,7,2,2
474,6,2,2
474,5,2,2
474,4,2,2
474,3,2,2
474,2,2,2
474,1,2,2
474,1,2,32
474,2,2,2
474,3,2,2
474,4,2,2
474,5,2,2
474,5,2,77
474,5,3,2
474,4,3,2
474,3,3,2
474,3,4,2
474,2,4,2
474,1,4,2
474,0,4,2
474,0,5,2
474,0,6,2
474,0,7,2
474,0,8,2
474,0,8,27
474,1,8,2
474,2,8,2
474,2,7,2
474,2,6,2
474,2,5,2
474,2,4,2
474,2,3,2
474,2,2,2
474,2,2,61
474,3,2,2
474,4,2,2
474,4,3,2
474,5,3,2
474,5,4,2
474,6,4,2
474,7,4,2
474,7,4,45
475,7,0,2
475,6,0,2
475,5,0,2
475,5,1,2
475,4,1,2
475,3,1,2
475,2,1,2
475,2,1,56
475,2,2,2
475,2,3,2
475,1,3,2
475,0,3,2
475,0,4,2
475,0,5,2
475,0,5,32
475,1,5,2
475,1,4,2
475,1,3,2
475,1,2,2
475,1,1,2
475,1,0,2
475,1,0,78
475,2,0,2
475,3,0,2
475,4,0,2
475,4,1,2
475,5,1,2
475,6,1,2
475,6,2,2
475,7,2,2
475,7,3,2
475,7,4,2
475,7,4,48
476,7,0,2
476,6,0,2
476,6,1,2
476,6,2,2
476,5,2,2
476,4,2,2
476,3,2,2
476,3,3,2
476,2,3,2
476,2,4,2
476,1,4,2
476,1,5,2
476,1,6,2
476,1,7,2
476,1,7,79
476,0,7,2
476,0,6,2
476,0,5,2
476,0,5,79
476,1,5,2
476,2,5,2
476,2,5,78
476,3,5,2
476,4,5,2
476,4,4,2
476,5,4,2
476,6,4,2
476,7,4,2
476,7,4,95
477,7,0,2
477,6,0,2
477,6,1,2
477,6,2,2
477,6,3,2
477,6,4,2
477,6,5,2
477,6,6,2
477,6,7,2
477,6,8,2
477,6,8,86
477,6,7,2
477,5,7,2
477,5,6,2
477,5,5,2
477,4,5,2
477,4,4,2
477,3,4,2
477,2,4,2
477,2,3,2
477,2,2,2
477,2,1,2
477,2,1,56
477,2,2,2
477,2,3,2
477,3,3,2
477,3,4,2
477,4,4,2
477,5,4,2
477,6,4,2
477,7,4,2
477,7,4,68
478,7,0,2
478,6,0,2
478,6,1,2
478,5,1,2
478,4,1,2
478,3,1,2
478,3,2,2
478,3,3,2
478,3,4,2
478,3,5,2
478,2,5,2
478,1,5,2
478,1,6,2
478,1,7,2
478,1,7,78
478,0,7,2
478,0,6,2
478,0,5,2
478,0,4,2
478,0,4,28
478,0,3,2
478,1,3,2
478,2,3,2
478,2,2,2
478,2,1,2
478,3,1,2
478,3,1,20
478,2,1,2
478,1,1,2
478,0,1,2
478,0,1,25
478,0,2,2
478,1,2,2
478,1,3,2
478,2,3,2
478,3,3,2
478,4,3,2
478,4,4,2
478,5,4,2
478,6,4,2
478,7,4,2
478,7,4,111
479,7,0,2
479,7,1,2
479,7,2,2
479,7,3,2
479,6,3,2
479,5,3,2
479,5,4,2
479,4,4,2
479,3,4,2
479,2,4,2
479,1,4,2
479,1,4,57
479,1,5,2
479,2,5,2
479,2,6,2
479,2,7,2
479,2,8,2
479,2,8,66
479,1,8,2
479,1,8,47
479,2,8,2
479,3,8,2
479,3,7,2
479,3,6,2
479,3,5,2
479,3,4,2
479,4,4,2
479,5,4,2
479,6,4,2
479,7,4,2
479,7,4,104
480,7,0,2
480,7,1,2
480,7,2,2
480,7,3,2
480,6,3,2
480,6,4,2
480,6,5,2
480,5,5,2
480,5,6,2
480,4,6,2
480,3,6,2
480,3,7,2
480,2,7,2
480,1,7,2
480,1,7,53
480,1,6,2
480,1,5,2
480,2,5,2
480,3,5,2
480,4,5,2
480,5,5,2
480,5,4,2
480,6,4,2
480,7,4,2
480,7,4,83
481,7,0,2
481,6,0,2
481,6,1,2
481,5,1,2
481,5,2,2
481,5,3,2
481,4,3,2
481,3,3,2
481,2,3,2
481,2,3,62
481,2,4,2
481,3,4,2
481,4,4,2
481,5,4,2
481,6,4,2
481,7,4,2
481,7,4,79
482,7,0,2
482,6,0,2
482,5,0,2
482,4,0,2
482,3,0,2
482,2,0,2
482,1,0,2
482,0,0,2
482,0,0,52
482,1,0,2
482,2,0,2
482,2,1,2
482,3,1,2
482,4,1,2
482,4,2,2
482,4,3,2
482,4,4,2
482,4,5,2
482,4,6,2
482,4,6,41
482,5,6,2
482,6,6,2
482,6,5,2
482,6,4,2
482,7,4,2
482,7,4,96
483,7,0,2
483,7,1,2
483,6,1,2
483,6,2,2
483,6,3,2
483,6,4,2
483,5,4,2
483,5,5,2
483,4,5,2
483,3,5,2
483,3,5,59
483,3,4,2
483,3,3,2
483,3,2,2
483,2,2,2
483,2,2,58
483,3,2,2
483,4,2,2
483,4,1,2
483,5,1,2
483,6,1,2
483,6,1,80
483,7,1,2
483,7,2,2
483,7,3,2
483,7,4,2
483,7,4,119
484,7,0,2
484,6,0,2
484,6,1,2
484,5,1,2
484,4,1,2
484,4,2,2
484,4,3,2
484,4,4,2
484,4,5,2
484,4,6,2
484,4,7,2
484,4,8,2
484,4,9,2
484,4,9,88
484,3,9,2
484,2,9,2
484,1,9,2
484,0,9,2
484,0,9,43
484,0,8,2
484,0,7,2
484,0,6,2
484,0,5,2
484,0,4,2
484,0,4,56
484,0,5,2
484,0,6,2
484,0,7,2
484,0,7,23
484,1,7,2
484,1,6,2
484,2,6,2
484,2,5,2
484,3,5,2
484,4,5,2
484,4,4,2
484,5,4,2
484,5,3,2
484,5,2,2
484,5,1,2
484,5,1,72
484,5,2,2
484,6,2,2
484,6,3,2
484,7,3,2
484,7,4,2
484,7,4,48
485,7,0,2
485,7,1,2
485,6,1,2
485,6,2,2
485,6,3,2
485,6,4,2
485,6,5,2
485,6,6,2
485,6,7,2
485,6,7,52
485,5,7,2
485,4,7,2
485,4,6,2
485,4,5,2
485,4,4,2
485,4,3,2
485,4,2,2
485,4,1,2
485,4,0,2
485,4,0,63
485,4,1,2
485,4,2,2
485,3,2,2
485,3,3,2
485,3,4,2
485,2,4,2
485,1,4,2
485,1,4,78
485,2,4,2
485,3,4,2
485,4,4,2
485,5,4,2
485,6,4,2
485,7,4,2
485,7,4,87
486,7,0,2
486,7,1,2
486,7,2,2
486,6,2,2
486,5,2,2
486,5,3,2
486,5,4,2
486,4,4,2
486,3,4,2
486,3,5,2
486,3,6,2
486,3,7,2
486,3,8,2
486,3,8,23
486,3,7,2
486,4,7,2
486,5,7,2
486,5,6,2
486,5,5,2
486,5,4,2
486,6,4,2
486,7,4,2
486,7,4,67
487,7,0,2
487,7,1,2
487,6,1,2
487,5,1,2
487,4,1,2
487,3,1,2
487,2,1,2
487,1,1,2
487,0,1,2
487,0,1,41
487,0,2,2
487,0,3,2
487,0,4,2
487,0,4,36
487,1,4,2
487,2,4,2
487,3,4,2
487,4,4,2
487,5,4,2
487,6,4,2
487,7,4,2
487,7,4,65
488,7,0,2
488,7,1,2
488,6,1,2
488,6,2,2
488,5,2,2
488,4,2,2
488,4,3,2
488,4,4,2
488,4,5,2
488,4,5,38
488,3,5,2
488,2,5,2
488,1,5,2
488,0,5,2
488,0,5,62
488,1,5,2
488,1,4,2
488,1,3,2
488,2,3,2
488,3,3,2
488,3,2,2
488,3,2,74
488,3,3,2
488,3,4,2
488,4,4,2
488,5,4,2
488,6,4,2
488,7,4,2
488,7,4,67
489,7,0,2
489,6,0,2
489,5,0,2
489,4,0,2
489,3,0,2
489,2,0,2
489,1,0,2
489,0,0,2
489,0,0,89
489,1,0,2
489,1,1,2
489,2,1,2
489,2,2,2
489,3,2,2
489,3,3,2
489,4,3,2
489,5,3,2
489,6,3,2
489,7,3,2
489,7,4,2
489,7,4,119
490,7,0,2
490,7,1,2
490,7,2,2
490,7,3,2
490,6,3,2
490,6,4,2
490,5,4,2
490,5,5,2
490,5,6,2
490,5,6,44
490,6,6,2
490,7,6,2
490,7,5,2
490,7,4,2
490,7,4,108
491,7,0,2
491,6,0,2
491,5,0,2
491,4,0,2
491,3,0,2
491,3,1,2
491,2,1,2
491,1,1,2
491,1,1,46
491,1,0,2
491,2,0,2
491,3,0,2
491,4,0,2
491,5,0,2
491,5,0,34
491,5,1,2
491,5,2,2
491,5,3,2
491,6,3,2
491,7,3,2
491,7,4,2
491,7,4,62
492,7,0,2
492,7,1,2
492,7,2,2
492,6,2,2
492,6,3,2
492,6,4,2
492,6,4,59
492,6,3,2
492,5,3,2
492,4,3,2
492,4,2,2
492,3,2,2
492,2,2,2
492,1,2,2
492,1,1,2
492,1,1,53
492,1,2,2
492,1,3,2
492,1,4,2
492,2,4,2
492,3,4,2
492,4,4,2
492,5,4,2
492,6,4,2
492,7,4,2
492,7,4,80
493,7,0,2
493,6,0,2
493,5,0,2
493,4,0,2
493,3,0,2
493,2,0,2
493,1,0,2
493,0,0,2
493,0,0,85
493,1,0,2
493,1,1,2
493,2,1,2
493,2,2,2
493,2,3,2
493,2,4,2
493,3,4,2
493,3,5,2
493,3,6,2
493,3,7,2
493,4,7,2
493,5,7,2
493,5,8,2
493,5,9,2
493,6,9,2
493,6,9,61
493,6,8,2
493,7,8,2
493,7,7,2
493,7,6,2
493,7,5,2
493,7,4,2
493,7,4,106
494,7,0,2
494,6,0,2
494,6,1,2
494,6,2,2
494,5,2,2
494,5,3,2
494,4,3,2
494,4,4,2
494,4,5,2
494,4,6,2
494,4,7,2
494,4,8,2
494,4,9,2
494,3,9,2
494,2,9,2
494,1,9,2
494,0,9,2
494,0,9,77
494,0,8,2
494,1,8,2
494,1,7,2
494,2,7,2
494,2,6,2
494,3,6,2
494,3,5,2
494,3,4,2
494,4,4,2
494,5,4,2
494,6,4,2
494,7,4,2
494,7,4,50
495,7,0,2
495,6,0,2
495,5,0,2
495,4,0,2
495,3,0,2
495,3,0,86
495,3,1,2
495,3,2,2
495,3,3,2
495,3,4,2
495,3,5,2
495,3,6,2
495,3,6,83
495,3,5,2
495,3,4,2
495,3,3,2
495,2,3,2
495,1,3,2
495,1,2,2
495,0,2,2
495,0,2,38
495,0,3,2
495,1,3,2
495,2,3,2
495,3,3,2
495,4,3,2
495,4,3,35
495,4,4,2
495,5,4,2
495,6,4,2
495,7,4,2
495,7,4,105
496,7,0,2
496,6,0,2
496,6,1,2
496,6,1,36
496,5,1,2
496,4,1,2
496,3,1,2
496,2,1,2
496,1,1,2
496,0,1,2
496,0,1,81
496,0,2,2
496,0,3,2
496,0,4,2
496,1,4,2
496,2,4,2
496,3,4,2
496,4,4,2
496,5,4,2
496,6,4,2
496,7,4,2
496,7,4,58
497,7,0,2
497,6,0,2
497,5,0,2
497,4,0,2
497,3,0,2
497,3,0,25
497,4,0,2
497,4,1,2
497,5,1,2
497,5,2,2
497,5,3,2
497,5,4,2
497,6,4,2
497,7,4,2
497,7,4,52
498,7,0,2
498,6,0,2
498,6,1,2
498,6,1,27
498,6,2,2
498,6,3,2
498,6,4,2
498,7,4,2
498,7,4,79
499,7,0,2
499,6,0,2
499,6,1,2
499,5,1,2
499,4,1,2
499,3,1,2
499,2,1,2
499,1,1,2
499,1,2,2
499,1,3,2
499,1,4,2
499,1,5,2
499,1,6,2
499,1,7,2
499,1,8,2
499,1,9,2
499,1,9,47
499,1,8,2
499,1,7,2
499,1,6,2
499,1,5,2
499,1,4,2
499,1,3,2
499,1,2,2
499,1,1,2
499,1,1,59
499,1,2,2
499,1,3,2
499,1,4,2
499,2,4,2
499,3,4,2
499,4,4,2
499,5,4,2
499,6,4,2
499,7,4,2
499,7,4,69
500,7,0,2
500,7,1,2
500,6,1,2
500,5,1,2
500,4,1,2
500,3,1,2
500,3,2,2
500,3,3,2
500,3,4,2
500,3,5,2
500,3,6,2
500,3,7,2
500,3,7,79
500,4,7,2
500,5,7,2
500,6,7,2
500,7,7,2
500,7,6,2
500,7,5,2
500,7,4,2
500,7,4,93
501,7,0,2
501,6,0,2
501,5,0,2
501,5,1,2
501,5,2,2
501,5,3,2
501,4,3,2
501,4,4,2
501,3,4,2
501,2,4,2
501,2,5,2
501,2,6,2
501,2,7,2
501,2,8,2
501,2,9,2
501,2,9,57
501,2,8,2
501,3,8,2
501,4,8,2
501,5,8,2
501,6,8,2
501,7,8,2
501,7,7,2
501,7,6,2
501,7,5,2
501,7,4,2
501,7,4,77
502,7,0,2
502,6,0,2
502,6,1,2
502,5,1,2
502,4,1,2
502,3,1,2
502,2,1,2
502,1,1,2
502,1,1,43
502,1,2,2
502,1,3,2
502,1,4,2
502,2,4,2
502,3,4,2
502,4,4,2
502,5,4,2
502,6,4,2
502,7,4,2
502,7,4,111
503,7,0,2
503,7,1,2
503,7,2,2
503,7,3,2
503,6,3,2
503,5,3,2
503,4,3,2
503,4,3,29
503,4,2,2
503,3,2,2
503,2,2,2
503,2,2,24
503,3,2,2
503,3,3,2
503,4,3,2
503,5,3,2
503,5,4,2
503,6,4,2
503,7,4,2
503,7,4,102
504,7,0,2
504,7,1,2
504,7,2,2
504,7,3,2
504,6,3,2
504,5,3,2
504,4,3,2
504,4,3,45
504,4,4,2
504,5,4,2
504,6,4,2
504,7,4,2
504,7,4,44
505,7,0,2
505,7,1,2
505,6,1,2
505,6,2,2
505,5,2,2
505,5,3,2
505,5,4,2
505,5,5,2
505,5,6,2
505,5,7,2
505,5,8,2
505,5,9,2
505,5,9,78
505,5,8,2
505,5,7,2
505,4,7,2
505,4,6,2
505,4,5,2
505,4,4,2
505,4,3,2
505,3,3,2
505,2,3,2
505,1,3,2
505,0,3,2
505,0,3,50
505,1,3,2
505,2,3,2
505,2,4,2
505,3,4,2
505,4,4,2
505,5,4,2
505,6,4,2
505,7,4,2
505,7,4,49
506,7,0,2
506,7,1,2
506,7,2,2
506,6,2,2
506,5,2,2
506,5,3,2
506,5,3,35
506,5,2,2
506,4,2,2
506,3,2,2
506,2,2,2
506,2,2,42
506,2,3,2
506,3,3,2
506,4,3,2
506,5,3,2
506,5,4,2
506,6,4,2
506,7,4,2
506,7,4,50
507,7,0,2
507,6,0,2
507,5,0,2
507,5,1,2
507,5,1,52
507,5,2,2
507,5,3,2
507,6,3,2
507,7,3,2
507,7,4,2
507,7,4,70
508,7,0,2
508,7,1,2
508,6,1,2
508,6,2,2
508,6,3,2
508,5,3,2
508,4,3,2
508,3,3,2
508,3,4,2
508,3,5,2
508,3,6,2
508,3,7,2
508,3,8,2
508,3,9,2
508,3,9,36
508,3,8,2
508,2,8,2
508,1,8,2
508,1,7,2
508,1,6,2
508,1,5,2
508,1,4,2
508,1,3,2
508,1,2,2
508,1,1,2
508,1,1,57
508,2,1,2
508,3,1,2
508,4,1,2
508,5,1,2
508,5,1,63
508,5,2,2
508,5,3,2
508,5,4,2
508,6,4,2
508,7,4,2
508,7,4,91
509,7,0,2
509,6,0,2
509,5,0,2
509,5,1,2
509,5,2,2
509,5,3,2
509,5,4,2
509,5,5,2
509,5,5,68
509,5,4,2
509,6,4,2
509,7,4,2
509,7,4,97
510,7,0,2
510,7,1,2
510,6,1,2
510,5,1,2
510,4,1,2
510,4,2,2
510,3,2,2
510,2,2,2
510,1,2,2
510,1,2,54
510,1,1,2
510,1,1,43
510,1,2,2
510,2,2,2
510,3,2,2
510,3,3,2
510,4,3,2
510,5,3,2
510,6,3,2
510,7,3,2
510,7,4,2
510,7,4,86
511,7,0,2
511,7,1,2
511,6,1,2
511,6,2,2
511,6,3,2
511,6,4,2
511,6,5,2
511,6,6,2
511,6,7,2
511,6,7,68
511,6,6,2
511,7,6,2
511,7,5,2
511,7,4,2
511,7,4,59
512,7,0,2
512,7,1,2
512,6,1,2
512,5,1,2
512,4,1,2
512,3,1,2
512,2,1,2
512,1,1,2
512,1,2,2
512,1,2,41
512,1,3,2
512,2,3,2
512,2,4,2
512,2,5,2
512,3,5,2
512,3,6,2
512,3,7,2
512,4,7,2
512,4,8,2
512,5,8,2
512,6,8,2
512,6,8,28
512,5,8,2
512,4,8,2
512,4,7,2
512,4,6,2
512,3,6,2
512,3,5,2
512,3,4,2
512,2,4,2
512,1,4,2
512,0,4,2
512,0,4,32
512,0,3,2
512,0,2,2
512,1,2,2
512,1,1,2
512,2,1,2
512,3,1,2
512,4,1,2
512,4,1,64
512,3,1,2
512,2,1,2
512,2,2,2
512,2,3,2
512,2,4,2
512,2,5,2
512,2,6,2
512,2,7,2
512,2,7,31
512,2,8,2
512,2,9,2
512,2,9,25
512,3,9,2
512,3,8,2
512,4,8,2
512,5,8,2
512,5,7,2
512,5,6,2
512,6,6,2
512,7,6,2
512,7,5,2
512,7,4,2
512,7,4,74
513,7,0,2
513,6,0,2
513,5,0,2
513,5,1,2
513,5,2,2
513,5,3,2
513,5,4,2
513,4,4,2
513,3,4,2
513,3,4,69
513,4,4,2
513,5,4,2
513,5,4,64
513,4,4,2
513,3,4,2
513,2,4,2
513,2,3,2
513,1,3,2
513,1,2,2
513,1,1,2
513,1,0,2
513,0,0,2
513,0,0,68
513,1,0,2
513,1,1,2
513,1,2,2
513,2,2,2
513,2,3,2
513,3,3,2
513,4,3,2
513,5,3,2
513,6,3,2
513,7,3,2
513,7,4,2
513,7,4,53
514,7,0,2
514,7,1,2
514,6,1,2
514,5,1,2
514,5,2,2
514,4,2,2
514,4,3,2
514,4,4,2
514,4,5,2
514,4,6,2
514,4,7,2
514,4,8,2
514,3,8,2
514,2,8,2
514,2,8,34
514,2,9,2
514,2,9,60
514,1,9,2
514,1,8,2
514,1,7,2
514,1,6,2
514,1,5,2
514,1,4,2
514,1,3,2
514,1,2,2
514,1,1,2
514,1,0,2
514,1,0,35
514,1,1,2
514,2,1,2
514,2,2,2
514,2,3,2
514,2,4,2
514,3,4,2
514,4,4,2
514,5,4,2
514,6,4,2
514,7,4,2
514,7,4,66
515,7,0,2
515,7,1,2
515,6,1,2
515,6,2,2
515,5,2,2
515,4,2,2
515,4,3,2
515,4,4,2
515,4,5,2
515,3,5,2
515,3,6,2
515,2,6,2
515,1,6,2
515,0,6,2
515,0,6,48
515,0,5,2
515,1,5,2
515,2,5,2
515,2,4,2
515,3,4,2
515,3,4,31
515,3,5,2
515,4,5,2
515,4,6,2
515,5,6,2
515,5,6,81
515,4,6,2
515,4,5,2
515,3,5,2
515,3,4,2
515,2,4,2
515,2,3,2
515,1,3,2
515,0,3,2
515,0,3,37
515,0,4,2
515,1,4,2
515,2,4,2
515,3,4,2
515,4,4,2
515,5,4,2
515,6,4,2
515,7,4,2
515,7,4,89
516,7,0,2
516,7,1,2
516,6,1,2
516,5,1,2
516,4,1,2
516,3,1,2
516,2,1,2
516,1,1,2
516,1,1,46
516,1,2,2
516,2,2,2
516,3,2,2
516,4,2,2
516,4,3,2
516,4,4,2
516,5,4,2
516,6,4,2
516,7,4,2
516,7,4,33
517,7,0,2
517,7,1,2
517,7,2,2
517,7,3,2
517,7,4,2
517,7,5,2
517,7,6,2
517,7,7,2
517,6,7,2
517,6,8,2
517,5,8,2
517,4,8,2
517,3,8,2
517,2,8,2
517,1,8,2
517,1,8,70
517,2,8,2
517,3,8,2
517,3,8,40
517,2,8,2
517,2,7,2
517,2,6,2
517,2,5,2
517,2,4,2
517,2,3,2
517,2,2,2
517,2,1,2
517,2,0,2
517,2,0,71
517,2,1,2
517,2,2,2
517,2,3,2
517,3,3,2
517,3,4,2
517,4,4,2
517,5,4,2
517,6,4,2
517,7,4,2
517,7,4,34
518,7,0,2
518,6,0,2
518,5,0,2
518,4,0,2
518,3,0,2
518,2,0,2
518,1,0,2
518,0,0,2
518,0,0,25
518,0,1,2
518,0,2,2
518,0,3,2
518,0,4,2
518,0,5,2
518,0,5,25
518,1,5,2
518,2,5,2
518,3,5,2
518,4,5,2
518,4,4,2
518,5,4,2
518,6,4,2
518,7,4,2
518,7,4,118
519,7,0,2
519,6,0,2
519,5,0,2
519,4,0,2
519,3,0,2
519,2,0,2
519,1,0,2
519,1,0,29
519,0,0,2
519,0,1,2
519,0,2,2
519,0,3,2
519,0,4,2
519,0,5,2
519,0,5,67
519,0,4,2
519,1,4,2
519,2,4,2
519,3,4,2
519,4,4,2
519,5,4,2
519,6,4,2
519,7,4,2
519,7,4,113
520,7,0,2
520,7,1,2
520,7,2,2
520,7,3,2
520,6,3,2
520,6,4,2
520,6,5,2
520,6,6,2
520,5,6,2
520,4,6,2
520,3,6,2
520,2,6,2
520,2,7,2
520,1,7,2
520,1,7,45
520,1,6,2
520,0,6,2
520,0,5,2
520,0,4,2
520,0,4,55
520,1,4,2
520,2,4,2
520,3,4,2
520,4,4,2
520,5,4,2
520,6,4,2
520,7,4,2
520,7,4,42
521,7,0,2
521,6,0,2
521,6,1,2
521,6,2,2
521,6,2,34
521,6,3,2
521,7,3,2
521,7,4,2
521,7,4,79
522,7,0,2
522,7,1,2
522,6,1,2
522,6,2,2
522,6,3,2
522,5,3,2
522,4,3,2
522,4,3,89
522,5,3,2
522,6,3,2
522,6,4,2
522,7,4,2
522,7,4,88
523,7,0,2
523,6,0,2
523,5,0,2
523,5,1,2
523,4,1,2
523,3,1,2
523,2,1,2
523,2,1,21
523,1,1,2
523,0,1,2
523,0,0,2
523,0,0,35
523,0,1,2
523,0,2,2
523,0,3,2
523,0,4,2
523,0,5,2
523,0,5,52
523,1,5,2
523,1,4,2
523,2,4,2
523,3,4,2
523,4,4,2
523,5,4,2
523,6,4,2
523,7,4,2
523,7,4,72
524,7,0,2
524,7,1,2
524,6,1,2
524,5,1,2
524,4,1,2
524,3,1,2
524,2,1,2
524,1,1,2
524,1,1,60
524,2,1,2
524,2,2,2
524,3,2,2
524,3,3,2
524,3,4,2
524,3,4,84
524,4,4,2
524,5,4,2
524,6,4,2
524,7,4,2
524,7,4,56
525,7,0,2
525,6,0,2
525,6,1,2
525,6,2,2
525,5,2,2
525,5,3,2
525,5,4,2
525,4,4,2
525,4,4,43
525,3,4,2
525,3,3,2
525,3,2,2
525,2,2,2
525,1,2,2
525,1,1,2
525,0,1,2
525,0,0,2
525,0,0,66
525,1,0,2
525,1,1,2
525,1,2,2
525,2,2,2
525,2,3,2
525,3,3,2
525,3,4,2
525,4,4,2
525,5,4,2
525,5,5,2
525,5,6,2
525,6,6,2
525,6,7,2
525,6,8,2
525,6,8,62
525,6,7,2
525,7,7,2
525,7,6,2
525,7,5,2
525,7,4,2
525,7,4,80
526,7,0,2
526,6,0,2
526,6,1,2
526,6,2,2
526,6,3,2
526,6,4,2
526,6,5,2
526,6,6,2
526,6,7,2
526,6,8,2
526,6,8,82
526,7,8,2
526,7,7,2
526,7,6,2
526,7,5,2
526,7,4,2
526,7,4,88
527,7,0,2
527,6,0,2
527,6,1,2
527,6,2,2
527,6,3,2
527,6,4,2
527,6,4,67
527,7,4,2
527,7,4,48
528,7,0,2
528,6,0,2
528,5,0,2
528,4,0,2
528,3,0,2
528,2,0,2
528,1,0,2
528,0,0,2
528,0,0,37
528,1,0,2
528,2,0,2
528,3,0,2
528,4,0,2
528,5,0,2
528,5,0,39
528,5,1,2
528,5,2,2
528,5,3,2
528,5,4,2
528,6,4,2
528,7,4,2
528,7,4,112
529,7,0,2
529,6,0,2
529,6,1,2
529,5,1,2
529,4,1,2
529,3,1,2
529,2,1,2
529,1,1,2
529,1,1,79
529,2,1,2
529,2,2,2
529,2,3,2
529,3,3,2
529,3,4,2
529,4,4,2
529,5,4,2
529,6,4,2
529,7,4,2
529,7,4,87
530,7,0,2
530,6,0,2
530,5,0,2
530,5,1,2
530,5,2,2
530,5,3,2
530,4,3,2
530,3,3,2
530,3,4,2
530,2,4,2
530,2,5,2
530,2,6,2
530,2,7,2
530,2,8,2
530,2,9,2
530,2,9,20
530,2,8,2
530,2,7,2
530,1,7,2
530,0,7,2
530,0,6,2
530,0,5,2
530,0,4,2
530,0,3,2
530,0,2,2
530,0,1,2
530,0,0,2
530,0,0,53
530,0,1,2
530,0,2,2
530,1,2,2
530,2,2,2
530,3,2,2
530,4,2,2
530,5,2,2
530,5,2,49
530,4,2,2
530,4,3,2
530,3,3,2
530,3,4,2
530,3,5,2
530,3,6,2
530,3,7,2
530,3,7,82
530,4,7,2
530,5,7,2
530,6,7,2
530,7,7,2
530,7,6,2
530,7,5,2
530,7,4,2
530,7,4,54
531,7,0,2
531,7,1,2
531,7,2,2
531,6,2,2
531,5,2,2
531,4,2,2
531,3,2,2
531,3,3,2
531,2,3,2
531,1,3,2
531,1,4,2
531,1,4,79
531,1,3,2
531,1,2,2
531,1,1,2
531,1,0,2
531,1,0,28
531,1,1,2
531,2,1,2
531,2,2,2
531,3,2,2
531,3,2,20
531,2,2,2
531,1,2,2
531,1,2,80
531,2,2,2
531,2,3,2
531,2,4,2
531,3,4,2
531,4,4,2
531,5,4,2
531,6,4,2
531,7,4,2
531,7,4,88
532,7,0,2
532,6,0,2
532,6,1,2
532,5,1,2
532,5,1,51
532,4,1,2
532,3,1,2
532,2,1,2
532,1,1,2
532,0,1,2
532,0,1,47
532,0,0,2
532,1,0,2
532,2,0,2
532,3,0,2
532,4,0,2
532,4,0,34
532,3,0,2
532,3,1,2
532,3,2,2
532,2,2,2
532,1,2,2
532,0,2,2
532,0,3,2
532,0,4,2
532,0,5,2
532,0,6,2
532,0,7,2
532,0,8,2
532,0,8,82
532,0,7,2
532,1,7,2
532,2,7,2
532,2,6,2
532,3,6,2
532,4,6,2
532,4,5,2
532,5,5,2
532,6,5,2
532,7,5,2
532,7,4,2
532,7,4,61
533,7,0,2
533,6,0,2
533,6,0,48
533,5,0,2
533,4,0,2
533,3,0,2
533,3,1,2
533,3,2,2
533,3,3,2
533,3,4,2
533,3,5,2
533,3,5,33
533,4,5,2
533,4,4,2
533,5,4,2
533,6,4,2
533,7,4,2
533,7,4,47
534,7,0,2
534,6,0,2
534,5,0,2
534,5,1,2
534,4,1,2
534,3,1,2
534,2,1,2
534,1,1,2
534,0,1,2
534,0,1,26
534,0,2,2
534,1,2,2
534,1,2,27
534,1,3,2
534,1,4,2
534,1,5,2
534,1,6,2
534,1,7,2
534,1,8,2
534,1,9,2
534,1,9,86
534,2,9,2
534,3,9,2
534,3,8,2
534,4,8,2
534,4,7,2
534,4,6,2
534,4,5,2
534,4,4,2
534,4,3,2
534,4,3,20
534,5,3,2
534,5,4,2
534,6,4,2
534,7,4,2
534,7,4,51
535,7,0,2
535,6,0,2
535,6,1,2
535,6,2,2
535,6,3,2
535,6,4,2
535,6,5,2
535,6,6,2
535,6,7,2
535,6,8,2
535,6,8,49
535,6,7,2
535,6,6,2
535,6,5,2
535,7,5,2
535,7,4,2
535,7,4,97
536,7,0,2
536,6,0,2
536,5,0,2
536,4,0,2
536,4,1,2
536,4,1,34
536,4,2,2
536,5,2,2
536,6,2,2
536,6,3,2
536,7,3,2
536,7,4,2
536,7,4,99
537,7,0,2
537,7,1,2
537,6,1,2
537,5,1,2
537,4,1,2
537,3,1,2
537,2,1,2
537,1,1,2
537,0,1,2
537,0,1,34
537,0,0,2
537,1,0,2
537,2,0,2
537,3,0,2
537,4,0,2
537,5,0,2
537,6,0,2
537,6,0,75
537,5,0,2
537,4,0,2
537,4,1,2
537,4,2,2
537,4,3,2
537,4,4,2
537,4,5,2
537,4,6,2
537,3,6,2
537,2,6,2
537,2,7,2
537,2,8,2
537,2,9,2
537,1,9,2
537,1,9,79
537,2,9,2
537,2,8,2
537,3,8,2
537,3,7,2
537,4,7,2
537,5,7,2
537,5,6,2
537,6,6,2
537,6,5,2
537,7,5,2
537,7,4,2
537,7,4,72
538,7,0,2
538,7,1,2
538,7,2,2
538,7,3,2
538,7,4,2
538,7,5,2
538,7,6,2
538,6,6,2
538,6,7,2
538,6,7,56
538,6,6,2
538,6,5,2
538,7,5,2
538,7,4,2
538,7,4,89
539,7,0,2
539,7,1,2
539,6,1,2
539,5,1,2
539,4,1,2
539,3,1,2
539,3,1,25
539,3,2,2
539,4,2,2
539,5,2,2
539,5,3,2
539,5,4,2
539,5,5,2
539,5,6,2
539,5,7,2
539,5,7,58
539,4,7,2
539,3,7,2
539,2,7,2
539,1,7,2
539,1,7,46
539,1,6,2
539,2,6,2
539,2,5,2
539,3,5,2
539,3,4,2
539,4,4,2
539,5,4,2
539,6,4,2
539,7,4,2
539,7,4,98
540,7,0,2
540,7,1,2
540,6,1,2
540,6,2,2
540,5,2,2
540,4,2,2
540,4,3,2
540,3,3,2
540,2,3,2
540,1,3,2
540,0,3,2
540,0,3,38
540,0,2,2
540,0,1,2
540,0,1,81
540,1,1,2
540,2,1,2
540,2,2,2
540,2,3,2
540,3,3,2
540,3,4,2
540,4,4,2
540,5,4,2
540,6,4,2
540,7,4,2
540,7,4,71
541,7,0,2
541,6,0,2
541,5,0,2
541,4,0,2
541,3,0,2
541,2,0,2
541,1,0,2
541,1,0,54
541,2,0,2
541,3,0,2
541,3,1,2
541,4,1,2
541,4,2,2
541,4,3,2
541,4,4,2
541,5,4,2
541,5,4,36
541,6,4,2
541,7,4,2
541,7,4,80
542,7,0,2
542,6,0,2
542,6,1,2
542,5,1,2
542,5,2,2
542,5,3,2
542,5,3,39
542,4,3,2
542,4,2,2
542,4,1,2
542,3,1,2
542,2,1,2
542,1,1,2
542,1,1,24
542,1,2,2
542,2,2,2
542,2,2,33
542,3,2,2
542,3,3,2
542,4,3,2
542,4,4,2
542,5,4,2
542,6,4,2
542,7,4,2
542,7,4,43
543,7,0,2
543,6,0,2
543,5,0,2
543,5,1,2
543,4,1,2
543,3,1,2
543,2,1,2
543,1,1,2
543,1,1,82
543,1,2,2
543,1,3,2
543,1,4,2
543,1,5,2
543,0,5,2
543,0,5,52
543,0,6,2
543,1,6,2
543,1,6,22
543,2,6,2
543,3,6,2
543,4,6,2
543,5,6,2
543,6,6,2
543,6,5,2
543,6,4,2
543,7,4,2
543,7,4,108
544,7,0,2
544,6,0,2
544,6,1,2
544,6,2,2
544,5,2,2
544,5,3,2
544,5,4,2
544,4,4,2
544,3,4,2
544,2,4,2
544,1,4,2
544,1,4,80
544,0,4,2
544,0,3,2
544,0,2,2
544,0,1,2
544,0,1,51
544,0,2,2
544,1,2,2
544,1,3,2
544,1,4,2
544,1,5,2
544,1,6,2
544,1,7,2
544,1,7,20
544,1,6,2
544,1,5,2
544,1,4,2
544,2,4,2
544,3,4,2
544,4,4,2
544,5,4,2
544,6,4,2
544,7,4,2
544,7,4,59
545,7,0,2
545,7,1,2
545,6,1,2
545,5,1,2
545,4,1,2
545,3,1,2
545,2,1,2
545,1,1,2
545,1,1,37
545,1,2,2
545,1,3,2
545,1,3,26
545,2,3,2
545,3,3,2
545,3,3,78
545,3,4,2
545,4,4,2
545,5,4,2
545,6,4,2
545,7,4,2
545,7,4,102
546,7,0,2
546,6,0,2
546,5,0,2
546,5,1,2
546,4,1,2
546,4,2,2
546,4,3,2
546,4,4,2
546,4,5,2
546,4,6,2
546,4,7,2
546,4,8,2
546,4,8,39
546,3,8,2
546,3,7,2
546,2,7,2
546,2,6,2
546,2,5,2
546,2,4,2
546,2,3,2
546,2,2,2
546,2,1,2
546,2,1,59
546,3,1,2
546,4,1,2
546,5,1,2
546,6,1,2
546,7,1,2
546,7,2,2
546,7,3,2
546,7,4,2
546,7,4,53
547,7,0,2
547,6,0,2
547,6,1,2
547,6,2,2
547,5,2,2
547,5,3,2
547,5,4,2
547,5,4,76
547,4,4,2
547,4,3,2
547,3,3,2
547,3,2,2
547,2,2,2
547,2,1,2
547,1,1,2
547,0,1,2
547,0,1,85
547,0,2,2
547,0,2,83
547,1,2,2
547,2,2,2
547,3,2,2
547,3,3,2
547,4,3,2
547,5,3,2
547,5,4,2
547,6,4,2
547,7,4,2
547,7,4,91
548,7,0,2
548,6,0,2
548,6,1,2
548,5,1,2
548,4,1,2
548,3,1,2
548,2,1,2
548,1,1,2
548,0,1,2
548,0,1,71
548,1,1,2
548,2,1,2
548,2,2,2
548,2,2,24
548,2,3,2
548,3,3,2
548,4,3,2
548,4,4,2
548,5,4,2
548,6,4,2
548,7,4,2
548,7,4,108
549,7,0,2
549,6,0,2
549,5,0,2
549,4,0,2
549,3,0,2
549,2,0,2
549,1,0,2
549,1,0,59
549,1,1,2
549,2,1,2
549,2,2,2
549,2,3,2
549,2,4,2
549,2,5,2
549,2,6,2
549,2,7,2
549,2,8,2
549,2,8,25
549,3,8,2
549,3,7,2
549,3,6,2
549,4,6,2
549,5,6,2
549,5,5,2
549,5,4,2
549,5,3,2
549,5,3,38
549,4,3,2
549,4,4,2
549,3,4,2
549,2,4,2
549,1,4,2
549,1,4,88
549,2,4,2
549,3,4,2
549,4,4,2
549,5,4,2
549,6,4,2
549,7,4,2
549,7,4,110
550,7,0,2
550,7,1,2
550,7,2,2
550,6,2,2
550,5,2,2
550,4,2,2
550,3,2,2
550,2,2,2
550,1,2,2
550,0,2,2
550,0,2,67
550,1,2,2
550,1,1,2
550,1,1,40
550,1,0,2
550,2,0,2
550,3,0,2
550,3,0,23
550,3,1,2
550,4,1,2
550,4,2,2
550,5,2,2
550,6,2,2
550,6,3,2
550,7,3,2
550,7,4,2
550,7,4,39
551,7,0,2
551,7,1,2
551,6,1,2
551,6,2,2
551,6,3,2
551,5,3,2
551,5,4,2
551,4,4,2
551,3,4,2
551,3,5,2
551,3,6,2
551,3,7,2
551,3,8,2
551,3,9,2
551,3,9,79
551,3,8,2
551,3,7,2
551,3,6,2
551,2,6,2
551,1,6,2
551,0,6,2
551,0,5,2
551,0,4,2
551,0,3,2
551,0,2,2
551,0,2,31
551,0,3,2
551,0,4,2
551,0,5,2
551,0,6,2
551,0,7,2
551,0,8,2
551,0,8,86
551,0,7,2
551,1,7,2
551,2,7,2
551,2,6,2
551,2,5,2
551,2,4,2
551,2,3,2
551,2,2,2
551,2,1,2
551,2,0,2
551,2,0,75
551,2,1,2
551,3,1,2
551,4,1,2
551,4,2,2
551,5,2,2
551,5,3,2
551,6,3,2
551,6,4,2
551,7,4,2
551,7,4,101
552,7,0,2
552,6,0,2
552,6,1,2
552,6,2,2
552,5,2,2
552,4,2,2
552,3,2,2
552,2,2,2
552,1,2,2
552,0,2,2
552,0,2,46
552,1,2,2
552,2,2,2
552,3,2,2
552,4,2,2
552,5,2,2
552,5,2,41
552,5,3,2
552,6,3,2
552,6,4,2
552,7,4,2
552,7,4,113
553,7,0,2
553,7,1,2
553,6,1,2
553,5,1,2
553,4,1,2
553,4,2,2
553,4,3,2
553,4,4,2
553,4,4,86
553,4,5,2
553,4,6,2
553,4,7,2
553,4,7,59
553,5,7,2
553,5,6,2
553,6,6,2
553,6,5,2
553,7,5,2
553,7,4,2
553,7,4,42
554,7,0,2
554,6,0,2
554,5,0,2
554,4,0,2
554,4,1,2
554,3,1,2
554,2,1,2
554,2,2,2
554,1,2,2
554,1,3,2
554,1,4,2
554,1,4,27
554,1,3,2
554,1,2,2
554,0,2,2
554,0,1,2
554,0,1,44
554,1,1,2
554,2,1,2
554,2,2,2
554,2,3,2
554,3,3,2
554,4,3,2
554,5,3,2
554,5,4,2
554,6,4,2
554,7,4,2
554,7,4,57
555,7,0,2
555,6,0,2
555,5,0,2
555,5,1,2
555,5,2,2
555,5,3,2
555,5,4,2
555,5,4,89
555,5,5,2
555,4,5,2
555,3,5,2
555,2,5,2
555,2,5,59
555,1,5,2
555,1,4,2
555,1,3,2
555,1,2,2
555,1,1,2
555,1,0,2
555,1,0,72
555,2,0,2
555,3,0,2
555,4,0,2
555,5,0,2
555,5,0,49
555,5,1,2
555,5,2,2
555,6,2,2
555,6,3,2
555,6,4,2
555,7,4,2
555,7,4,70
556,7,0,2
556,6,0,2
556,6,1,2
556,5,1,2
556,5,1,63
556,4,1,2
556,3,1,2
556,2,1,2
556,2,1,79
556,2,2,2
556,3,2,2
556,3,3,2
556,3,4,2
556,3,5,2
556,4,5,2
556,4,6,2
556,4,7,2
556,4,8,2
556,5,8,2
556,6,8,2
556,6,8,48
556,7,8,2
556,7,7,2
556,7,6,2
556,7,5,2
556,7,4,2
556,7,4,81
557,7,0,2
557,6,0,2
557,5,0,2
557,4,0,2
557,3,0,2
557,2,0,2
557,1,0,2
557,1,0,70
557,1,1,2
557,1,2,2
557,1,2,66
557,2,2,2
557,2,3,2
557,2,4,2
557,3,4,2
557,4,4,2
557,5,4,2
557,6,4,2
557,7,4,2
557,7,4,52
558,7,0,2
558,6,0,2
558,5,0,2
558,5,0,75
558,5,1,2
558,4,1,2
558,4,2,2
558,4,3,2
558,4,3,20
558,3,3,2
558,2,3,2
558,2,2,2
558,2,1,2
558,1,1,2
558,1,1,22
558,2,1,2
558,3,1,2
558,3,1,35
558,3,2,2
558,4,2,2
558,5,2,2
558,5,3,2
558,5,4,2
558,5,5,2
558,5,5,21
558,6,5,2
558,6,4,2
558,7,4,2
558,7,4,79
559,7,0,2
559,6,0,2
559,5,0,2
559,5,1,2
559,5,1,61
559,5,0,2
559,4,0,2
559,3,0,2
559,2,0,2
559,1,0,2
559,1,0,66
559,1,1,2
559,2,1,2
559,2,2,2
559,2,3,2
559,3,3,2
559,3,4,2
559,3,5,2
559,3,6,2
559,3,7,2
559,3,7,49
559,3,6,2
559,3,5,2
559,4,5,2
559,5,5,2
559,6,5,2
559,7,5,2
559,7,4,2
559,7,4,109
560,7,0,2
560,6,0,2
560,5,0,2
560,4,0,2
560,3,0,2
560,2,0,2
560,1,0,2
560,1,0,79
560,1,1,2
560,2,1,2
560,2,2,2
560,2,3,2
560,2,4,2
560,3,4,2
560,4,4,2
560,5,4,2
560,6,4,2
560,6,4,22
560,5,4,2
560,4,4,2
560,3,4,2
560,2,4,2
560,1,4,2
560,0,4,2
560,0,4,60
560,0,3,2
560,0,3,64
560,0,4,2
560,1,4,2
560,2,4,2
560,3,4,2
560,3,4,75
560,4,4,2
560,5,4,2
560,6,4,2
560,7,4,2
560,7,4,57
561,7,0,2
561,6,0,2
561,5,0,2
561,4,0,2
561,3,0,2
561,2,0,2
561,1,0,2
561,1,0,24
561,1,1,2
561,2,1,2
561,3,1,2
561,3,2,2
561,3,3,2
561,3,4,2
561,3,4,88
561,4,4,2
561,4,5,2
561,5,5,2
561,5,5,67
561,4,5,2
561,4,4,2
561,4,3,2
561,4,2,2
561,4,1,2
561,3,1,2
561,3,0,2
561,2,0,2
561,2,0,27
561,2,1,2
561,1,1,2
561,1,2,2
561,0,2,2
561,0,2,72
561,0,3,2
561,0,4,2
561,1,4,2
561,2,4,2
561,3,4,2
561,4,4,2
561,5,4,2
561,6,4,2
561,7,4,2
561,7,4,86
562,7,0,2
562,7,1,2
562,7,2,2
562,6,2,2
562,6,3,2
562,5,3,2
562,4,3,2
562,3,3,2
562,2,3,2
562,2,3,53
562,1,3,2
562,1,4,2
562,1,4,86
562,1,3,2
562,1,2,2
562,1,1,2
562,1,0,2
562,1,0,66
562,1,1,2
562,2,1,2
562,2,2,2
562,3,2,2
562,3,3,2
562,3,4,2
562,4,4,2
562,5,4,2
562,6,4,2
562,7,4,2
562,7,4,112
563,7,0,2
563,7,1,2
563,7,2,2
563,7,3,2
563,6,3,2
563,5,3,2
563,5,4,2
563,4,4,2
563,3,4,2
563,2,4,2
563,2,4,28
563,1,4,2
563,0,4,2
563,0,3,2
563,0,2,2
563,0,1,2
563,0,1,59
563,0,2,2
563,0,3,2
563,0,3,38
563,1,3,2
563,1,4,2
563,2,4,2
563,3,4,2
563,4,4,2
563,5,4,2
563,6,4,2
563,7,4,2
563,7,4,93
564,7,0,2
564,7,1,2
564,6,1,2
564,5,1,2
564,5,2,2
564,4,2,2
564,4,3,2
564,4,4,2
564,3,4,2
564,2,4,2
564,2,5,2
564,1,5,2
564,0,5,2
564,0,6,2
564,0,7,2
564,0,8,2
564,0,8,31
564,0,7,2
564,0,6,2
564,0,5,2
564,0,4,2
564,0,3,2
564,0,2,2
564,0,1,2
564,0,1,43
564,1,1,2
564,1,2,2
564,1,3,2
564,1,4,2
564,2,4,2
564,3,4,2
564,4,4,2
564,5,4,2
564,6,4,2
564,7,4,2
564,7,4,119
565,7,0,2
565,7,1,2
565,7,2,2
565,7,3,2
565,7,4,2
565,6,4,2
565,5,4,2
565,4,4,2
565,4,5,2
565,3,5,2
565,2,5,2
565,1,5,2
565,0,5,2
565,0,5,50
565,0,4,2
565,1,4,2
565,1,3,2
565,2,3,2
565,3,3,2
565,4,3,2
565,4,2,2
565,5,2,2
565,6,2,2
565,6,2,42
565,6,3,2
565,6,4,2
565,5,4,2
565,5,5,2
565,4,5,2
565,4,6,2
565,4,7,2
565,3,7,2
565,3,8,2
565,3,8,42
565,4,8,2
565,4,7,2
565,4,6,2
565,5,6,2
565,5,5,2
565,6,5,2
565,6,4,2
565,7,4,2
565,7,4,98
566,7,0,2
566,7,1,2
566,6,1,2
566,5,1,2
566,5,2,2
566,4,2,2
566,4,3,2
566,3,3,2
566,2,3,2
566,2,3,89
566,3,3,2
566,3,4,2
566,4,4,2
566,5,4,2
566,6,4,2
566,6,4,73
566,7,4,2
566,7,4,30
567,7,0,2
567,7,1,2
567,6,1,2
567,6,2,2
567,6,3,2
567,6,4,2
567,6,5,2
567,6,6,2
567,6,7,2
567,6,8,2
567,5,8,2
567,4,8,2
567,3,8,2
567,2,8,2
567,1,8,2
567,1,8,36
567,2,8,2
567,2,7,2
567,2,6,2
567,2,5,2
567,3,5,2
567,4,5,2
567,5,5,2
567,5,5,49
567,6,5,2
567,6,4,2
567,7,4,2
567,7,4,109
568,7,0,2
568,6,0,2
568,5,0,2
568,5,1,2
568,5,2,2
568,5,3,2
568,4,3,2
568,4,4,2
568,3,4,2
568,3,5,2
568,3,5,34
568,3,4,2
568,3,3,2
568,2,3,2
568,2,2,2
568,2,1,2
568,1,1,2
568,0,1,2
568,0,1,36
568,1,1,2
568,2,1,2
568,2,2,2
568,2,3,2
568,2,4,2
568,2,5,2
568,2,6,2
568,2,6,31
568,2,5,2
568,3,5,2
568,3,4,2
568,4,4,2
568,5,4,2
568,6,4,2
568,7,4,2
568,7,4,110
569,7,0,2
569,6,0,2
569,5,0,2
569,5,1,2
569,5,2,2
569,5,3,2
569,5,3,27
569,5,2,2
569,4,2,2
569,4,1,2
569,4,1,70
569,5,1,2
569,5,2,2
569,6,2,2
569,7,2,2
569,7,3,2
569,7,4,2
569,7,4,66
570,7,0,2
570,6,0,2
570,5,0,2
570,5,0,30
570,4,0,2
570,4,1,2
570,4,2,2
570,3,2,2
570,3,2,65
570,2,2,2
570,2,3,2
570,2,4,2
570,1,4,2
570,1,5,2
570,1,5,35
570,0,5,2
570,0,4,2
570,0,3,2
570,0,2,2
570,0,1,2
570,0,0,2
570,0,0,34
570,1,0,2
570,1,1,2
570,1,2,2
570,2,2,2
570,2,3,2
570,3,3,2
570,3,4,2
570,4,4,2
570,5,4,2
570,6,4,2
570,7,4,2
570,7,4,92
571,7,0,2
571,6,0,2
571,6,1,2
571,6,1,47
571,6,2,2
571,6,3,2
571,6,4,2
571,6,5,2
571,6,5,85
571,5,5,2
571,5,4,2
571,4,4,2
571,4,3,2
571,3,3,2
571,2,3,2
571,1,3,2
571,1,2,2
571,1,1,2
571,1,0,2
571,1,0,72
571,2,0,2
571,2,0,77
571,2,1,2
571,2,2,2
571,3,2,2
571,4,2,2
571,4,3,2
571,4,4,2
571,4,4,62
571,5,4,2
571,6,4,2
571,7,4,2
571,7,4,94
572,7,0,2
572,6,0,2
572,5,0,2
572,5,0,87
572,5,1,2
572,5,2,2
572,4,2,2
572,4,3,2
572,4,4,2
572,3,4,2
572,2,4,2
572,2,5,2
572,2,6,2
572,2,7,2
572,2,8,2
572,2,8,76
572,1,8,2
572,1,7,2
572,1,6,2
572,1,5,2
572,1,5,79
572,1,4,2
572,2,4,2
572,3,4,2
572,4,4,2
572,5,4,2
572,6,4,2
572,7,4,2
572,7,4,32
573,7,0,2
573,7,1,2
573,7,2,2
573,6,2,2
573,5,2,2
573,4,2,2
573,3,2,2
573,2,2,2
573,1,2,2
573,0,2,2
573,0,2,43
573,0,3,2
573,1,3,2
573,1,4,2
573,2,4,2
573,3,4,2
573,4,4,2
573,5,4,2
573,6,4,2
573,7,4,2
573,7,4,70
574,7,0,2
574,6,0,2
574,5,0,2
574,4,0,2
574,3,0,2
574,2,0,2
574,2,0,86
574,2,1,2
574,3,1,2
574,4,1,2
574,5,1,2
574,6,1,2
574,7,1,2
574,7,2,2
574,7,3,2
574,7,4,2
574,7,4,45
575,7,0,2
575,7,1,2
575,6,1,2
575,5,1,2
575,5,2,2
575,4,2,2
575,3,2,2
575,3,3,2
575,2,3,2
575,1,3,2
575,1,4,2
575,1,5,2
575,1,6,2
575,1,7,2
575,1,8,2
575,1,8,72
575,2,8,2
575,3,8,2
575,3,7,2
575,3,6,2
575,3,5,2
575,3,4,2
575,3,3,2
575,3,2,2
575,3,1,2
575,3,1,41
575,3,2,2
575,2,2,2
575,1,2,2
575,0,2,2
575,0,3,2
575,0,3,88
575,1,3,2
575,1,4,2
575,1,5,2
575,1,6,2
575,2,6,2
575,3,6,2
575,3,6,37
575,3,5,2
575,3,4,2
575,4,4,2
575,5,4,2
575,6,4,2
575,7,4,2
575,7,4,66
576,7,0,2
576,7,1,2
576,7,2,2
576,7,3,2
576,6,3,2
576,5,3,2
576,4,3,2
576,3,3,2
576,3,4,2
576,2,4,2
576,2,5,2
576,2,5,67
576,2,4,2
576,2,3,2
576,1,3,2
576,0,3,2
576,0,3,70
576,0,2,2
576,0,1,2
576,0,0,2
576,0,0,41
576,1,0,2
576,2,0,2
576,2,1,2
576,2,2,2
576,3,2,2
576,4,2,2
576,5,2,2
576,6,2,2
576,7,2,2
576,7,3,2
576,7,4,2
576,7,4,114
577,7,0,2
577,6,0,2
577,5,0,2
577,5,1,2
577,4,1,2
577,3,1,2
577,2,1,2
577,1,1,2
577,1,1,82
577,0,1,2
577,0,2,2
577,0,3,2
577,0,4,2
577,0,4,46
577,1,4,2
577,2,4,2
577,3,4,2
577,4,4,2
577,5,4,2
577,6,4,2
577,7,4,2
577,7,4,84
578,7,0,2
578,6,0,2
578,5,0,2
578,4,0,2
578,3,0,2
578,2,0,2
578,2,0,39
578,1,0,2
578,1,0,84
578,1,1,2
578,1,2,2
578,1,3,2
578,1,4,2
578,1,5,2
578,1,6,2
578,1,7,2
578,1,7,52
578,2,7,2
578,3,7,2
578,3,6,2
578,3,5,2
578,3,4,2
578,4,4,2
578,5,4,2
578,6,4,2
578,7,4,2
578,7,4,70
579,7,0,2
579,6,0,2
579,5,0,2
579,4,0,2
579,3,0,2
579,2,0,2
579,1,0,2
579,0,0,2
579,0,0,59
579,0,1,2
579,0,2,2
579,0,3,2
579,0,4,2
579,1,4,2
579,1,5,2
579,1,5,72
579,1,4,2
579,1,3,2
579,2,3,2
579,3,3,2
579,3,2,2
579,4,2,2
579,4,2,75
579,5,2,2
579,5,3,2
579,5,4,2
579,6,4,2
579,7,4,2
579,7,4,89
580,7,0,2
580,6,0,2
580,6,1,2
580,5,1,2
580,4,1,2
580,3,1,2
580,2,1,2
580,1,1,2
580,1,1,65
580,1,2,2
580,2,2,2
580,2,3,2
580,2,4,2
580,2,5,2
580,2,5,43
580,3,5,2
580,3,4,2
580,4,4,2
580,5,4,2
580,6,4,2
580,7,4,2
580,7,4,105
581,7,0,2
581,6,0,2
581,6,1,2
581,6,2,2
581,6,3,2
581,6,4,2
581,6,5,2
581,6,6,2
581,6,7,2
581,6,8,2
581,6,8,73
581,6,7,2
581,6,6,2
581,6,5,2
581,6,5,42
581,7,5,2
581,7,4,2
581,7,4,36
582,7,0,2
582,6,0,2
582,6,1,2
582,6,2,2
582,6,3,2
582,6,4,2
582,5,4,2
582,5,5,2
582,5,6,2
582,5,7,2
582,5,8,2
582,5,8,51
582,4,8,2
582,3,8,2
582,3,7,2
582,3,6,2
582,2,6,2
582,2,5,2
582,1,5,2
582,1,5,53
582,2,5,2
582,2,4,2
582,2,3,2
582,3,3,2
582,4,3,2
582,5,3,2
582,6,3,2
582,6,3,76
582,7,3,2
582,7,4,2
582,7,4,71
583,7,0,2
583,6,0,2
583,5,0,2
583,5,1,2
583,4,1,2
583,4,2,2
583,4,3,2
583,4,4,2
583,4,5,2
583,4,6,2
583,4,7,2
583,4,8,2
583,4,8,25
583,4,7,2
583,4,6,2
583,3,6,2
583,3,5,2
583,3,4,2
583,2,4,2
583,1,4,2
583,1,4,79
583,2,4,2
583,3,4,2
583,4,4,2
583,5,4,2
583,6,4,2
583,7,4,2
583,7,4,93
584,7,0,2
584,6,0,2
584,6,1,2
584,5,1,2
584,4,1,2
584,4,2,2
584,4,3,2
584,3,3,2
584,2,3,2
584,1,3,2
584,0,3,2
584,0,3,65
584,1,3,2
584,2,3,2
584,2,4,2
584,3,4,2
584,4,4,2
584,5,4,2
584,6,4,2
584,7,4,2
584,7,4,52
585,7,0,2
585,6,0,2
585,6,1,2
585,5,1,2
585,4,1,2
585,4,2,2
585,4,3,2
585,3,3,2
585,2,3,2
585,2,4,2
585,2,5,2
585,2,6,2
585,2,7,2
585,2,7,42
585,2,6,2
585,2,5,2
585,3,5,2
585,4,5,2
585,5,5,2
585,6,5,2
585,6,5,39
585,6,4,2
585,7,4,2
585,7,4,50
586,7,0,2
586,6,0,2
586,5,0,2
586,5,1,2
586,5,2,2
586,5,3,2
586,5,4,2
586,5,5,2
586,5,6,2
586,5,7,2
586,5,8,2
586,5,8,55
586,5,7,2
586,5,6,2
586,5,5,2
586,5,4,2
586,4,4,2
586,3,4,2
586,2,4,2
586,1,4,2
586,1,3,2
586,0,3,2
586,0,3,64
586,0,4,2
586,1,4,2
586,2,4,2
586,3,4,2
586,4,4,2
586,5,4,2
586,6,4,2
586,7,4,2
586,7,4,35
587,7,0,2
587,6,0,2
587,5,0,2
587,5,1,2
587,5,1,88
587,5,2,2
587,5,3,2
587,5,4,2
587,4,4,2
587,4,5,2
587,3,5,2
587,2,5,2
587,1,5,2
587,0,5,2
587,0,5,60
587,1,5,2
587,2,5,2
587,3,5,2
587,4,5,2
587,4,4,2
587,5,4,2
587,6,4,2
587,7,4,2
587,7,4,42
588,7,0,2
588,6,0,2
588,6,1,2
588,5,1,2
588,4,1,2
588,3,1,2
588,2,1,2
588,1,1,2
588,0,1,2
588,0,1,71
588,1,1,2
588,1,2,2
588,2,2,2
588,3,2,2
588,4,2,2
588,5,2,2
588,6,2,2
588,6,3,2
588,7,3,2
588,7,4,2
588,7,4,94
589,7,0,2
589,6,0,2
589,5,0,2
589,5,0,83
589,5,1,2
589,6,1,2
589,6,2,2
589,7,2,2
589,7,3,2
589,7,4,2
589,7,4,36
590,7,0,2
590,6,0,2
590,6,1,2
590,6,1,44
590,5,1,2
590,4,1,2
590,3,1,2
590,2,1,2
590,1,1,2
590,0,1,2
590,0,1,78
590,1,1,2
590,1,2,2
590,1,3,2
590,1,4,2
590,2,4,2
590,2,5,2
590,2,6,2
590,2,7,2
590,2,7,89
590,2,8,2
590,1,8,2
590,1,8,61
590,1,7,2
590,1,6,2
590,1,5,2
590,2,5,2
590,2,4,2
590,3,4,2
590,4,4,2
590,5,4,2
590,6,4,2
590,7,4,2
590,7,4,49
591,7,0,2
591,6,0,2
591,5,0,2
591,4,0,2
591,3,0,2
591,2,0,2
591,1,0,2
591,1,0,52
591,1,1,2
591,1,2,2
591,1,3,2
591,1,4,2
591,1,5,2
591,1,6,2
591,1,7,2
591,1,8,2
591,1,9,2
591,1,9,73
591,1,8,2
591,2,8,2
591,3,8,2
591,3,7,2
591,3,6,2
591,3,5,2
591,4,5,2
591,4,4,2
591,5,4,2
591,6,4,2
591,7,4,2
591,7,4,34
592,7,0,2
592,7,1,2
592,6,1,2
592,6,2,2
592,6,3,2
592,5,3,2
592,5,3,42
592,5,4,2
592,5,5,2
592,4,5,2
592,4,6,2
592,3,6,2
592,2,6,2
592,2,6,53
592,2,5,2
592,1,5,2
592,1,4,2
592,1,3,2
592,1,2,2
592,1,1,2
592,1,0,2
592,1,0,53
592,2,0,2
592,3,0,2
592,4,0,2
592,5,0,2
592,6,0,2
592,6,0,25
592,5,0,2
592,4,0,2
592,4,0,60
592,4,1,2
592,4,2,2
592,5,2,2
592,6,2,2
592,7,2,2
592,7,3,2
592,7,4,2
592,7,4,88
593,7,0,2
593,6,0,2
593,5,0,2
593,4,0,2
593,4,1,2
593,3,1,2
593,2,1,2
593,1,1,2
593,1,1,53
593,1,2,2
593,1,3,2
593,1,4,2
593,1,4,87
593,2,4,2
593,3,4,2
593,4,4,2
593,5,4,2
593,6,4,2
593,7,4,2
593,7,4,74
594,7,0,2
594,7,1,2
594,7,2,2
594,6,2,2
594,6,3,2
594,6,4,2
594,6,5,2
594,5,5,2
594,5,6,2
594,4,6,2
594,3,6,2
594,2,6,2
594,1,6,2
594,0,6,2
594,0,7,2
594,0,7,43
594,1,7,2
594,1,6,2
594,1,5,2
594,1,4,2
594,1,3,2
594,1,2,2
594,1,1,2
594,1,1,27
594,2,1,2
594,2,2,2
594,2,3,2
594,2,4,2
594,3,4,2
594,4,4,2
594,5,4,2
594,5,4,78
594,5,3,2
594,4,3,2
594,3,3,2
594,2,3,2
594,1,3,2
594,1,3,47
594,1,4,2
594,2,4,2
594,3,4,2
594,4,4,2
594,5,4,2
594,6,4,2
594,7,4,2
594,7,4,56
595,7,0,2
595,7,1,2
595,6,1,2
595,5,1,2
595,4,1,2
595,4,2,2
595,3,2,2
595,3,3,2
595,2,3,2
595,2,3,44
595,2,4,2
595,2,5,2
595,3,5,2
595,4,5,2
595,4,5,23
595,4,4,2
595,4,3,2
595,3,3,2
595,3,2,2
595,2,2,2
595,2,1,2
595,1,1,2
595,1,0,2
595,1,0,42
595,0,0,2
595,0,1,2
595,0,2,2
595,0,2,42
595,0,3,2
595,0,4,2
595,0,4,76
595,0,5,2
595,0,6,2
595,1,6,2
595,2,6,2
595,3,6,2
595,4,6,2
595,5,6,2
595,5,7,2
595,5,7,27
595,6,7,2
595,6,6,2
595,7,6,2
595,7,5,2
595,7,4,2
595,7,4,90
596,7,0,2
596,7,1,2
596,6,1,2
596,5,1,2
596,5,2,2
596,4,2,2
596,4,3,2
596,4,4,2
596,3,4,2
596,3,5,2
596,3,6,2
596,3,7,2
596,3,8,2
596,3,8,34
596,3,7,2
596,4,7,2
596,4,6,2
596,4,5,2
596,4,4,2
596,5,4,2
596,6,4,2
596,7,4,2
596,7,4,95
597,7,0,2
597,6,0,2
597,5,0,2
597,4,0,2
597,3,0,2
597,2,0,2
597,1,0,2
597,0,0,2
597,0,0,56
597,1,0,2
597,1,1,2
597,1,2,2
597,2,2,2
597,2,3,2
597,2,4,2
597,3,4,2
597,4,4,2
597,5,4,2
597,6,4,2
597,7,4,2
597,7,4,62
598,7,0,2
598,6,0,2
598,5,0,2
598,5,1,2
598,4,1,2
598,4,2,2
598,4,3,2
598,4,4,2
598,4,5,2
598,4,6,2
598,4,6,46
598,3,6,2
598,3,5,2
598,3,4,2
598,2,4,2
598,1,4,2
598,0,4,2
598,0,3,2
598,0,2,2
598,0,1,2
598,0,1,43
598,1,1,2
598,1,2,2
598,2,2,2
598,2,3,2
598,3,3,2
598,4,3,2
598,4,4,2
598,5,4,2
598,6,4,2
598,6,5,2
598,6,6,2
598,6,7,2
598,6,7,27
598,7,7,2
598,7,6,2
598,7,5,2
598,7,4,2
598,7,4,88
599,7,0,2
599,7,1,2
599,7,2,2
599,7,3,2
599,7,4,2
599,7,5,2
599,7,6,2
599,7,7,2
599,6,7,2
599,6,7,69
599,5,7,2
599,5,6,2
599,5,5,2
599,5,4,2
599,4,4,2
599,4,3,2
599,3,3,2
599,3,2,2
599,3,1,2
599,2,1,2
599,1,1,2
599,1,1,60
599,2,1,2
599,2,2,2
599,3,2,2
599,3,3,2
599,3,4,2
599,4,4,2
599,5,4,2
599,6,4,2
599,7,4,2
599,7,4,67
600,7,0,2
600,6,0,2
600,5,0,2
600,5,1,2
600,5,2,2
600,4,2,2
600,4,3,2
600,4,4,2
600,4,5,2
600,4,6,2
600,4,7,2
600,4,8,2
600,4,9,2
600,4,9,88
600,4,8,2
600,4,7,2
600,5,7,2
600,6,7,2
600,6,6,2
600,6,5,2
600,6,4,2
600,6,3,2
600,6,2,2
600,6,1,2
600,6,0,2
600,6,0,22
600,5,0,2
600,4,0,2
600,4,1,2
600,3,1,2
600,2,1,2
600,1,1,2
600,0,1,2
600,0,1,59
600,0,2,2
600,1,2,2
600,1,3,2
600,1,4,2
600,1,5,2
600,1,6,2
600,1,7,2
600,1,8,2
600,1,9,2
600,1,9,65
600,1,8,2
600,1,7,2
600,1,6,2
600,2,6,2
600,3,6,2
600,4,6,2
600,5,6,2
600,6,6,2
600,7,6,2
600,7,5,2
600,7,4,2
600,7,4,105
601,7,0,2
601,6,0,2
601,5,0,2
601,4,0,2
601,3,0,2
601,2,0,2
601,1,0,2
601,0,0,2
601,0,0,59
601,0,1,2
601,1,1,2
601,1,2,2
601,1,3,2
601,2,3,2
601,2,4,2
601,2,5,2
601,2,6,2
601,3,6,2
601,4,6,2
601,5,6,2
601,6,6,2
601,6,6,65
601,6,5,2
601,6,4,2
601,7,4,2
601,7,4,76
602,7,0,2
602,6,0,2
602,5,0,2
602,5,1,2
602,4,1,2
602,3,1,2
602,2,1,2
602,2,2,2
602,2,3,2
602,1,3,2
602,0,3,2
602,0,4,2
602,0,5,2
602,0,6,2
602,0,7,2
602,0,8,2
602,0,8,47
602,1,8,2
602,1,7,2
602,1,6,2
602,2,6,2
602,2,5,2
602,2,4,2
602,3,4,2
602,4,4,2
602,5,4,2
602,6,4,2
602,7,4,2
602,7,4,39
603,7,0,2
603,7,1,2
603,6,1,2
603,6,2,2
603,6,3,2
603,6,4,2
603,5,4,2
603,5,5,2
603,5,6,2
603,4,6,2
603,3,6,2
603,2,6,2
603,1,6,2
603,1,6,57
603,0,6,2
603,0,5,2
603,0,4,2
603,0,3,2
603,0,2,2
603,0,1,2
603,0,0,2
603,0,0,85
603,1,0,2
603,2,0,2
603,2,1,2
603,3,1,2
603,3,2,2
603,4,2,2
603,4,3,2
603,4,4,2
603,4,5,2
603,4,6,2
603,4,7,2
603,4,8,2
603,4,9,2
603,4,9,61
603,5,9,2
603,5,8,2
603,6,8,2
603,6,7,2
603,6,6,2
603,6,5,2
603,6,4,2
603,6,3,2
603,6,2,2
603,6,1,2
603,6,0,2
603,6,0,84
603,5,0,2
603,4,0,2
603,4,1,2
603,4,2,2
603,4,3,2
603,3,3,2
603,3,3,29
603,4,3,2
603,5,3,2
603,5,4,2
603,6,4,2
603,7,4,2
603,7,4,114
604,7,0,2
604,7,1,2
604,7,2,2
604,6,2,2
604,5,2,2
604,4,2,2
604,3,2,2
604,2,2,2
604,1,2,2
604,1,2,85
604,1,3,2
604,1,4,2
604,1,4,79
604,2,4,2
604,3,4,2
604,4,4,2
604,5,4,2
604,6,4,2
604,7,4,2
604,7,4,42
605,7,0,2
605,7,1,2
605,6,1,2
605,5,1,2
605,4,1,2
605,3,1,2
605,2,1,2
605,1,1,2
605,0,1,2
605,0,1,30
605,0,2,2
605,0,3,2
605,0,4,2
605,0,5,2
605,0,5,43
605,0,4,2
605,0,3,2
605,1,3,2
605,2,3,2
605,2,3,62
605,2,4,2
605,3,4,2
605,4,4,2
605,5,4,2
605,6,4,2
605,7,4,2
605,7,4,87
606,7,0,2
606,7,1,2
606,7,2,2
606,7,3,2
606,7,4,2
606,6,4,2
606,5,4,2
606,4,4,2
606,3,4,2
606,2,4,2
606,2,4,32
606,3,4,2
606,4,4,2
606,4,3,2
606,5,3,2
606,5,2,2
606,5,1,2
606,5,0,2
606,5,0,29
606,5,1,2
606,6,1,2
606,6,2,2
606,6,3,2
606,6,4,2
606,7,4,2
606,7,4,62
607,7,0,2
607,7,1,2
607,7,2,2
607,7,3,2
607,6,3,2
607,5,3,2
607,4,3,2
607,4,4,2
607,3,4,2
607,2,4,2
607,1,4,2
607,1,4,72
607,2,4,2
607,2,5,2
607,2,5,27
607,1,5,2
607,0,5,2
607,0,4,2
607,0,3,2
607,0,2,2
607,0,1,2
607,0,1,70
607,1,1,2
607,2,1,2
607,2,2,2
607,2,3,2
607,2,4,2
607,2,5,2
607,2,6,2
607,2,6,67
607,2,5,2
607,3,5,2
607,3,4,2
607,4,4,2
607,5,4,2
607,6,4,2
607,7,4,2
607,7,4,38
608,7,0,2
608,7,1,2
608,7,2,2
608,7,3,2
608,6,3,2
608,6,3,31
608,5,3,2
608,5,2,2
608,4,2,2
608,4,1,2
608,3,1,2
608,2,1,2
608,1,1,2
608,1,1,73
608,1,2,2
608,1,3,2
608,1,4,2
608,1,4,23
608,2,4,2
608,3,4,2
608,4,4,2
608,5,4,2
608,6,4,2
608,7,4,2
608,7,4,92
609,7,0,2
609,7,1,2
609,7,2,2
609,6,2,2
609,5,2,2
609,4,2,2
609,3,2,2
609,2,2,2
609,1,2,2
609,1,2,24
609,1,1,2
609,0,1,2
609,0,0,2
609,0,0,89
609,1,0,2
609,1,1,2
609,1,2,2
609,2,2,2
609,2,3,2
609,3,3,2
609,4,3,2
609,4,4,2
609,4,5,2
609,4,6,2
609,4,6,24
609,4,5,2
609,5,5,2
609,6,5,2
609,7,5,2
609,7,4,2
609,7,4,75
610,7,0,2
610,6,0,2
610,5,0,2
610,4,0,2
610,3,0,2
610,3,0,40
610,4,0,2
610,5,0,2
610,6,0,2
610,6,1,2
610,7,1,2
610,7,2,2
610,7,3,2
610,7,4,2
610,7,4,76
611,7,0,2
611,7,1,2
611,6,1,2
611,6,2,2
611,6,3,2
611,6,4,2
611,6,5,2
611,6,5,85
611,6,6,2
611,6,7,2
611,5,7,2
611,4,7,2
611,3,7,2
611,2,7,2
611,2,7,40
611,2,6,2
611,1,6,2
611,1,5,2
611,1,4,2
611,0,4,2
611,0,3,2
611,0,2,2
611,0,1,2
611,0,1,84
611,0,2,2
611,0,3,2
611,1,3,2
611,1,4,2
611,2,4,2
611,3,4,2
611,4,4,2
611,5,4,2
611,6,4,2
611,7,4,2
611,7,4,33
612,7,0,2
612,7,1,2
612,6,1,2
612,6,2,2
612,5,2,2
612,4,2,2
612,4,3,2
612,4,4,2
612,3,4,2
612,2,4,2
612,2,5,2
612,1,5,2
612,1,5,24
612,1,6,2
612,0,6,2
612,0,7,2
612,0,8,2
612,0,9,2
612,0,9,40
612,1,9,2
612,2,9,2
612,2,8,2
612,3,8,2
612,3,7,2
612,4,7,2
612,5,7,2
612,5,6,2
612,5,5,2
612,6,5,2
612,6,4,2
612,7,4,2
612,7,4,119
613,7,0,2
613,7,1,2
613,6,1,2
613,6,2,2
613,5,2,2
613,5,3,2
613,5,4,2
613,5,5,2
613,5,6,2
613,4,6,2
613,3,6,2
613,2,6,2
613,1,6,2
613,0,6,2
613,0,6,51
613,0,5,2
613,0,4,2
613,1,4,2
613,2,4,2
613,2,3,2
613,2,2,2
613,3,2,2
613,4,2,2
613,4,1,2
613,5,1,2
613,6,1,2
613,6,1,61
613,6,2,2
613,5,2,2
613,4,2,2
613,3,2,2
613,2,2,2
613,2,3,2
613,2,4,2
613,2,4,56
613,3,4,2
613,4,4,2
613,5,4,2
613,6,4,2
613,7,4,2
613,7,4,84
614,7,0,2
614,6,0,2
614,6,1,2
614,6,1,40
614,5,1,2
614,4,1,2
614,3,1,2
614,2,1,2
614,2,1,34
614,3,1,2
614,4,1,2
614,4,2,2
614,4,3,2
614,5,3,2
614,6,3,2
614,6,4,2
614,7,4,2
614,7,4,76
615,7,0,2
615,7,1,2
615,7,2,2
615,7,3,2
615,6,3,2
615,6,4,2
615,6,5,2
615,6,6,2
615,6,6,48
615,6,7,2
615,5,7,2
615,4,7,2
615,4,8,2
615,3,8,2
615,2,8,2
615,2,9,2
615,2,9,50
615,3,9,2
615,4,9,2
615,4,8,2
615,4,8,21
615,4,7,2
615,3,7,2
615,3,6,2
615,3,5,2
615,2,5,2
615,1,5,2
615,1,5,66
615,2,5,2
615,2,4,2
615,3,4,2
615,4,4,2
615,5,4,2
615,6,4,2
615,7,4,2
615,7,4,97
616,7,0,2
616,6,0,2
616,6,1,2
616,5,1,2
616,4,1,2
616,3,1,2
616,2,1,2
616,2,1,29
616,2,2,2
616,1,2,2
616,1,3,2
616,0,3,2
616,0,4,2
616,0,5,2
616,0,5,80
616,1,5,2
616,1,4,2
616,1,3,2
616,1,2,2
616,1,2,42
616,1,3,2
616,2,3,2
616,3,3,2
616,3,4,2
616,4,4,2
616,5,4,2
616,6,4,2
616,7,4,2
616,7,4,66
617,7,0,2
617,7,1,2
617,7,2,2
617,6,2,2
617,5,2,2
617,4,2,2
617,3,2,2
617,3,2,28
617,4,2,2
617,5,2,2
617,5,1,2
617,6,1,2
617,6,1,43
617,7,1,2
617,7,2,2
617,7,3,2
617,7,4,2
617,7,4,31
618,7,0,2
618,6,0,2
618,5,0,2
618,4,0,2
618,3,0,2
618,2,0,2
618,1,0,2
618,0,0,2
618,0,0,34
618,1,0,2
618,2,0,2
618,3,0,2
618,4,0,2
618,5,0,2
618,5,1,2
618,5,2,2
618,5,3,2
618,5,3,22
618,5,4,2
618,5,5,2
618,4,5,2
618,4,6,2
618,4,7,2
618,4,8,2
618,3,8,2
618,3,8,20
618,4,8,2
618,4,7,2
618,4,6,2
618,4,5,2
618,4,4,2
618,5,4,2
618,6,4,2
618,7,4,2
618,7,4,93
619,7,0,2
619,6,0,2
619,5,0,2
619,5,1,2
619,5,2,2
619,5,3,2
619,5,4,2
619,5,5,2
619,5,5,55
619,4,5,2
619,4,4,2
619,3,4,2
619,3,3,2
619,3,2,2
619,3,1,2
619,2,1,2
619,1,1,2
619,0,1,2
619,0,1,42
619,0,2,2
619,1,2,2
619,2,2,2
619,2,3,2
619,3,3,2
619,4,3,2
619,4,4,2
619,5,4,2
619,6,4,2
619,6,5,2
619,6,6,2
619,6,6,30
619,7,6,2
619,7,5,2
619,7,4,2
619,7,4,87
620,7,0,2
620,6,0,2
620,5,0,2
620,4,0,2
620,4,1,2
620,3,1,2
620,3,2,2
620,2,2,2
620,2,3,2
620,1,3,2
620,1,4,2
620,1,5,2
620,1,5,41
620,1,4,2
620,2,4,2
620,3,4,2
620,4,4,2
620,5,4,2
620,6,4,2
620,7,4,2
620,7,4,72
621,7,0,2
621,7,1,2
621,6,1,2
621,6,2,2
621,6,3,2
621,6,4,2
621,6,5,2
621,6,6,2
621,6,7,2
621,6,8,2
621,6,9,2
621,6,9,22
621,6,8,2
621,6,7,2
621,6,6,2
621,6,5,2
621,7,5,2
621,7,4,2
621,7,4,34
622,7,0,2
622,6,0,2
622,5,0,2
622,5,1,2
622,5,2,2
622,5,3,2
622,5,4,2
622,5,5,2
622,5,6,2
622,5,6,24
622,4,6,2
622,4,5,2
622,3,5,2
622,2,5,2
622,1,5,2
622,1,5,85
622,1,4,2
622,2,4,2
622,3,4,2
622,3,3,2
622,4,3,2
622,5,3,2
622,5,2,2
622,6,2,2
622,6,2,48
622,6,3,2
622,6,4,2
622,7,4,2
622,7,4,34
623,7,0,2
623,6,0,2
623,5,0,2
623,4,0,2
623,3,0,2
623,2,0,2
623,1,0,2
623,0,0,2
623,0,0,66
623,0,1,2
623,1,1,2
623,2,1,2
623,2,2,2
623,2,2,52
623,1,2,2
623,0,2,2
623,0,3,2
623,0,4,2
623,0,4,65
623,0,3,2
623,1,3,2
623,2,3,2
623,3,3,2
623,3,2,2
623,4,2,2
623,4,2,38
623,5,2,2
623,5,3,2
623,6,3,2
623,7,3,2
623,7,4,2
623,7,4,61
624,7,0,2
624,7,1,2
624,6,1,2
624,5,1,2
624,5,2,2
624,4,2,2
624,4,2,44
624,3,2,2
624,3,3,2
624,3,4,2
624,2,4,2
624,2,5,2
624,2,6,2
624,2,7,2
624,2,8,2
624,2,9,2
624,1,9,2
624,0,9,2
624,0,9,59
624,1,9,2
624,1,8,2
624,1,7,2
624,2,7,2
624,2,6,2
624,3,6,2
624,3,5,2
624,3,4,2
624,4,4,2
624,5,4,2
624,6,4,2
624,7,4,2
624,7,4,66
625,7,0,2
625,7,1,2
625,6,1,2
625,6,2,2
625,5,2,2
625,5,3,2
625,5,4,2
625,4,4,2
625,4,5,2
625,3,5,2
625,3,5,71
625,2,5,2
625,2,6,2
625,1,6,2
625,0,6,2
625,0,6,64
625,1,6,2
625,1,5,2
625,2,5,2
625,2,4,2
625,2,3,2
625,2,2,2
625,2,2,41
625,3,2,2
625,4,2,2
625,4,3,2
625,5,3,2
625,5,4,2
625,6,4,2
625,7,4,2
625,7,4,63
626,7,0,2
626,7,1,2
626,7,2,2
626,6,2,2
626,6,3,2
626,6,4,2
626,5,4,2
626,4,4,2
626,3,4,2
626,2,4,2
626,2,4,80
626,1,4,2
626,1,3,2
626,1,2,2
626,1,1,2
626,1,1,63
626,2,1,2
626,3,1,2
626,3,2,2
626,3,3,2
626,4,3,2
626,5,3,2
626,6,3,2
626,7,3,2
626,7,4,2
626,7,4,61
627,7,0,2
627,6,0,2
627,5,0,2
627,4,0,2
627,3,0,2
627,3,0,46
627,2,0,2
627,1,0,2
627,0,0,2
627,0,0,54
627,1,0,2
627,2,0,2
627,2,1,2
627,2,2,2
627,2,3,2
627,2,4,2
627,2,5,2
627,3,5,2
627,3,6,2
627,4,6,2
627,5,6,2
627,5,7,2
627,6,7,2
627,6,8,2
627,6,9,2
627,6,9,67
627,6,8,2
627,6,7,2
627,5,7,2
627,5,6,2
627,4,6,2
627,4,5,2
627,3,5,2
627,2,5,2
627,2,4,2
627,2,3,2
627,1,3,2
627,1,2,2
627,1,2,31
627,2,2,2
627,3,2,2
627,3,1,2
627,4,1,2
627,5,1,2
627,6,1,2
627,6,0,2
627,6,0,86
627,6,1,2
627,6,2,2
627,7,2,2
627,7,3,2
627,7,4,2
627,7,4,41
628,7,0,2
628,6,0,2
628,6,1,2
628,6,1,30
628,6,0,2
628,5,0,2
628,4,0,2
628,3,0,2
628,2,0,2
628,1,0,2
628,0,0,2
628,0,0,62
628,0,1,2
628,1,1,2
628,1,2,2
628,1,3,2
628,2,3,2
628,3,3,2
628,4,3,2
628,4,3,36
628,4,4,2
628,5,4,2
628,6,4,2
628,7,4,2
628,7,4,101
629,7,0,2
629,7,1,2
629,6,1,2
629,5,1,2
629,5,2,2
629,4,2,2
629,3,2,2
629,2,2,2
629,2,2,55
629,2,1,2
629,1,1,2
629,1,0,2
629,0,0,2
629,0,0,50
629,1,0,2
629,1,1,2
629,1,2,2
629,1,3,2
629,1,4,2
629,1,5,2
629,1,6,2
629,1,7,2
629,1,8,2
629,1,8,79
629,1,7,2
629,2,7,2
629,3,7,2
629,4,7,2
629,5,7,2
629,6,7,2
629,7,7,2
629,7,6,2
629,7,5,2
629,7,4,2
629,7,4,90
630,7,0,2
630,7,1,2
630,6,1,2
630,6,1,38
630,5,1,2
630,4,1,2
630,3,1,2
630,2,1,2
630,1,1,2
630,0,1,2
630,0,1,79
630,0,2,2
630,0,3,2
630,0,4,2
630,1,4,2
630,2,4,2
630,3,4,2
630,4,4,2
630,5,4,2
630,6,4,2
630,7,4,2
630,7,4,61
631,7,0,2
631,7,1,2
631,7,2,2
631,6,2,2
631,5,2,2
631,4,2,2
631,3,2,2
631,2,2,2
631,2,2,21
631,3,2,2
631,4,2,2
631,4,2,84
631,4,3,2
631,4,4,2
631,5,4,2
631,6,4,2
631,7,4,2
631,7,4,84
632,7,0,2
632,7,1,2
632,6,1,2
632,6,2,2
632,6,3,2
632,6,4,2
632,6,5,2
632,5,5,2
632,5,6,2
632,4,6,2
632,3,6,2
632,3,7,2
632,2,7,2
632,1,7,2
632,1,7,70
632,2,7,2
632,3,7,2
632,3,6,2
632,4,6,2
632,4,5,2
632,4,4,2
632,5,4,2
632,5,3,2
632,5,2,2
632,5,1,2
632,5,1,69
632,6,1,2
632,6,2,2
632,7,2,2
632,7,3,2
632,7,4,2
632,7,4,61
633,7,0,2
633,7,1,2
633,7,2,2
633,7,3,2
633,7,4,2
633,6,4,2
633,5,4,2
633,4,4,2
633,3,4,2
633,2,4,2
633,1,4,2
633,1,4,42
633,2,4,2
633,2,3,2
633,3,3,2
633,3,2,2
633,3,1,2
633,3,0,2
633,3,0,54
633,4,0,2
633,4,1,2
633,5,1,2
633,5,2,2
633,5,3,2
633,5,4,2
633,5,5,2
633,5,6,2
633,5,6,22
633,5,5,2
633,5,4,2
633,6,4,2
633,7,4,2
633,7,4,32
634,7,0,2
634,6,0,2
634,6,1,2
634,5,1,2
634,5,2,2
634,4,2,2
634,3,2,2
634,3,2,34
634,2,2,2
634,1,2,2
634,1,3,2
634,0,3,2
634,0,4,2
634,0,5,2
634,0,5,31
634,1,5,2
634,2,5,2
634,3,5,2
634,3,4,2
634,4,4,2
634,5,4,2
634,6,4,2
634,7,4,2
634,7,4,117
635,7,0,2
635,7,1,2
635,6,1,2
635,5,1,2
635,4,1,2
635,3,1,2
635,2,1,2
635,1,1,2
635,0,1,2
635,0,1,60
635,1,1,2
635,1,2,2
635,1,3,2
635,1,3,71
635,1,4,2
635,0,4,2
635,0,5,2
635,0,6,2
635,0,7,2
635,0,8,2
635,0,8,32
635,0,7,2
635,0,6,2
635,1,6,2
635,2,6,2
635,2,5,2
635,2,4,2
635,3,4,2
635,4,4,2
635,5,4,2
635,6,4,2
635,7,4,2
635,7,4,30
636,7,0,2
636,6,0,2
636,5,0,2
636,4,0,2
636,3,0,2
636,2,0,2
636,1,0,2
636,0,0,2
636,0,0,36
636,0,1,2
636,0,2,2
636,0,3,2
636,0,4,2
636,0,5,2
636,0,6,2
636,0,7,2
636,0,8,2
636,0,8,55
636,0,7,2
636,1,7,2
636,1,6,2
636,2,6,2
636,2,5,2
636,2,4,2
636,3,4,2
636,4,4,2
636,5,4,2
636,6,4,2
636,7,4,2
636,7,4,80
637,7,0,2
637,7,1,2
637,6,1,2
637,5,1,2
637,5,2,2
637,4,2,2
637,4,3,2
637,3,3,2
637,2,3,2
637,2,4,2
637,1,4,2
637,1,5,2
637,1,6,2
637,0,6,2
637,0,6,49
637,0,5,2
637,0,4,2
637,1,4,2
637,2,4,2
637,3,4,2
637,4,4,2
637,5,4,2
637,6,4,2
637,7,4,2
637,7,4,37
638,7,0,2
638,6,0,2
638,6,1,2
638,5,1,2
638,4,1,2
638,4,1,32
638,3,1,2
638,3,0,2
638,2,0,2
638,1,0,2
638,0,0,2
638,0,0,54
638,1,0,2
638,2,0,2
638,2,1,2
638,3,1,2
638,4,1,2
638,5,1,2
638,5,2,2
638,5,3,2
638,5,4,2
638,6,4,2
638,7,4,2
638,7,4,43
639,7,0,2
639,6,0,2
639,6,1,2
639,5,1,2
639,5,2,2
639,5,2,54
639,5,3,2
639,6,3,2
639,6,3,20
639,6,4,2
639,5,4,2
639,4,4,2
639,3,4,2
639,2,4,2
639,1,4,2
639,1,4,72
639,0,4,2
639,0,3,2
639,0,2,2
639,0,1,2
639,0,0,2
639,0,0,71
639,1,0,2
639,2,0,2
639,2,0,52
639,2,1,2
639,3,1,2
639,3,2,2
639,4,2,2
639,5,2,2
639,5,3,2
639,5,4,2
639,6,4,2
639,7,4,2
639,7,4,91
640,7,0,2
640,7,1,2
640,6,1,2
640,5,1,2
640,4,1,2
640,4,2,2
640,3,2,2
640,3,3,2
640,3,4,2
640,3,5,2
640,3,5,62
640,4,5,2
640,5,5,2
640,6,5,2
640,6,4,2
640,7,4,2
640,7,4,99
641,7,0,2
641,6,0,2
641,6,1,2
641,6,2,2
641,6,3,2
641,6,4,2
641,6,5,2
641,6,6,2
641,6,7,2
641,6,8,2
641,6,9,2
641,6,9,40
641,6,8,2
641,6,7,2
641,6,6,2
641,6,5,2
641,6,4,2
641,6,3,2
641,6,2,2
641,6,1,2
641,6,0,2
641,6,0,72
641,6,1,2
641,6,2,2
641,7,2,2
641,7,3,2
641,7,4,2
641,7,4,99
642,7,0,2
642,7,1,2
642,7,2,2
642,7,3,2
642,7,4,2
642,7,5,2
642,7,6,2
642,6,6,2
642,5,6,2
642,4,6,2
642,4,6,38
642,4,5,2
642,4,4,2
642,5,4,2
642,6,4,2
642,7,4,2
642,7,4,113
643,7,0,2
643,6,0,2
643,5,0,2
643,5,1,2
643,5,2,2
643,5,3,2
643,5,4,2
643,5,5,2
643,5,6,2
643,5,7,2
643,5,8,2
643,5,8,36
643,5,7,2
643,5,6,2
643,4,6,2
643,3,6,2
643,3,5,2
643,3,4,2
643,2,4,2
643,2,3,2
643,2,3,73
643,2,4,2
643,3,4,2
643,4,4,2
643,5,4,2
643,5,5,2
643,5,6,2
643,6,6,2
643,6,7,2
643,6,7,24
643,6,6,2
643,6,5,2
643,7,5,2
643,7,4,2
643,7,4,35
644,7,0,2
644,7,1,2
644,7,2,2
644,6,2,2
644,6,3,2
644,5,3,2
644,5,4,2
644,4,4,2
644,3,4,2
644,3,5,2
644,3,6,2
644,3,7,2
644,3,8,2
644,2,8,2
644,1,8,2
644,0,8,2
644,0,8,32
644,0,7,2
644,0,6,2
644,1,6,2
644,1,5,2
644,2,5,2
644,3,5,2
644,3,4,2
644,4,4,2
644,5,4,2
644,6,4,2
644,7,4,2
644,7,4,49
645,7,0,2
645,6,0,2
645,5,0,2
645,5,0,33
645,5,1,2
645,4,1,2
645,4,2,2
645,4,3,2
645,4,4,2
645,4,5,2
645,4,6,2
645,4,6,33
645,5,6,2
645,5,5,2
645,5,4,2
645,6,4,2
645,6,3,2
645,6,2,2
645,6,2,82
645,5,2,2
645,5,3,2
645,5,4,2
645,5,5,2
645,5,6,2
645,5,7,2
645,5,8,2
645,5,9,2
645,5,9,22
645,5,8,2
645,4,8,2
645,3,8,2
645,3,7,2
645,3,6,2
645,3,5,2
645,3,4,2
645,3,3,2
645,3,2,2
645,3,1,2
645,3,0,2
645,3,0,82
645,3,1,2
645,3,2,2
645,3,3,2
645,3,4,2
645,4,4,2
645,5,4,2
645,6,4,2
645,7,4,2
645,7,4,50
646,7,0,2
646,6,0,2
646,5,0,2
646,4,0,2
646,4,1,2
646,4,2,2
646,3,2,2
646,2,2,2
646,1,2,2
646,1,2,24
646,1,3,2
646,1,4,2
646,1,4,85
646,2,4,2
646,3,4,2
646,4,4,2
646,5,4,2
646,6,4,2
646,7,4,2
646,7,4,88
647,7,0,2
647,6,0,2
647,5,0,2
647,4,0,2
647,3,0,2
647,2,0,2
647,2,1,2
647,2,2,2
647,1,2,2
647,1,3,2
647,1,4,2
647,1,4,26
647,1,5,2
647,1,6,2
647,1,7,2
647,1,7,72
647,1,6,2
647,1,5,2
647,1,4,2
647,1,3,2
647,1,2,2
647,1,1,2
647,1,0,2
647,1,0,57
647,1,1,2
647,1,2,2
647,1,3,2
647,2,3,2
647,3,3,2
647,4,3,2
647,4,4,2
647,5,4,2
647,6,4,2
647,7,4,2
647,7,4,57
648,7,0,2
648,7,1,2
648,7,2,2
648,7,3,2
648,7,4,2
648,7,5,2
648,6,5,2
648,5,5,2
648,4,5,2
648,3,5,2
648,2,5,2
648,1,5,2
648,0,5,2
648,0,5,39
648,1,5,2
648,2,5,2
648,3,5,2
648,3,4,2
648,3,3,2
648,4,3,2
648,4,3,23
648,4,2,2
648,4,1,2
648,3,1,2
648,2,1,2
648,1,1,2
648,0,1,2
648,0,1,48
648,0,2,2
648,1,2,2
648,2,2,2
648,2,3,2
648,2,4,2
648,3,4,2
648,4,4,2
648,5,4,2
648,6,4,2
648,7,4,2
648,7,4,74
649,7,0,2
649,7,1,2
649,6,1,2
649,5,1,2
649,5,2,2
649,5,3,2
649,5,4,2
649,4,4,2
649,4,5,2
649,4,6,2
649,4,6,78
649,4,7,2
649,4,8,2
649,4,9,2
649,3,9,2
649,3,9,58
649,4,9,2
649,5,9,2
649,6,9,2
649,7,9,2
649,7,8,2
649,7,7,2
649,7,6,2
649,7,5,2
649,7,4,2
649,7,4,43
650,7,0,2
650,6,0,2
650,5,0,2
650,4,0,2
650,4,1,2
650,3,1,2
650,2,1,2
650,1,1,2
650,1,1,84
650,1,2,2
650,1,3,2
650,1,4,2
650,2,4,2
650,3,4,2
650,4,4,2
650,4,5,2
650,4,5,36
650,5,5,2
650,5,6,2
650,6,6,2
650,6,7,2
650,6,8,2
650,6,8,74
650,5,8,2
650,5,7,2
650,5,6,2
650,5,5,2
650,5,4,2
650,5,3,2
650,5,2,2
650,5,1,2
650,5,1,23
650,5,2,2
650,6,2,2
650,7,2,2
650,7,3,2
650,7,4,2
650,7,4,33
651,7,0,2
651,6,0,2
651,5,0,2
651,5,1,2
651,5,2,2
651,5,3,2
651,5,4,2
651,4,4,2
651,3,4,2
651,2,4,2
651,2,5,2
651,2,6,2
651,2,7,2
651,2,8,2
651,2,8,52
651,2,7,2
651,3,7,2
651,4,7,2
651,4,6,2
651,4,5,2
651,4,4,2
651,4,3,2
651,4,3,34
651,5,3,2
651,5,4,2
651,6,4,2
651,7,4,2
651,7,4,81
652,7,0,2
652,6,0,2
652,6,1,2
652,5,1,2
652,5,2,2
652,5,3,2
652,5,4,2
652,5,5,2
652,5,6,2
652,5,7,2
652,5,8,2
652,5,8,48
652,6,8,2
652,7,8,2
652,7,7,2
652,7,6,2
652,7,5,2
652,7,4,2
652,7,4,64
653,7,0,2
653,6,0,2
653,6,1,2
653,5,1,2
653,4,1,2
653,4,2,2
653,3,2,2
653,3,3,2
653,3,4,2
653,2,4,2
653,1,4,2
653,1,5,2
653,1,6,2
653,1,6,77
653,1,5,2
653,0,5,2
653,0,4,2
653,0,4,33
653,0,3,2
653,1,3,2
653,1,3,55
653,1,4,2
653,2,4,2
653,3,4,2
653,4,4,2
653,5,4,2
653,6,4,2
653,7,4,2
653,7,4,48
654,7,0,2
654,6,0,2
654,6,1,2
654,6,2,2
654,5,2,2
654,4,2,2
654,3,2,2
654,2,2,2
654,2,2,44
654,3,2,2
654,3,1,2
654,4,1,2
654,4,0,2
654,5,0,2
654,6,0,2
654,6,0,60
654,5,0,2
654,5,1,2
654,4,1,2
654,3,1,2
654,2,1,2
654,1,1,2
654,0,1,2
654,0,1,22
654,1,1,2
654,2,1,2
654,3,1,2
654,3,2,2
654,3,3,2
654,3,3,28
654,4,3,2
654,4,4,2
654,4,5,2
654,4,5,24
654,5,5,2
654,5,4,2
654,6,4,2
654,7,4,2
654,7,4,63
655,7,0,2
655,6,0,2
655,5,0,2
655,4,0,2
655,3,0,2
655,2,0,2
655,1,0,2
655,1,1,2
655,1,2,2
655,1,3,2
655,1,4,2
655,1,4,45
655,2,4,2
655,2,5,2
655,2,6,2
655,2,7,2
655,2,8,2
655,2,9,2
655,2,9,49
655,3,9,2
655,3,8,2
655,3,7,2
655,4,7,2
655,5,7,2
655,5,6,2
655,6,6,2
655,6,5,2
655,7,5,2
655,7,4,2
655,7,4,83
656,7,0,2
656,6,0,2
656,6,1,2
656,5,1,2
656,5,2,2
656,5,3,2
656,4,3,2
656,3,3,2
656,3,4,2
656,3,5,2
656,3,6,2
656,3,7,2
656,3,7,62
656,2,7,2
656,2,6,2
656,1,6,2
656,0,6,2
656,0,5,2
656,0,4,2
656,0,3,2
656,0,2,2
656,0,1,2
656,0,1,84
656,0,2,2
656,1,2,2
656,2,2,2
656,3,2,2
656,4,2,2
656,4,3,2
656,5,3,2
656,5,4,2
656,5,5,2
656,5,6,2
656,5,7,2
656,5,8,2
656,5,8,50
656,6,8,2
656,6,7,2
656,6,6,2
656,6,5,2
656,6,4,2
656,7,4,2
656,7,4,40
657,7,0,2
657,6,0,2
657,5,0,2
657,5,0,35
657,5,1,2
657,5,2,2
657,5,3,2
657,5,4,2
657,5,5,2
657,5,6,2
657,5,7,2
657,5,8,2
657,5,9,2
657,4,9,2
657,3,9,2
657,3,9,39
657,2,9,2
657,1,9,2
657,1,8,2
657,0,8,2
657,0,7,2
657,0,6,2
657,0,5,2
657,0,4,2
657,0,3,2
657,0,2,2
657,0,1,2
657,0,0,2
657,0,0,89
657,1,0,2
657,2,0,2
657,2,0,57
657,3,0,2
657,4,0,2
657,5,0,2
657,6,0,2
657,7,0,2
657,7,1,2
657,7,2,2
657,7,3,2
657,7,4,2
657,7,4,104
658,7,0,2
658,6,0,2
658,5,0,2
658,4,0,2
658,4,1,2
658,3,1,2
658,2,1,2
658,1,1,2
658,0,1,2
658,0,1,27
658,1,1,2
658,1,2,2
658,2,2,2
658,3,2,2
658,3,3,2
658,3,4,2
658,4,4,2
658,5,4,2
658,6,4,2
658,7,4,2
658,7,4,73
659,7,0,2
659,7,1,2
659,7,2,2
659,6,2,2
659,5,2,2
659,4,2,2
659,3,2,2
659,2,2,2
659,1,2,2
659,1,2,20
659,2,2,2
659,2,3,2
659,3,3,2
659,3,4,2
659,3,5,2
659,3,6,2
659,3,6,76
659,4,6,2
659,4,5,2
659,5,5,2
659,5,4,2
659,6,4,2
659,7,4,2
659,7,4,56
660,7,0,2
660,6,0,2
660,5,0,2
660,4,0,2
660,3,0,2
660,2,0,2
660,1,0,2
660,1,0,88
660,2,0,2
660,2,1,2
660,2,2,2
660,2,3,2
660,2,4,2
660,3,4,2
660,4,4,2
660,4,5,2
660,4,6,2
660,4,7,2
660,4,8,2
660,5,8,2
660,5,9,2
660,5,9,68
660,5,8,2
660,6,8,2
660,6,7,2
660,7,7,2
660,7,6,2
660,7,5,2
660,7,4,2
660,7,4,65
661,7,0,2
661,7,1,2
661,7,2,2
661,6,2,2
661,6,3,2
661,6,4,2
661,6,5,2
661,5,5,2
661,4,5,2
661,3,5,2
661,2,5,2
661,1,5,2
661,0,5,2
661,0,5,88
661,0,4,2
661,1,4,2
661,1,3,2
661,1,2,2
661,1,1,2
661,1,0,2
661,1,0,75
661,1,1,2
661,1,2,2
661,2,2,2
661,3,2,2
661,3,3,2
661,3,4,2
661,3,5,2
661,3,6,2
661,4,6,2
661,5,6,2
661,6,6,2
661,6,6,46
661,6,7,2
661,5,7,2
661,5,8,2
661,4,8,2
661,3,8,2
661,2,8,2
661,2,8,85
661,2,7,2
661,2,6,2
661,2,5,2
661,3,5,2
661,3,4,2
661,4,4,2
661,5,4,2
661,6,4,2
661,7,4,2
661,7,4,57
662,7,0,2
662,6,0,2
662,5,0,2
662,5,1,2
662,4,1,2
662,4,2,2
662,4,2,83
662,5,2,2
662,6,2,2
662,7,2,2
662,7,3,2
662,7,4,2
662,7,4,85
663,7,0,2
663,6,0,2
663,5,0,2
663,5,1,2
663,5,2,2
663,5,3,2
663,5,4,2
663,5,5,2
663,5,6,2
663,5,6,84
663,4,6,2
663,4,5,2
663,3,5,2
663,2,5,2
663,1,5,2
663,0,5,2
663,0,5,54
663,0,4,2
663,0,3,2
663,0,2,2
663,1,2,2
663,1,1,2
663,1,0,2
663,2,0,2
663,2,0,88
663,2,1,2
663,2,2,2
663,2,3,2
663,3,3,2
663,3,4,2
663,3,5,2
663,3,6,2
663,3,6,20
663,3,5,2
663,2,5,2
663,2,5,21
663,1,5,2
663,0,5,2
663,0,4,2
663,0,3,2
663,0,2,2
663,0,1,2
663,0,0,2
663,0,0,43
663,0,1,2
663,1,1,2
663,1,2,2
663,1,3,2
663,2,3,2
663,2,4,2
663,3,4,2
663,4,4,2
663,5,4,2
663,6,4,2
663,7,4,2
663,7,4,91
664,7,0,2
664,6,0,2
664,6,1,2
664,5,1,2
664,4,1,2
664,4,2,2
664,3,2,2
664,2,2,2
664,2,2,47
664,1,2,2
664,1,3,2
664,1,4,2
664,1,5,2
664,1,6,2
664,1,7,2
664,1,8,2
664,1,8,78
664,1,7,2
664,1,6,2
664,2,6,2
664,3,6,2
664,3,5,2
664,3,4,2
664,4,4,2
664,5,4,2
664,6,4,2
664,7,4,2
664,7,4,93
665,7,0,2
665,6,0,2
665,5,0,2
665,4,0,2
665,3,0,2
665,2,0,2
665,1,0,2
665,0,0,2
665,0,0,66
665,0,1,2
665,0,2,2
665,1,2,2
665,1,3,2
665,2,3,2
665,2,4,2
665,3,4,2
665,4,4,2
665,5,4,2
665,6,4,2
665,7,4,2
665,7,4,107
666,7,0,2
666,6,0,2
666,5,0,2
666,5,1,2
666,4,1,2
666,3,1,2
666,3,2,2
666,2,2,2
666,2,3,2
666,2,4,2
666,2,5,2
666,2,6,2
666,2,6,37
666,3,6,2
666,3,5,2
666,3,4,2
666,3,3,2
666,4,3,2
666,5,3,2
666,5,2,2
666,5,1,2
666,5,0,2
666,5,0,66
666,4,0,2
666,3,0,2
666,3,0,70
666,3,1,2
666,4,1,2
666,5,1,2
666,6,1,2
666,6,2,2
666,6,3,2
666,6,4,2
666,7,4,2
666,7,4,50
667,7,0,2
667,6,0,2
667,6,1,2
667,6,2,2
667,6,3,2
667,6,4,2
667,6,5,2
667,6,5,51
667,6,4,2
667,5,4,2
667,4,4,2
667,3,4,2
667,2,4,2
667,1,4,2
667,1,4,26
667,2,4,2
667,2,4,80
667,3,4,2
667,4,4,2
667,4,3,2
667,5,3,2
667,5,2,2
667,5,1,2
667,5,1,47
667,6,1,2
667,7,1,2
667,7,2,2
667,7,3,2
667,7,4,2
667,7,4,35
668,7,0,2
668,6,0,2
668,5,0,2
668,5,1,2
668,4,1,2
668,3,1,2
668,2,1,2
668,2,2,2
668,2,2,84
668,2,3,2
668,3,3,2
668,3,4,2
668,4,4,2
668,5,4,2
668,6,4,2
668,7,4,2
668,7,4,30
669,7,0,2
669,7,1,2
669,6,1,2
669,5,1,2
669,5,2,2
669,5,3,2
669,5,3,58
669,4,3,2
669,3,3,2
669,2,3,2
669,1,3,2
669,0,3,2
669,0,3,20
669,0,4,2
669,1,4,2
669,2,4,2
669,3,4,2
669,4,4,2
669,5,4,2
669,6,4,2
669,7,4,2
669,7,4,87
670,7,0,2
670,6,0,2
670,5,0,2
670,4,0,2
670,3,0,2
670,2,0,2
670,1,0,2
670,1,0,63
670,1,1,2
670,1,2,2
670,1,3,2
670,1,4,2
670,1,5,2
670,1,6,2
670,1,6,39
670,2,6,2
670,2,5,2
670,3,5,2
670,4,5,2
670,4,4,2
670,4,3,2
670,4,2,2
670,4,1,2
670,4,0,2
670,4,0,32
670,3,0,2
670,2,0,2
670,2,1,2
670,2,2,2
670,1,2,2
670,1,3,2
670,1,4,2
670,1,5,2
670,0,5,2
670,0,5,30
670,0,4,2
670,1,4,2
670,2,4,2
670,3,4,2
670,4,4,2
670,5,4,2
670,6,4,2
670,7,4,2
670,7,4,33
671,7,0,2
671,7,1,2
671,6,1,2
671,6,2,2
671,6,3,2
671,5,3,2
671,5,4,2
671,4,4,2
671,4,5,2
671,4,6,2
671,3,6,2
671,2,6,2
671,1,6,2
671,0,6,2
671,0,6,59
671,1,6,2
671,1,5,2
671,2,5,2
671,2,4,2
671,3,4,2
671,4,4,2
671,5,4,2
671,6,4,2
671,7,4,2
671,7,4,102
672,7,0,2
672,7,1,2
672,6,1,2
672,5,1,2
672,4,1,2
672,4,1,29
672,3,1,2
672,3,0,2
672,2,0,2
672,1,0,2
672,0,0,2
672,0,0,55
672,1,0,2
672,1,1,2
672,1,2,2
672,2,2,2
672,2,3,2
672,2,4,2
672,3,4,2
672,4,4,2
672,5,4,2
672,6,4,2
672,7,4,2
672,7,4,93
673,7,0,2
673,7,1,2
673,6,1,2
673,6,2,2
673,5,2,2
673,4,2,2
673,3,2,2
673,3,2,70
673,2,2,2
673,1,2,2
673,0,2,2
673,0,1,2
673,0,0,2
673,0,0,24
673,0,1,2
673,1,1,2
673,1,2,2
673,1,3,2
673,2,3,2
673,2,4,2
673,2,5,2
673,2,5,47
673,3,5,2
673,3,6,2
673,4,6,2
673,5,6,2
673,5,6,74
673,5,7,2
673,4,7,2
673,4,8,2
673,3,8,2
673,2,8,2
673,1,8,2
673,1,8,28
673,1,7,2
673,1,6,2
673,1,5,2
673,2,5,2
673,3,5,2
673,3,4,2
673,4,4,2
673,5,4,2
673,6,4,2
673,7,4,2
673,7,4,31
674,7,0,2
674,6,0,2
674,6,1,2
674,5,1,2
674,4,1,2
674,4,2,2
674,3,2,2
674,2,2,2
674,2,2,29
674,1,2,2
674,1,3,2
674,1,4,2
674,1,4,83
674,1,3,2
674,1,2,2
674,1,2,33
674,1,3,2
674,0,3,2
674,0,4,2
674,0,5,2
674,0,6,2
674,0,6,62
674,0,5,2
674,0,4,2
674,1,4,2
674,2,4,2
674,3,4,2
674,4,4,2
674,5,4,2
674,6,4,2
674,7,4,2
674,7,4,99
675,7,0,2
675,6,0,2
675,6,1,2
675,6,2,2
675,5,2,2
675,5,3,2
675,5,4,2
675,5,5,2
675,5,6,2
675,5,6,60
675,5,5,2
675,4,5,2
675,4,4,2
675,3,4,2
675,3,3,2
675,3,2,2
675,2,2,2
675,1,2,2
675,1,2,75
675,2,2,2
675,2,3,2
675,3,3,2
675,4,3,2
675,5,3,2
675,5,4,2
675,6,4,2
675,7,4,2
675,7,4,84
676,7,0,2
676,7,1,2
676,6,1,2
676,5,1,2
676,5,2,2
676,4,2,2
676,4,3,2
676,4,4,2
676,4,5,2
676,4,6,2
676,4,7,2
676,4,7,30
676,4,6,2
676,4,5,2
676,4,4,2
676,4,3,2
676,4,3,53
676,3,3,2
676,3,2,2
676,3,1,2
676,3,1,38
676,4,1,2
676,5,1,2
676,5,2,2
676,6,2,2
676,6,3,2
676,6,4,2
676,7,4,2
676,7,4,103
677,7,0,2
677,7,1,2
677,6,1,2
677,6,2,2
677,5,2,2
677,4,2,2
677,4,2,88
677,4,3,2
677,4,4,2
677,5,4,2
677,6,4,2
677,7,4,2
677,7,4,79
678,7,0,2
678,6,0,2
678,6,1,2
678,5,1,2
678,5,2,2
678,5,3,2
678,5,4,2
678,4,4,2
678,3,4,2
678,2,4,2
678,1,4,2
678,0,4,2
678,0,4,32
678,1,4,2
678,2,4,2
678,2,3,2
678,2,2,2
678,2,1,2
678,3,1,2
678,4,1,2
678,4,1,26
678,4,2,2
678,4,3,2
678,4,4,2
678,5,4,2
678,6,4,2
678,7,4,2
678,7,4,85
679,7,0,2
679,7,1,2
679,6,1,2
679,5,1,2
679,4,1,2
679,3,1,2
679,2,1,2
679,1,1,2
679,0,1,2
679,0,1,22
679,0,2,2
679,1,2,2
679,2,2,2
679,2,3,2
679,2,4,2
679,3,4,2
679,4,4,2
679,5,4,2
679,6,4,2
679,7,4,2
679,7,4,55
680,7,0,2
680,6,0,2
680,6,1,2
680,5,1,2
680,4,1,2
680,3,1,2
680,2,1,2
680,1,1,2
680,1,1,89
680,1,2,2
680,1,3,2
680,1,4,2
680,2,4,2
680,3,4,2
680,4,4,2
680,5,4,2
680,6,4,2
680,7,4,2
680,7,4,117
681,7,0,2
681,7,1,2
681,6,1,2
681,6,2,2
681,5,2,2
681,5,3,2
681,5,4,2
681,5,5,2
681,5,6,2
681,5,6,34
681,4,6,2
681,3,6,2
681,3,7,2
681,2,7,2
681,1,7,2
681,1,7,58
681,1,6,2
681,2,6,2
681,3,6,2
681,4,6,2
681,5,6,2
681,6,6,2
681,6,5,2
681,6,4,2
681,6,3,2
681,6,3,23
681,7,3,2
681,7,4,2
681,7,4,31
682,7,0,2
682,6,0,2
682,5,0,2
682,4,0,2
682,4,1,2
682,3,1,2
682,3,2,2
682,2,2,2
682,1,2,2
682,0,2,2
682,0,3,2
682,0,4,2
682,0,5,2
682,0,6,2
682,0,7,2
682,0,7,64
682,1,7,2
682,1,6,2
682,2,6,2
682,3,6,2
682,3,5,2
682,3,4,2
682,3,4,21
682,2,4,2
682,2,3,2
682,1,3,2
682,1,3,68
682,1,4,2
682,2,4,2
682,3,4,2
682,4,4,2
682,5,4,2
682,6,4,2
682,7,4,2
682,7,4,117
683,7,0,2
683,7,1,2
683,7,2,2
683,7,3,2
683,7,4,2
683,6,4,2
683,5,4,2
683,4,4,2
683,4,5,2
683,3,5,2
683,3,6,2
683,3,7,2
683,2,7,2
683,1,7,2
683,0,7,2
683,0,7,88
683,0,6,2
683,1,6,2
683,2,6,2
683,2,5,2
683,2,4,2
683,3,4,2
683,4,4,2
683,5,4,2
683,6,4,2
683,7,4,2
683,7,4,110
684,7,0,2
684,6,0,2
684,5,0,2
684,4,0,2
684,3,0,2
684,2,0,2
684,1,0,2
684,1,0,87
684,1,1,2
684,0,1,2
684,0,2,2
684,0,3,2
684,0,4,2
684,0,5,2
684,0,5,25
684,0,4,2
684,1,4,2
684,2,4,2
684,3,4,2
684,4,4,2
684,5,4,2
684,6,4,2
684,7,4,2
684,7,4,92
685,7,0,2
685,6,0,2
685,5,0,2
685,4,0,2
685,3,0,2
685,2,0,2
685,1,0,2
685,1,0,61
685,1,1,2
685,1,2,2
685,1,3,2
685,1,4,2
685,1,5,2
685,1,6,2
685,1,7,2
685,1,7,88
685,1,6,2
685,1,5,2
685,2,5,2
685,3,5,2
685,3,4,2
685,4,4,2
685,5,4,2
685,6,4,2
685,7,4,2
685,7,4,77
686,7,0,2
686,6,0,2
686,6,1,2
686,6,2,2
686,5,2,2
686,5,3,2
686,4,3,2
686,3,3,2
686,3,3,77
686,3,4,2
686,4,4,2
686,5,4,2
686,6,4,2
686,7,4,2
686,7,4,34
687,7,0,2
687,6,0,2
687,5,0,2
687,5,1,2
687,4,1,2
687,4,2,2
687,4,3,2
687,4,4,2
687,4,5,2
687,4,6,2
687,3,6,2
687,3,7,2
687,2,7,2
687,1,7,2
687,1,8,2
687,1,9,2
687,1,9,60
687,1,8,2
687,1,7,2
687,1,6,2
687,1,5,2
687,2,5,2
687,3,5,2
687,3,4,2
687,3,3,2
687,4,3,2
687,4,2,2
687,4,1,2
687,4,1,69
687,5,1,2
687,5,2,2
687,6,2,2
687,7,2,2
687,7,3,2
687,7,4,2
687,7,4,106
688,7,0,2
688,6,0,2
688,5,0,2
688,4,0,2
688,3,0,2
688,2,0,2
688,1,0,2
688,1,0,84
688,1,1,2
688,2,1,2
688,3,1,2
688,4,1,2
688,4,2,2
688,5,2,2
688,5,2,50
688,6,2,2
688,7,2,2
688,7,3,2
688,7,4,2
688,7,4,103
689,7,0,2
689,6,0,2
689,5,0,2
689,4,0,2
689,3,0,2
689,2,0,2
689,1,0,2
689,0,0,2
689,0,0,51
689,1,0,2
689,2,0,2
689,3,0,2
689,3,1,2
689,3,2,2
689,4,2,2
689,5,2,2
689,6,2,2
689,7,2,2
689,7,3,2
689,7,4,2
689,7,4,92
690,7,0,2
690,6,0,2
690,6,1,2
690,6,2,2
690,5,2,2
690,5,3,2
690,5,4,2
690,5,5,2
690,4,5,2
690,3,5,2
690,2,5,2
690,1,5,2
690,0,5,2
690,0,5,23
690,0,4,2
690,1,4,2
690,2,4,2
690,3,4,2
690,4,4,2
690,5,4,2
690,6,4,2
690,7,4,2
690,7,4,69
691,7,0,2
691,6,0,2
691,5,0,2
691,5,1,2
691,4,1,2
691,3,1,2
691,2,1,2
691,1,1,2
691,1,1,24
691,1,2,2
691,2,2,2
691,2,3,2
691,3,3,2
691,3,4,2
691,4,4,2
691,4,4,85
691,5,4,2
691,6,4,2
691,7,4,2
691,7,4,114
692,7,0,2
692,7,1,2
692,6,1,2
692,5,1,2
692,5,2,2
692,4,2,2
692,4,3,2
692,3,3,2
692,3,4,2
692,3,5,2
692,3,5,76
692,4,5,2
692,4,4,2
692,5,4,2
692,6,4,2
692,7,4,2
692,7,4,50
693,7,0,2
693,7,1,2
693,7,2,2
693,7,3,2
693,7,4,2
693,7,5,2
693,6,5,2
693,5,5,2
693,4,5,2
693,4,6,2
693,4,7,2
693,4,8,2
693,3,8,2
693,3,9,2
693,2,9,2
693,2,9,25
693,3,9,2
693,3,8,2
693,3,7,2
693,4,7,2
693,5,7,2
693,6,7,2
693,7,7,2
693,7,6,2
693,7,5,2
693,7,4,2
693,7,4,67
694,7,0,2
694,6,0,2
694,5,0,2
694,4,0,2
694,3,0,2
694,2,0,2
694,1,0,2
694,1,0,24
694,1,1,2
694,1,2,2
694,1,3,2
694,1,4,2
694,2,4,2
694,2,5,2
694,3,5,2
694,4,5,2
694,5,5,2
694,5,5,62
694,6,5,2
694,7,5,2
694,7,4,2
694,7,4,107
695,7,0,2
695,6,0,2
695,6,0,83
695,7,0,2
695,7,1,2
695,7,2,2
695,7,3,2
695,7,4,2
695,7,4,65
696,7,0,2
696,7,1,2
696,7,2,2
696,7,3,2
696,6,3,2
696,5,3,2
696,4,3,2
696,3,3,2
696,3,4,2
696,3,5,2
696,3,6,2
696,3,7,2
696,3,8,2
696,3,9,2
696,3,9,80
696,4,9,2
696,4,8,2
696,5,8,2
696,6,8,2
696,6,7,2
696,6,6,2
696,6,5,2
696,7,5,2
696,7,4,2
696,7,4,60
697,7,0,2
697,6,0,2
697,6,0,27
697,5,0,2
697,5,1,2
697,4,1,2
697,4,2,2
697,4,3,2
697,3,3,2
697,3,4,2
697,3,5,2
697,3,5,50
697,4,5,2
697,5,5,2
697,6,5,2
697,6,4,2
697,7,4,2
697,7,4,64
698,7,0,2
698,6,0,2
698,5,0,2
698,4,0,2
698,4,0,29
698,5,0,2
698,5,0,58
698,6,0,2
698,6,1,2
698,7,1,2
698,7,2,2
698,7,3,2
698,7,4,2
698,7,4,42
699,7,0,2
699,7,1,2
699,6,1,2
699,5,1,2
699,4,1,2
699,4,1,24
699,4,2,2
699,3,2,2
699,3,3,2
699,2,3,2
699,1,3,2
699,1,4,2
699,1,5,2
699,1,6,2
699,1,7,2
699,1,7,86
699,0,7,2
699,0,6,2
699,0,5,2
699,0,4,2
699,0,3,2
699,0,2,2
699,0,1,2
699,0,1,74
699,1,1,2
699,1,2,2
699,2,2,2
699,2,3,2
699,2,4,2
699,2,5,2
699,2,5,77
699,3,5,2
699,4,5,2
699,4,4,2
699,5,4,2
699,6,4,2
699,7,4,2
699,7,4,47
700,7,0,2
700,7,1,2
700,6,1,2
700,6,1,44
700,5,1,2
700,5,0,2
700,4,0,2
700,4,0,80
700,4,1,2
700,4,2,2
700,5,2,2
700,5,3,2
700,5,4,2
700,6,4,2
700,7,4,2
700,7,4,33
701,7,0,2
701,7,1,2
701,6,1,2
701,5,1,2
701,5,2,2
701,5,3,2
701,5,4,2
701,5,4,69
701,4,4,2
701,4,4,36
701,4,5,2
701,4,6,2
701,3,6,2
701,3,7,2
701,3,8,2
701,3,9,2
701,2,9,2
701,1,9,2
701,1,9,82
701,1,8,2
701,1,7,2
701,2,7,2
701,2,6,2
701,2,5,2
701,3,5,2
701,4,5,2
701,5,5,2
701,5,4,2
701,5,3,2
701,5,2,2
701,5,1,2
701,5,0,2
701,5,0,42
701,6,0,2
701,7,0,2
701,7,1,2
701,7,2,2
701,7,3,2
701,7,4,2
701,7,4,66
702,7,0,2
702,6,0,2
702,5,0,2
702,5,1,2
702,5,1,79
702,4,1,2
702,4,2,2
702,4,3,2
702,4,4,2
702,3,4,2
702,3,5,2
702,2,5,2
702,1,5,2
702,0,5,2
702,0,5,53
702,1,5,2
702,2,5,2
702,3,5,2
702,3,4,2
702,3,3,2
702,3,2,2
702,3,1,2
702,3,0,2
702,3,0,84
702,4,0,2
702,5,0,2
702,6,0,2
702,7,0,2
702,7,1,2
702,7,2,2
702,7,3,2
702,7,4,2
702,7,4,86
703,7,0,2
703,6,0,2
703,6,1,2
703,6,2,2
703,6,3,2
703,6,4,2
703,6,5,2
703,6,6,2
703,6,7,2
703,6,8,2
703,6,9,2
703,6,9,54
703,6,8,2
703,5,8,2
703,4,8,2
703,4,7,2
703,4,6,2
703,4,5,2
703,4,4,2
703,4,4,47
703,4,3,2
703,4,2,2
703,5,2,2
703,5,1,2
703,6,1,2
703,6,0,2
703,6,0,50
703,5,0,2
703,4,0,2
703,4,1,2
703,4,2,2
703,3,2,2
703,3,3,2
703,3,4,2
703,3,5,2
703,3,6,2
703,3,7,2
703,3,7,33
703,2,7,2
703,1,7,2
703,1,6,2
703,1,5,2
703,1,4,2
703,1,3,2
703,1,2,2
703,0,2,2
703,0,1,2
703,0,1,41
703,1,1,2
703,1,2,2
703,2,2,2
703,3,2,2
703,4,2,2
703,5,2,2
703,5,3,2
703,6,3,2
703,6,4,2
703,7,4,2
703,7,4,61
704,7,0,2
704,7,1,2
704,7,2,2
704,6,2,2
704,5,2,2
704,4,2,2
704,3,2,2
704,2,2,2
704,1,2,2
704,0,2,2
704,0,3,2
704,0,4,2
704,0,4,39
704,0,5,2
704,1,5,2
704,2,5,2
704,3,5,2
704,4,5,2
704,4,5,42
704,3,5,2
704,3,6,2
704,2,6,2
704,2,7,2
704,2,8,2
704,2,9,2
704,2,9,59
704,1,9,2
704,1,8,2
704,1,7,2
704,0,7,2
704,0,6,2
704,0,5,2
704,0,4,2
704,0,3,2
704,0,2,2
704,0,1,2
704,0,0,2
704,0,0,76
704,0,1,2
704,0,2,2
704,1,2,2
704,1,3,2
704,2,3,2
704,3,3,2
704,3,4,2
704,4,4,2
704,5,4,2
704,6,4,2
704,7,4,2
704,7,4,65
705,7,0,2
705,6,0,2
705,6,1,2
705,6,2,2
705,5,2,2
705,4,2,2
705,4,3,2
705,4,4,2
705,3,4,2
705,2,4,2
705,1,4,2
705,1,4,46
705,1,3,2
705,1,2,2
705,1,1,2
705,1,0,2
705,1,0,42
705,1,1,2
705,1,2,2
705,1,3,2
705,1,3,64
705,1,4,2
705,2,4,2
705,3,4,2
705,4,4,2
705,5,4,2
705,6,4,2
705,7,4,2
705,7,4,100
706,7,0,2
706,6,0,2
706,6,1,2
706,6,1,72
706,6,0,2
706,5,0,2
706,4,0,2
706,3,0,2
706,2,0,2
706,1,0,2
706,0,0,2
706,0,0,34
706,1,0,2
706,2,0,2
706,2,1,2
706,2,1,64
706,2,2,2
706,2,3,2
706,2,4,2
706,2,5,2
706,1,5,2
706,1,6,2
706,1,7,2
706,1,8,2
706,1,8,58
706,2,8,2
706,2,7,2
706,3,7,2
706,3,7,46
706,4,7,2
706,5,7,2
706,5,6,2
706,5,5,2
706,6,5,2
706,7,5,2
706,7,4,2
706,7,4,107
707,7,0,2
707,7,1,2
707,6,1,2
707,5,1,2
707,4,1,2
707,4,1,60
707,4,2,2
707,4,3,2
707,5,3,2
707,5,4,2
707,5,5,2
707,5,6,2
707,5,6,26
707,5,5,2
707,5,4,2
707,5,3,2
707,5,2,2
707,5,1,2
707,5,1,33
707,5,0,2
707,6,0,2
707,6,0,89
707,5,0,2
707,4,0,2
707,3,0,2
707,2,0,2
707,1,0,2
707,0,0,2
707,0,0,49
707,0,1,2
707,1,1,2
707,1,2,2
707,2,2,2
707,2,3,2
707,3,3,2
707,4,3,2
707,5,3,2
707,5,4,2
707,6,4,2
707,7,4,2
707,7,4,84
708,7,0,2
708,6,0,2
708,6,1,2
708,5,1,2
708,5,2,2
708,5,3,2
708,4,3,2
708,3,3,2
708,3,4,2
708,3,5,2
708,2,5,2
708,1,5,2
708,0,5,2
708,0,5,38
708,1,5,2
708,1,6,2
708,1,7,2
708,2,7,2
708,3,7,2
708,4,7,2
708,5,7,2
708,6,7,2
708,6,7,80
708,6,6,2
708,7,6,2
708,7,5,2
708,7,4,2
708,7,4,114
709,7,0,2
709,6,0,2
709,5,0,2
709,4,0,2
709,3,0,2
709,2,0,2
709,1,0,2
709,1,0,70
709,1,1,2
709,2,1,2
709,2,2,2
709,3,2,2
709,4,2,2
709,4,3,2
709,4,4,2
709,5,4,2
709,6,4,2
709,7,4,2
709,7,4,93
710,7,0,2
710,6,0,2
710,5,0,2
710,4,0,2
710,3,0,2
710,2,0,2
710,1,0,2
710,1,0,39
710,1,1,2
710,1,2,2
710,1,3,2
710,1,4,2
710,1,4,32
710,2,4,2
710,3,4,2
710,4,4,2
710,4,4,21
710,5,4,2
710,6,4,2
710,7,4,2
710,7,4,39
711,7,0,2
711,7,1,2
711,6,1,2
711,5,1,2
711,5,2,2
711,5,3,2
711,5,4,2
711,5,4,41
711,5,5,2
711,4,5,2
711,4,6,2
711,4,7,2
711,4,8,2
711,4,9,2
711,3,9,2
711,2,9,2
711,2,9,72
711,1,9,2
711,1,8,2
711,1,7,2
711,1,6,2
711,1,5,2
711,1,4,2
711,1,3,2
711,1,3,40
711,1,4,2
711,2,4,2
711,3,4,2
711,4,4,2
711,5,4,2
711,6,4,2
711,7,4,2
711,7,4,61
712,7,0,2
712,6,0,2
712,6,1,2
712,5,1,2
712,5,2,2
712,5,3,2
712,5,4,2
712,5,4,41
712,5,3,2
712,5,3,84
712,5,4,2
712,5,5,2
712,5,6,2
712,6,6,2
712,6,7,2
712,6,7,35
712,6,6,2
712,6,5,2
712,6,4,2
712,7,4,2
712,7,4,85
713,7,0,2
713,7,1,2
713,6,1,2
713,6,2,2
713,6,3,2
713,6,4,2
713,6,5,2
713,6,6,2
713,6,7,2
713,6,8,2
713,6,9,2
713,6,9,55
713,6,8,2
713,6,7,2
713,5,7,2
713,4,7,2
713,4,6,2
713,3,6,2
713,2,6,2
713,1,6,2
713,1,6,88
713,2,6,2
713,2,5,2
713,2,4,2
713,2,3,2
713,3,3,2
713,4,3,2
713,5,3,2
713,5,2,2
713,5,1,2
713,5,0,2
713,5,0,69
713,6,0,2
713,6,1,2
713,6,2,2
713,7,2,2
713,7,3,2
713,7,4,2
713,7,4,108
714,7,0,2
714,6,0,2
714,6,1,2
714,5,1,2
714,5,2,2
714,4,2,2
714,3,2,2
714,3,3,2
714,3,4,2
714,3,5,2
714,3,6,2
714,2,6,2
714,2,7,2
714,2,8,2
714,2,9,2
714,1,9,2
714,0,9,2
714,0,9,59
714,1,9,2
714,1,8,2
714,1,7,2
714,1,6,2
714,1,5,2
714,1,4,2
714,1,3,2
714,1,2,2
714,1,2,86
714,1,3,2
714,1,4,2
714,2,4,2
714,3,4,2
714,4,4,2
714,5,4,2
714,6,4,2
714,7,4,2
714,7,4,90
715,7,0,2
715,7,1,2
715,7,2,2
715,7,3,2
715,6,3,2
715,5,3,2
715,5,4,2
715,4,4,2
715,4,5,2
715,3,5,2
715,3,6,2
715,3,7,2
715,3,7,20
715,2,7,2
715,1,7,2
715,0,7,2
715,0,7,51
715,0,6,2
715,0,5,2
715,0,4,2
715,1,4,2
715,2,4,2
715,3,4,2
715,4,4,2
715,5,4,2
715,6,4,2
715,7,4,2
715,7,4,65
716,7,0,2
716,6,0,2
716,6,1,2
716,5,1,2
716,4,1,2
716,4,2,2
716,4,3,2
716,4,4,2
716,4,4,81
716,3,4,2
716,3,3,2
716,2,3,2
716,2,2,2
716,1,2,2
716,0,2,2
716,0,1,2
716,0,1,78
716,1,1,2
716,1,2,2
716,1,3,2
716,1,4,2
716,1,5,2
716,1,5,70
716,2,5,2
716,2,4,2
716,2,3,2
716,2,2,2
716,2,1,2
716,2,1,82
716,3,1,2
716,3,2,2
716,4,2,2
716,4,3,2
716,4,4,2
716,5,4,2
716,6,4,2
716,7,4,2
716,7,4,88
717,7,0,2
717,6,0,2
717,6,1,2
717,6,2,2
717,6,2,51
717,5,2,2
717,4,2,2
717,3,2,2
717,3,1,2
717,3,0,2
717,3,0,89
717,3,1,2
717,2,1,2
717,1,1,2
717,1,2,2
717,1,3,2
717,1,4,2
717,1,5,2
717,1,6,2
717,1,6,36
717,1,5,2
717,1,4,2
717,2,4,2
717,3,4,2
717,4,4,2
717,5,4,2
717,6,4,2
717,7,4,2
717,7,4,33
718,7,0,2
718,6,0,2
718,5,0,2
718,4,0,2
718,4,1,2
718,3,1,2
718,2,1,2
718,1,1,2
718,0,1,2
718,0,2,2
718,0,3,2
718,0,4,2
718,0,5,2
718,0,6,2
718,0,7,2
718,0,7,79
718,0,6,2
718,0,5,2
718,0,4,2
718,1,4,2
718,2,4,2
718,3,4,2
718,4,4,2
718,5,4,2
718,6,4,2
718,7,4,2
718,7,4,118
719,7,0,2
719,6,0,2
719,5,0,2
719,4,0,2
719,3,0,2
719,3,1,2
719,2,1,2
719,2,2,2
719,2,3,2
719,2,4,2
719,2,5,2
719,1,5,2
719,1,6,2
719,0,6,2
719,0,6,46
719,1,6,2
719,2,6,2
719,2,5,2
719,2,4,2
719,3,4,2
719,4,4,2
719,5,4,2
719,6,4,2
719,7,4,2
719,7,4,46
720,7,0,2
720,7,1,2
720,7,2,2
720,6,2,2
720,5,2,2
720,5,3,2
720,4,3,2
720,3,3,2
720,3,4,2
720,3,5,2
720,3,6,2
720,3,7,2
720,3,8,2
720,3,9,2
720,3,9,39
720,3,8,2
720,3,7,2
720,4,7,2
720,4,6,2
720,5,6,2
720,5,5,2
720,5,4,2
720,5,3,2
720,5,2,2
720,5,1,2
720,5,1,47
720,6,1,2
720,6,2,2
720,6,3,2
720,6,4,2
720,6,5,2
720,6,6,2
720,6,7,2
720,6,7,22
720,6,6,2
720,6,5,2
720,5,5,2
720,4,5,2
720,4,4,2
720,3,4,2
720,2,4,2
720,1,4,2
720,1,4,53
720,2,4,2
720,3,4,2
720,4,4,2
720,5,4,2
720,6,4,2
720,7,4,2
720,7,4,64
721,7,0,2
721,7,1,2
721,7,2,2
721,7,3,2
721,6,3,2
721,6,4,2
721,5,4,2
721,4,4,2
721,4,5,2
721,3,5,2
721,2,5,2
721,2,6,2
721,1,6,2
721,0,6,2
721,0,6,69
721,0,5,2
721,0,4,2
721,1,4,2
721,2,4,2
721,3,4,2
721,4,4,2
721,5,4,2
721,6,4,2
721,7,4,2
721,7,4,89
722,7,0,2
722,6,0,2
722,5,0,2
722,4,0,2
722,3,0,2
722,2,0,2
722,1,0,2
722,0,0,2
722,0,0,87
722,0,1,2
722,0,2,2
722,1,2,2
722,2,2,2
722,3,2,2
722,3,2,37
722,3,1,2
722,3,0,2
722,4,0,2
722,5,0,2
722,6,0,2
722,6,0,21
722,6,1,2
722,6,2,2
722,6,3,2
722,6,4,2
722,7,4,2
722,7,4,84
723,7,0,2
723,7,1,2
723,6,1,2
723,5,1,2
723,4,1,2
723,3,1,2
723,2,1,2
723,1,1,2
723,1,1,28
723,1,2,2
723,2,2,2
723,2,3,2
723,3,3,2
723,3,4,2
723,4,4,2
723,5,4,2
723,6,4,2
723,7,4,2
723,7,4,86
724,7,0,2
724,6,0,2
724,5,0,2
724,5,1,2
724,4,1,2
724,3,1,2
724,2,1,2
724,2,2,2
724,2,3,2
724,2,4,2
724,2,5,2
724,2,6,2
724,2,6,47
724,1,6,2
724,0,6,2
724,0,5,2
724,0,4,2
724,0,3,2
724,0,2,2
724,0,2,46
724,1,2,2
724,2,2,2
724,2,3,2
724,2,4,2
724,2,5,2
724,3,5,2
724,3,6,2
724,4,6,2
724,5,6,2
724,5,7,2
724,6,7,2
724,6,7,58
724,7,7,2
724,7,6,2
724,7,5,2
724,7,4,2
724,7,4,93
725,7,0,2
725,6,0,2
725,6,1,2
725,6,2,2
725,6,2,79
725,6,1,2
725,6,1,88
725,6,2,2
725,6,3,2
725,5,3,2
725,4,3,2
725,4,4,2
725,4,5,2
725,4,6,2
725,4,6,69
725,3,6,2
725,2,6,2
725,1,6,2
725,0,6,2
725,0,6,57
725,0,5,2
725,1,5,2
725,1,4,2
725,2,4,2
725,3,4,2
725,4,4,2
725,5,4,2
725,6,4,2
725,7,4,2
725,7,4,56
726,7,0,2
726,6,0,2
726,5,0,2
726,4,0,2
726,4,1,2
726,3,1,2
726,3,2,2
726,3,3,2
726,2,3,2
726,2,3,22
726,3,3,2
726,3,2,2
726,3,1,2
726,3,1,63
726,4,1,2
726,4,2,2
726,4,3,2
726,5,3,2
726,5,4,2
726,6,4,2
726,7,4,2
726,7,4,108
727,7,0,2
727,6,0,2
727,5,0,2
727,5,1,2
727,5,1,61
727,5,2,2
727,5,3,2
727,5,4,2
727,5,4,82
727,5,3,2
727,5,2,2
727,4,2,2
727,3,2,2
727,2,2,2
727,2,2,80
727,3,2,2
727,4,2,2
727,4,3,2
727,5,3,2
727,6,3,2
727,7,3,2
727,7,4,2
727,7,4,35
728,7,0,2
728,6,0,2
728,5,0,2
728,5,1,2
728,4,1,2
728,3,1,2
728,3,1,77
728,4,1,2
728,5,1,2
728,6,1,2
728,6,0,2
728,6,0,66
728,6,1,2
728,5,1,2
728,4,1,2
728,3,1,2
728,2,1,2
728,1,1,2
728,1,1,40
728,2,1,2
728,2,2,2
728,2,3,2
728,2,3,58
728,2,4,2
728,3,4,2
728,4,4,2
728,5,4,2
728,6,4,2
728,7,4,2
728,7,4,107
729,7,0,2
729,6,0,2
729,6,1,2
729,6,2,2
729,6,3,2
729,5,3,2
729,5,4,2
729,4,4,2
729,4,5,2
729,3,5,2
729,3,6,2
729,2,6,2
729,1,6,2
729,0,6,2
729,0,7,2
729,0,8,2
729,0,9,2
729,0,9,21
729,0,8,2
729,0,7,2
729,1,7,2
729,2,7,2
729,3,7,2
729,4,7,2
729,4,6,2
729,5,6,2
729,5,5,2
729,5,4,2
729,6,4,2
729,7,4,2
729,7,4,112
730,7,0,2
730,6,0,2
730,6,0,33
730,5,0,2
730,5,1,2
730,5,2,2
730,5,3,2
730,5,4,2
730,5,4,70
730,6,4,2
730,7,4,2
730,7,4,56
731,7,0,2
731,6,0,2
731,6,1,2
731,5,1,2
731,5,2,2
731,5,3,2
731,5,4,2
731,5,5,2
731,5,6,2
731,5,7,2
731,5,8,2
731,5,8,75
731,6,8,2
731,7,8,2
731,7,7,2
731,7,6,2
731,7,5,2
731,7,4,2
731,7,4,44
732,7,0,2
732,7,1,2
732,7,2,2
732,7,3,2
732,7,4,2
732,6,4,2
732,6,5,2
732,6,6,2
732,6,6,50
732,6,5,2
732,5,5,2
732,5,4,2
732,4,4,2
732,4,3,2
732,4,2,2
732,3,2,2
732,3,1,2
732,3,0,2
732,2,0,2
732,1,0,2
732,0,0,2
732,0,0,88
732,0,1,2
732,1,1,2
732,1,2,2
732,2,2,2
732,3,2,2
732,3,2,78
732,4,2,2
732,5,2,2
732,5,3,2
732,5,4,2
732,6,4,2
732,7,4,2
732,7,4,67
733,7,0,2
733,7,1,2
733,6,1,2
733,6,2,2
733,6,3,2
733,6,3,82
733,6,2,2
733,6,1,2
733,6,0,2
733,6,0,87
733,6,1,2
733,6,2,2
733,6,3,2
733,5,3,2
733,4,3,2
733,4,4,2
733,3,4,2
733,2,4,2
733,2,5,2
733,2,5,28
733,2,4,2
733,3,4,2
733,4,4,2
733,5,4,2
733,6,4,2
733,7,4,2
733,7,4,109
734,7,0,2
734,6,0,2
734,6,1,2
734,6,2,2
734,5,2,2
734,4,2,2
734,4,3,2
734,4,4,2
734,3,4,2
734,2,4,2
734,1,4,2
734,0,4,2
734,0,5,2
734,0,5,74
734,1,5,2
734,1,6,2
734,2,6,2
734,3,6,2
734,4,6,2
734,5,6,2
734,5,6,40
734,4,6,2
734,4,5,2
734,4,4,2
734,3,4,2
734,2,4,2
734,2,3,2
734,1,3,2
734,1,2,2
734,0,2,2
734,0,2,55
734,0,3,2
734,0,4,2
734,1,4,2
734,2,4,2
734,3,4,2
734,4,4,2
734,5,4,2
734,6,4,2
734,7,4,2
734,7,4,119
735,7,0,2
735,7,1,2
735,7,2,2
735,6,2,2
735,6,3,2
735,6,4,2
735,6,5,2
735,6,6,2
735,5,6,2
735,4,6,2
735,3,6,2
735,3,7,2
735,2,7,2
735,1,7,2
735,1,7,75
735,1,6,2
735,1,5,2
735,1,4,2
735,1,4,77
735,2,4,2
735,3,4,2
735,4,4,2
735,5,4,2
735,6,4,2
735,7,4,2
735,7,4,57
736,7,0,2
736,6,0,2
736,5,0,2
736,5,1,2
736,5,2,2
736,4,2,2
736,4,3,2
736,4,4,2
736,3,4,2
736,3,5,2
736,3,6,2
736,3,7,2
736,3,8,2
736,3,9,2
736,3,9,59
736,3,8,2
736,3,7,2
736,4,7,2
736,4,6,2
736,4,5,2
736,4,4,2
736,4,4,89
736,5,4,2
736,6,4,2
736,6,4,38
736,5,4,2
736,4,4,2
736,4,3,2
736,4,2,2
736,4,1,2
736,3,1,2
736,3,1,28
736,2,1,2
736,1,1,2
736,0,1,2
736,0,1,56
736,1,1,2
736,1,2,2
736,1,2,34
736,2,2,2
736,3,2,2
736,3,3,2
736,3,4,2
736,4,4,2
736,5,4,2
736,6,4,2
736,7,4,2
736,7,4,114
737,7,0,2
737,7,1,2
737,6,1,2
737,6,2,2
737,5,2,2
737,4,2,2
737,3,2,2
737,3,3,2
737,3,4,2
737,3,5,2
737,3,6,2
737,2,6,2
737,1,6,2
737,1,6,41
737,1,5,2
737,1,4,2
737,1,3,2
737,1,3,39
737,1,4,2
737,2,4,2
737,3,4,2
737,4,4,2
737,5,4,2
737,6,4,2
737,7,4,2
737,7,4,35
738,7,0,2
738,6,0,2
738,6,1,2
738,5,1,2
738,4,1,2
738,3,1,2
738,2,1,2
738,2,2,2
738,2,3,2
738,2,4,2
738,2,5,2
738,1,5,2
738,0,5,2
738,0,5,72
738,0,4,2
738,0,3,2
738,0,3,55
738,0,4,2
738,1,4,2
738,2,4,2
738,3,4,2
738,4,4,2
738,5,4,2
738,6,4,2
738,7,4,2
738,7,4,92
739,7,0,2
739,6,0,2
739,5,0,2
739,4,0,2
739,3,0,2
739,2,0,2
739,1,0,2
739,0,0,2
739,0,0,56
739,1,0,2
739,2,0,2
739,2,1,2
739,3,1,2
739,3,2,2
739,3,3,2
739,3,4,2
739,4,4,2
739,5,4,2
739,6,4,2
739,7,4,2
739,7,4,108
740,7,0,2
740,6,0,2
740,5,0,2
740,4,0,2
740,3,0,2
740,2,0,2
740,1,0,2
740,0,0,2
740,0,0,80
740,0,1,2
740,0,2,2
740,0,3,2
740,0,4,2
740,1,4,2
740,2,4,2
740,3,4,2
740,4,4,2
740,5,4,2
740,6,4,2
740,7,4,2
740,7,4,117
741,7,0,2
741,7,1,2
741,7,2,2
741,6,2,2
741,5,2,2
741,4,2,2
741,3,2,2
741,3,3,2
741,3,4,2
741,3,4,43
741,3,3,2
741,2,3,2
741,1,3,2
741,1,2,2
741,0,2,2
741,0,1,2
741,0,0,2
741,0,0,62
741,0,1,2
741,0,2,2
741,1,2,2
741,1,3,2
741,1,4,2
741,2,4,2
741,3,4,2
741,4,4,2
741,5,4,2
741,6,4,2
741,7,4,2
741,7,4,101
742,7,0,2
742,7,1,2
742,6,1,2
742,5,1,2
742,4,1,2
742,3,1,2
742,2,1,2
742,2,1,87
742,2,2,2
742,3,2,2
742,3,3,2
742,3,4,2
742,4,4,2
742,4,5,2
742,4,6,2
742,5,6,2
742,5,7,2
742,5,8,2
742,5,9,2
742,5,9,48
742,5,8,2
742,4,8,2
742,4,7,2
742,3,7,2
742,3,6,2
742,2,6,2
742,2,6,55
742,3,6,2
742,3,5,2
742,4,5,2
742,5,5,2
742,5,4,2
742,6,4,2
742,7,4,2
742,7,4,105
743,7,0,2
743,6,0,2
743,6,1,2
743,5,1,2
743,4,1,2
743,3,1,2
743,2,1,2
743,1,1,2
743,1,1,28
743,2,1,2
743,2,2,2
743,3,2,2
743,3,3,2
743,3,4,2
743,4,4,2
743,5,4,2
743,6,4,2
743,7,4,2
743,7,4,75
744,7,0,2
744,7,1,2
744,6,1,2
744,5,1,2
744,4,1,2
744,4,1,85
744,4,2,2
744,4,3,2
744,4,3,89
744,3,3,2
744,2,3,2
744,2,2,2
744,1,2,2
744,0,2,2
744,0,2,87
744,1,2,2
744,2,2,2
744,2,3,2
744,2,4,2
744,3,4,2
744,4,4,2
744,5,4,2
744,6,4,2
744,7,4,2
744,7,4,73
745,7,0,2
745,7,1,2
745,7,2,2
745,6,2,2
745,6,3,2
745,6,3,74
745,7,3,2
745,7,4,2
745,7,4,113
746,7,0,2
746,6,0,2
746,6,1,2
746,5,1,2
746,5,2,2
746,4,2,2
746,3,2,2
746,2,2,2
746,1,2,2
746,0,2,2
746,0,2,63
746,1,2,2
746,1,1,2
746,1,0,2
746,1,0,89
746,1,1,2
746,1,2,2
746,1,3,2
746,1,4,2
746,2,4,2
746,3,4,2
746,4,4,2
746,5,4,2
746,6,4,2
746,7,4,2
746,7,4,55
747,7,0,2
747,6,0,2
747,6,1,2
747,5,1,2
747,4,1,2
747,4,2,2
747,4,3,2
747,4,3,20
747,4,2,2
747,5,2,2
747,5,1,2
747,5,0,2
747,6,0,2
747,6,0,36
747,5,0,2
747,5,1,2
747,5,1,35
747,6,1,2
747,6,2,2
747,6,3,2
747,6,4,2
747,6,5,2
747,6,6,2
747,6,7,2
747,6,8,2
747,6,9,2
747,6,9,75
747,5,9,2
747,4,9,2
747,3,9,2
747,2,9,2
747,1,9,2
747,1,9,42
747,1,8,2
747,1,7,2
747,1,7,42
747,1,6,2
747,1,5,2
747,2,5,2
747,3,5,2
747,3,4,2
747,4,4,2
747,5,4,2
747,6,4,2
747,7,4,2
747,7,4,45
748,7,0,2
748,6,0,2
748,6,1,2
748,6,2,2
748,6,2,36
748,5,2,2
748,5,3,2
748,5,4,2
748,5,5,2
748,5,6,2
748,5,7,2
748,5,8,2
748,5,8,80
748,6,8,2
748,6,7,2
748,7,7,2
748,7,6,2
748,7,5,2
748,7,4,2
748,7,4,112
749,7,0,2
749,6,0,2
749,6,1,2
749,5,1,2
749,4,1,2
749,4,2,2
749,4,3,2
749,4,4,2
749,4,5,2
749,3,5,2
749,3,6,2
749,2,6,2
749,2,7,2
749,2,8,2
749,1,8,2
749,1,8,83
749,2,8,2
749,3,8,2
749,4,8,2
749,5,8,2
749,5,8,76
749,5,7,2
749,5,6,2
749,5,5,2
749,5,4,2
749,4,4,2
749,3,4,2
749,2,4,2
749,1,4,2
749,1,4,86
749,1,5,2
749,1,6,2
749,1,6,27
749,1,5,2
749,1,4,2
749,1,3,2
749,1,2,2
749,1,1,2
749,1,1,88
749,1,2,2
749,2,2,2
749,3,2,2
749,3,3,2
749,4,3,2
749,5,3,2
749,6,3,2
749,6,4,2
749,7,4,2
749,7,4,50
750,7,0,2
750,6,0,2
750,5,0,2
750,4,0,2
750,4,1,2
750,3,1,2
750,2,1,2
750,1,1,2
750,1,1,61
750,1,2,2
750,2,2,2
750,2,3,2
750,2,4,2
750,3,4,2
750,4,4,2
750,4,4,25
750,4,3,2
750,5,3,2
750,5,2,2
750,5,1,2
750,5,0,2
750,5,0,37
750,6,0,2
750,6,1,2
750,7,1,2
750,7,2,2
750,7,3,2
750,7,4,2
750,7,4,87
751,7,0,2
751,6,0,2
751,6,1,2
751,6,2,2
751,6,3,2
751,5,3,2
751,4,3,2
751,3,3,2
751,2,3,2
751,1,3,2
751,0,3,2
751,0,3,64
751,1,3,2
751,1,2,2
751,1,1,2
751,1,0,2
751,1,0,88
751,1,1,2
751,1,2,2
751,1,3,2
751,1,4,2
751,2,4,2
751,3,4,2
751,4,4,2
751,5,4,2
751,6,4,2
751,7,4,2
751,7,4,114
752,7,0,2
752,6,0,2
752,5,0,2
752,4,0,2
752,3,0,2
752,2,0,2
752,1,0,2
752,1,0,29
752,1,1,2
752,2,1,2
752,2,2,2
752,2,3,2
752,2,4,2
752,3,4,2
752,4,4,2
752,5,4,2
752,6,4,2
752,7,4,2
752,7,4,92
753,7,0,2
753,7,1,2
753,6,1,2
753,6,2,2
753,5,2,2
753,4,2,2
753,3,2,2
753,2,2,2
753,1,2,2
753,1,2,53
753,1,3,2
753,2,3,2
753,2,4,2
753,2,4,28
753,3,4,2
753,3,3,2
753,3,2,2
753,3,1,2
753,3,1,48
753,3,2,2
753,3,3,2
753,4,3,2
753,5,3,2
753,5,4,2
753,6,4,2
753,7,4,2
753,7,4,77
754,7,0,2
754,6,0,2
754,5,0,2
754,5,1,2
754,5,2,2
754,4,2,2
754,3,2,2
754,2,2,2
754,1,2,2
754,0,2,2
754,0,2,47
754,0,1,2
754,0,0,2
754,0,0,46
754,1,0,2
754,2,0,2
754,3,0,2
754,3,1,2
754,3,2,2
754,4,2,2
754,4,3,2
754,5,3,2
754,5,4,2
754,6,4,2
754,7,4,2
754,7,4,103
755,7,0,2
755,6,0,2
755,6,0,71
755,7,0,2
755,7,1,2
755,7,2,2
755,7,3,2
755,7,4,2
755,7,4,40
756,7,0,2
756,6,0,2
756,5,0,2
756,4,0,2
756,3,0,2
756,3,0,51
756,4,0,2
756,4,1,2
756,4,2,2
756,4,3,2
756,4,3,40
756,4,4,2
756,4,5,2
756,3,5,2
756,2,5,2
756,2,6,2
756,2,7,2
756,2,8,2
756,2,8,44
756,2,7,2
756,3,7,2
756,4,7,2
756,5,7,2
756,6,7,2
756,6,7,36
756,7,7,2
756,7,6,2
756,7,5,2
756,7,4,2
756,7,4,97
757,7,0,2
757,6,0,2
757,6,1,2
757,6,2,2
757,6,3,2
757,5,3,2
757,5,4,2
757,4,4,2
757,4,5,2
757,3,5,2
757,3,6,2
757,3,7,2
757,3,8,2
757,3,8,78
757,4,8,2
757,4,7,2
757,5,7,2
757,6,7,2
757,7,7,2
757,7,6,2
757,7,5,2
757,7,4,2
757,7,4,115
758,7,0,2
758,6,0,2
758,5,0,2
758,4,0,2
758,3,0,2
758,2,0,2
758,2,1,2
758,2,2,2
758,2,3,2
758,2,4,2
758,2,5,2
758,2,5,36
758,2,4,2
758,2,3,2
758,2,2,2
758,3,2,2
758,3,2,36
758,2,2,2
758,2,3,2
758,1,3,2
758,1,4,2
758,0,4,2
758,0,5,2
758,0,5,78
758,0,6,2
758,0,7,2
758,1,7,2
758,2,7,2
758,3,7,2
758,4,7,2
758,5,7,2
758,5,7,21
758,5,6,2
758,6,6,2
758,6,5,2
758,7,5,2
758,7,4,2
758,7,4,69
759,7,0,2
759,7,1,2
759,7,2,2
759,7,3,2
759,6,3,2
759,5,3,2
759,5,4,2
759,5,5,2
759,5,5,37
759,5,4,2
759,6,4,2
759,7,4,2
759,7,4,68
760,7,0,2
760,6,0,2
760,6,1,2
760,6,2,2
760,5,2,2
760,4,2,2
760,3,2,2
760,3,3,2
760,3,4,2
760,3,5,2
760,3,6,2
760,3,7,2
760,3,7,71
760,3,8,2
760,2,8,2
760,1,8,2
760,1,8,87
760,1,7,2
760,1,6,2
760,1,5,2
760,1,4,2
760,1,4,55
760,2,4,2
760,3,4,2
760,4,4,2
760,4,3,2
760,4,3,22
760,5,3,2
760,6,3,2
760,6,4,2
760,7,4,2
760,7,4,100
761,7,0,2
761,6,0,2
761,5,0,2
761,4,0,2
761,3,0,2
761,3,0,88
761,3,1,2
761,4,1,2
761,4,2,2
761,4,3,2
761,5,3,2
761,5,4,2
761,6,4,2
761,6,5,2
761,6,6,2
761,6,6,37
761,6,5,2
761,7,5,2
761,7,4,2
761,7,4,113
762,7,0,2
762,6,0,2
762,6,1,2
762,5,1,2
762,5,1,39
762,4,1,2
762,4,2,2
762,3,2,2
762,2,2,2
762,2,3,2
762,2,4,2
762,2,5,2
762,1,5,2
762,1,6,2
762,1,6,42
762,2,6,2
762,2,5,2
762,3,5,2
762,3,4,2
762,4,4,2
762,5,4,2
762,6,4,2
762,7,4,2
762,7,4,77
763,7,0,2
763,7,1,2
763,6,1,2
763,5,1,2
763,4,1,2
763,4,2,2
763,4,3,2
763,4,4,2
763,3,4,2
763,3,5,2
763,2,5,2
763,2,6,2
763,1,6,2
763,1,7,2
763,1,8,2
763,1,9,2
763,0,9,2
763,0,9,26
763,0,8,2
763,0,7,2
763,0,6,2
763,0,5,2
763,0,4,2
763,0,3,2
763,0,2,2
763,0,1,2
763,0,0,2
763,0,0,54
763,1,0,2
763,1,1,2
763,1,2,2
763,2,2,2
763,3,2,2
763,3,2,86
763,3,3,2
763,4,3,2
763,5,3,2
763,5,4,2
763,6,4,2
763,7,4,2
763,7,4,100
764,7,0,2
764,7,1,2
764,6,1,2
764,5,1,2
764,4,1,2
764,3,1,2
764,2,1,2
764,2,1,81
764,2,2,2
764,3,2,2
764,3,3,2
764,4,3,2
764,4,4,2
764,5,4,2
764,6,4,2
764,7,4,2
764,7,4,59
765,7,0,2
765,6,0,2
765,5,0,2
765,4,0,2
765,3,0,2
765,2,0,2
765,2,0,63
765,2,1,2
765,2,2,2
765,3,2,2
765,4,2,2
765,4,3,2
765,4,4,2
765,4,5,2
765,4,5,21
765,4,4,2
765,5,4,2
765,6,4,2
765,7,4,2
765,7,4,61
766,7,0,2
766,6,0,2
766,5,0,2
766,5,1,2
766,5,2,2
766,4,2,2
766,4,3,2
766,4,4,2
766,4,5,2
766,4,5,76
766,4,4,2
766,5,4,2
766,6,4,2
766,7,4,2
766,7,4,119
767,7,0,2
767,7,1,2
767,6,1,2
767,5,1,2
767,4,1,2
767,3,1,2
767,2,1,2
767,1,1,2
767,1,2,2
767,0,2,2
767,0,3,2
767,0,4,2
767,0,5,2
767,0,5,62
767,0,4,2
767,0,3,2
767,1,3,2
767,1,3,84
767,2,3,2
767,2,3,78
767,3,3,2
767,4,3,2
767,4,4,2
767,5,4,2
767,6,4,2
767,7,4,2
767,7,4,76
768,7,0,2
768,7,1,2
768,6,1,2
768,5,1,2
768,5,1,32
768,6,1,2
768,6,2,2
768,7,2,2
768,7,3,2
768,7,4,2
768,7,4,49
769,7,0,2
769,6,0,2
769,5,0,2
769,4,0,2
769,3,0,2
769,3,1,2
769,2,1,2
769,2,2,2
769,1,2,2
769,1,2,70
769,2,2,2
769,3,2,2
769,3,2,63
769,3,3,2
769,3,4,2
769,4,4,2
769,5,4,2
769,6,4,2
769,7,4,2
769,7,4,44
770,7,0,2
770,6,0,2
770,6,1,2
770,5,1,2
770,5,2,2
770,4,2,2
770,3,2,2
770,3,3,2
770,3,4,2
770,2,4,2
770,1,4,2
770,0,4,2
770,0,4,84
770,1,4,2
770,1,3,2
770,1,2,2
770,1,1,2
770,1,1,31
770,2,1,2
770,2,2,2
770,3,2,2
770,3,3,2
770,4,3,2
770,4,4,2
770,5,4,2
770,6,4,2
770,7,4,2
770,7,4,88
771,7,0,2
771,7,1,2
771,6,1,2
771,5,1,2
771,4,1,2
771,3,1,2
771,2,1,2
771,1,1,2
771,0,1,2
771,0,1,32
771,0,2,2
771,0,3,2
771,0,4,2
771,1,4,2
771,2,4,2
771,3,4,2
771,4,4,2
771,5,4,2
771,6,4,2
771,7,4,2
771,7,4,38
772,7,0,2
772,6,0,2
772,5,0,2
772,5,1,2
772,4,1,2
772,3,1,2
772,3,1,45
772,3,0,2
772,2,0,2
772,1,0,2
772,1,0,81
772,1,1,2
772,2,1,2
772,2,2,2
772,2,3,2
772,2,4,2
772,3,4,2
772,4,4,2
772,5,4,2
772,6,4,2
772,7,4,2
772,7,4,66
773,7,0,2
773,7,1,2
773,6,1,2
773,5,1,2
773,4,1,2
773,3,1,2
773,2,1,2
773,1,1,2
773,1,1,38
773,1,2,2
773,2,2,2
773,2,3,2
773,3,3,2
773,4,3,2
773,5,3,2
773,6,3,2
773,7,3,2
773,7,4,2
773,7,4,98
774,7,0,2
774,6,0,2
774,6,1,2
774,5,1,2
774,4,1,2
774,3,1,2
774,3,1,36
774,4,1,2
774,5,1,2
774,6,1,2
774,6,1,82
774,5,1,2
774,4,1,2
774,4,2,2
774,4,3,2
774,3,3,2
774,3,4,2
774,2,4,2
774,1,4,2
774,1,5,2
774,1,6,2
774,1,7,2
774,1,8,2
774,1,9,2
774,0,9,2
774,0,9,37
774,1,9,2
774,1,8,2
774,2,8,2
774,3,8,2
774,4,8,2
774,5,8,2
774,6,8,2
774,6,8,67
774,5,8,2
774,4,8,2
774,4,7,2
774,4,6,2
774,3,6,2
774,2,6,2
774,2,5,2
774,2,4,2
774,1,4,2
774,0,4,2
774,0,3,2
774,0,2,2
774,0,1,2
774,0,1,48
774,1,1,2
774,1,2,2
774,1,3,2
774,2,3,2
774,3,3,2
774,3,4,2
774,3,5,2
774,3,6,2
774,3,6,86
774,4,6,2
774,5,6,2
774,5,5,2
774,6,5,2
774,6,4,2
774,7,4,2
774,7,4,32
775,7,0,2
775,6,0,2
775,5,0,2
775,4,0,2
775,4,1,2
775,3,1,2
775,2,1,2
775,1,1,2
775,1,2,2
775,1,3,2
775,1,4,2
775,1,5,2
775,1,6,2
775,1,7,2
775,1,8,2
775,1,9,2
775,1,9,70
775,1,8,2
775,2,8,2
775,2,7,2
775,3,7,2
775,4,7,2
775,4,6,2
775,4,5,2
775,5,5,2
775,6,5,2
775,6,4,2
775,7,4,2
775,7,4,31
776,7,0,2
776,6,0,2
776,6,1,2
776,5,1,2
776,5,2,2
776,5,3,2
776,5,4,2
776,5,5,2
776,5,6,2
776,5,7,2
776,5,8,2
776,5,8,74
776,5,7,2
776,4,7,2
776,3,7,2
776,3,6,2
776,3,5,2
776,2,5,2
776,1,5,2
776,1,5,54
776,1,6,2
776,2,6,2
776,3,6,2
776,4,6,2
776,5,6,2
776,5,7,2
776,6,7,2
776,6,7,31
776,6,6,2
776,6,5,2
776,6,4,2
776,5,4,2
776,4,4,2
776,4,3,2
776,4,2,2
776,3,2,2
776,2,2,2
776,1,2,2
776,1,2,52
776,2,2,2
776,3,2,2
776,3,3,2
776,3,4,2
776,3,4,53
776,4,4,2
776,5,4,2
776,6,4,2
776,7,4,2
776,7,4,103
777,7,0,2
777,6,0,2
777,6,1,2
777,5,1,2
777,4,1,2
777,3,1,2
777,2,1,2
777,1,1,2
777,1,1,85
777,1,2,2
777,2,2,2
777,3,2,2
777,4,2,2
777,4,3,2
777,4,4,2
777,5,4,2
777,5,5,2
777,6,5,2
777,6,6,2
777,6,6,33
777,5,6,2
777,4,6,2
777,4,7,2
777,4,8,2
777,4,9,2
777,3,9,2
777,2,9,2
777,1,9,2
777,0,9,2
777,0,9,79
777,0,8,2
777,0,7,2
777,1,7,2
777,1,6,2
777,1,5,2
777,1,4,2
777,2,4,2
777,3,4,2
777,4,4,2
777,5,4,2
777,6,4,2
777,7,4,2
777,7,4,47
778,7,0,2
778,6,0,2
778,6,1,2
778,5,1,2
778,4,1,2
778,4,2,2
778,4,3,2
778,4,4,2
778,3,4,2
778,2,4,2
778,1,4,2
778,1,4,88
778,1,5,2
778,1,6,2
778,1,7,2
778,1,8,2
778,1,9,2
778,1,9,25
778,2,9,2
778,2,8,2
778,2,7,2
778,3,7,2
778,4,7,2
778,5,7,2
778,5,6,2
778,6,6,2
778,6,5,2
778,7,5,2
778,7,4,2
778,7,4,104
779,7,0,2
779,6,0,2
779,6,1,2
779,6,2,2
779,5,2,2
779,5,2,37
779,6,2,2
779,6,3,2
779,7,3,2
779,7,4,2
779,7,4,110
780,7,0,2
780,6,0,2
780,6,1,2
780,6,1,61
780,5,1,2
780,4,1,2
780,3,1,2
780,2,1,2
780,2,2,2
780,1,2,2
780,1,2,32
780,2,2,2
780,2,3,2
780,2,4,2
780,3,4,2
780,4,4,2
780,5,4,2
780,6,4,2
780,7,4,2
780,7,4,69
781,7,0,2
781,6,0,2
781,5,0,2
781,5,1,2
781,5,2,2
781,4,2,2
781,3,2,2
781,3,3,2
781,2,3,2
781,1,3,2
781,1,3,89
781,1,4,2
781,2,4,2
781,3,4,2
781,4,4,2
781,5,4,2
781,6,4,2
781,7,4,2
781,7,4,64
782,7,0,2
782,7,1,2
782,7,2,2
782,6,2,2
782,6,3,2
782,5,3,2
782,5,4,2
782,5,5,2
782,5,6,2
782,5,7,2
782,5,8,2
782,5,8,21
782,5,7,2
782,5,6,2
782,5,5,2
782,5,4,2
782,5,3,2
782,5,2,2
782,5,1,2
782,5,1,48
782,4,1,2
782,3,1,2
782,2,1,2
782,1,1,2
782,1,0,2
782,1,0,34
782,2,0,2
782,3,0,2
782,3,1,2
782,3,2,2
782,4,2,2
782,5,2,2
782,6,2,2
782,6,3,2
782,6,4,2
782,7,4,2
782,7,4,30
783,7,0,2
783,6,0,2
783,5,0,2
783,5,1,2
783,5,2,2
783,4,2,2
783,4,3,2
783,4,3,28
783,5,3,2
783,5,4,2
783,6,4,2
783,7,4,2
783,7,4,58
784,7,0,2
784,6,0,2
784,5,0,2
784,5,1,2
784,5,2,2
784,4,2,2
784,4,3,2
784,4,4,2
784,4,5,2
784,4,6,2
784,4,6,25
784,4,5,2
784,4,4,2
784,3,4,2
784,3,3,2
784,3,2,2
784,3,1,2
784,2,1,2
784,1,1,2
784,1,1,87
784,1,2,2
784,2,2,2
784,3,2,2
784,3,3,2
784,3,3,61
784,4,3,2
784,4,4,2
784,5,4,2
784,6,4,2
784,7,4,2
784,7,4,109
785,7,0,2
785,6,0,2
785,6,1,2
785,5,1,2
785,4,1,2
785,3,1,2
785,2,1,2
785,1,1,2
785,0,1,2
785,0,1,28
785,1,1,2
785,2,1,2
785,3,1,2
785,3,2,2
785,3,3,2
785,3,4,2
785,3,5,2
785,3,6,2
785,3,6,35
785,3,7,2
785,4,7,2
785,5,7,2
785,6,7,2
785,6,7,21
785,7,7,2
785,7,6,2
785,7,5,2
785,7,4,2
785,7,4,84
786,7,0,2
786,7,1,2
786,6,1,2
786,5,1,2
786,4,1,2
786,4,2,2
786,4,3,2
786,3,3,2
786,3,4,2
786,3,5,2
786,2,5,2
786,1,5,2
786,1,5,84
786,1,4,2
786,0,4,2
786,0,3,2
786,0,2,2
786,0,1,2
786,0,0,2
786,0,0,33
786,1,0,2
786,1,1,2
786,1,2,2
786,1,3,2
786,2,3,2
786,2,4,2
786,3,4,2
786,4,4,2
786,5,4,2
786,6,4,2
786,7,4,2
786,7,4,117
787,7,0,2
787,7,1,2
787,7,2,2
787,7,3,2
787,6,3,2
787,6,4,2
787,5,4,2
787,4,4,2
787,3,4,2
787,2,4,2
787,2,4,27
787,3,4,2
787,3,3,2
787,3,2,2
787,3,1,2
787,3,1,86
787,3,2,2
787,4,2,2
787,4,3,2
787,5,3,2
787,6,3,2
787,7,3,2
787,7,4,2
787,7,4,102
788,7,0,2
788,7,1,2
788,6,1,2
788,6,2,2
788,6,3,2
788,6,4,2
788,6,5,2
788,6,6,2
788,6,7,2
788,6,8,2
788,6,9,2
788,6,9,37
788,5,9,2
788,5,8,2
788,4,8,2
788,3,8,2
788,2,8,2
788,2,7,2
788,2,6,2
788,2,5,2
788,2,4,2
788,2,4,25
788,2,3,2
788,1,3,2
788,1,2,2
788,1,1,2
788,1,0,2
788,1,0,79
788,1,1,2
788,2,1,2
788,3,1,2
788,3,2,2
788,3,3,2
788,3,4,2
788,3,5,2
788,3,6,2
788,3,6,24
788,2,6,2
788,2,5,2
788,2,4,2
788,2,3,2
788,2,2,2
788,2,2,40
788,2,1,2
788,2,0,2
788,3,0,2
788,4,0,2
788,5,0,2
788,6,0,2
788,6,0,27
788,5,0,2
788,4,0,2
788,4,1,2
788,3,1,2
788,2,1,2
788,2,2,2
788,1,2,2
788,1,2,40
788,1,3,2
788,2,3,2
788,3,3,2
788,4,3,2
788,4,4,2
788,5,4,2
788,6,4,2
788,7,4,2
788,7,4,36
789,7,0,2
789,6,0,2
789,5,0,2
789,4,0,2
789,4,1,2
789,4,2,2
789,3,2,2
789,2,2,2
789,1,2,2
789,0,2,2
789,0,2,80
789,0,3,2
789,1,3,2
789,2,3,2
789,3,3,2
789,4,3,2
789,4,4,2
789,5,4,2
789,6,4,2
789,7,4,2
789,7,4,68
790,7,0,2
790,7,1,2
790,7,2,2
790,7,3,2
790,7,4,2
790,6,4,2
790,5,4,2
790,4,4,2
790,3,4,2
790,2,4,2
790,1,4,2
790,1,4,28
790,1,3,2
790,1,2,2
790,1,1,2
790,1,0,2
790,1,0,40
790,2,0,2
790,2,1,2
790,3,1,2
790,3,2,2
790,3,3,2
790,4,3,2
790,5,3,2
790,6,3,2
790,7,3,2
790,7,4,2
790,7,4,102
791,7,0,2
791,7,1,2
791,6,1,2
791,5,1,2
791,4,1,2
791,4,2,2
791,4,3,2
791,4,3,74
791,5,3,2
791,5,4,2
791,6,4,2
791,7,4,2
791,7,4,59
792,7,0,2
792,7,1,2
792,6,1,2
792,6,2,2
792,6,3,2
792,5,3,2
792,5,4,2
792,5,5,2
792,4,5,2
792,4,6,2
792,4,7,2
792,3,7,2
792,2,7,2
792,2,7,50
792,3,7,2
792,4,7,2
792,4,6,2
792,5,6,2
792,6,6,2
792,6,5,2
792,6,4,2
792,7,4,2
792,7,4,73
793,7,0,2
793,7,1,2
793,6,1,2
793,6,2,2
793,6,3,2
793,6,4,2
793,6,4,75
793,5,4,2
793,4,4,2
793,4,5,2
793,3,5,2
793,3,6,2
793,3,7,2
793,3,8,2
793,3,9,2
793,3,9,30
793,3,8,2
793,3,7,2
793,2,7,2
793,2,7,42
793,3,7,2
793,3,6,2
793,4,6,2
793,4,5,2
793,5,5,2
793,5,4,2
793,6,4,2
793,7,4,2
793,7,4,51
794,7,0,2
794,6,0,2
794,6,1,2
794,5,1,2
794,5,2,2
794,4,2,2
794,4,3,2
794,4,4,2
794,4,5,2
794,4,5,33
794,4,4,2
794,4,3,2
794,3,3,2
794,3,3,71
794,3,2,2
794,2,2,2
794,2,2,23
794,3,2,2
794,4,2,2
794,4,3,2
794,5,3,2
794,6,3,2
794,6,4,2
794,7,4,2
794,7,4,111
795,7,0,2
795,6,0,2
795,5,0,2
795,4,0,2
795,4,1,2
795,4,2,2
795,4,3,2
795,4,3,33
795,4,2,2
795,3,2,2
795,2,2,2
795,2,1,2
795,2,0,2
795,2,0,41
795,2,1,2
795,3,1,2
795,3,2,2
795,4,2,2
795,4,3,2
795,5,3,2
795,5,4,2
795,6,4,2
795,6,5,2
795,6,6,2
795,6,6,23
795,6,5,2
795,7,5,2
795,7,4,2
795,7,4,100
796,7,0,2
796,6,0,2
796,5,0,2
796,4,0,2
796,3,0,2
796,3,1,2
796,2,1,2
796,2,2,2
796,2,3,2
796,1,3,2
796,1,4,2
796,0,4,2
796,0,4,27
796,1,4,2
796,1,3,2
796,2,3,2
796,2,2,2
796,3,2,2
796,3,1,2
796,3,1,61
796,4,1,2
796,5,1,2
796,5,2,2
796,6,2,2
796,7,2,2
796,7,3,2
796,7,4,2
796,7,4,70
797,7,0,2
797,6,0,2
797,5,0,2
797,4,0,2
797,4,1,2
797,3,1,2
797,2,1,2
797,1,1,2
797,0,1,2
797,0,1,63
797,0,2,2
797,0,3,2
797,0,4,2
797,1,4,2
797,2,4,2
797,3,4,2
797,4,4,2
797,5,4,2
797,6,4,2
797,7,4,2
797,7,4,30
798,7,0,2
798,6,0,2
798,6,1,2
798,6,2,2
798,6,3,2
798,6,4,2
798,6,5,2
798,5,5,2
798,4,5,2
798,3,5,2
798,2,5,2
798,1,5,2
798,1,5,77
798,1,4,2
798,2,4,2
798,3,4,2
798,4,4,2
798,5,4,2
798,6,4,2
798,6,4,50
798,5,4,2
798,4,4,2
798,3,4,2
798,2,4,2
798,2,4,22
798,2,5,2
798,3,5,2
798,4,5,2
798,4,6,2
798,4,7,2
798,4,8,2
798,4,9,2
798,4,9,27
798,4,8,2
798,4,7,2
798,3,7,2
798,2,7,2
798,2,6,2
798,2,5,2
798,2,4,2
798,2,3,2
798,2,2,2
798,2,1,2
798,2,0,2
798,2,0,54
798,3,0,2
798,4,0,2
798,5,0,2
798,5,1,2
798,6,1,2
798,7,1,2
798,7,2,2
798,7,3,2
798,7,4,2
798,7,4,40
799,7,0,2
799,6,0,2
799,6,1,2
799,6,2,2
799,5,2,2
799,5,3,2
799,4,3,2
799,3,3,2
799,2,3,2
799,2,3,67
799,2,4,2
799,3,4,2
799,4,4,2
799,5,4,2
799,6,4,2
799,7,4,2
799,7,4,41
800,7,0,2
800,6,0,2
800,5,0,2
800,4,0,2
800,3,0,2
800,3,1,2
800,3,2,2
800,3,3,2
800,3,3,48
800,3,4,2
800,4,4,2
800,5,4,2
800,6,4,2
800,7,4,2
800,7,4,104
801,7,0,2
801,7,1,2
801,7,2,2
801,6,2,2
801,6,3,2
801,5,3,2
801,5,4,2
801,5,5,2
801,5,6,2
801,5,7,2
801,5,7,43
801,5,6,2
801,5,5,2
801,4,5,2
801,3,5,2
801,2,5,2
801,1,5,2
801,1,5,62
801,1,4,2
801,2,4,2
801,3,4,2
801,4,4,2
801,5,4,2
801,6,4,2
801,7,4,2
801,7,4,75
802,7,0,2
802,6,0,2
802,6,1,2
802,5,1,2
802,5,2,2
802,4,2,2
802,3,2,2
802,3,2,61
802,3,3,2
802,3,4,2
802,3,5,2
802,3,6,2
802,3,6,75
802,3,5,2
802,2,5,2
802,2,4,2
802,2,3,2
802,1,3,2
802,1,2,2
802,1,2,57
802,1,1,2
802,1,1,73
802,2,1,2
802,2,2,2
802,3,2,2
802,3,3,2
802,3,4,2
802,4,4,2
802,5,4,2
802,6,4,2
802,7,4,2
802,7,4,108
803,7,0,2
803,6,0,2
803,5,0,2
803,4,0,2
803,4,1,2
803,4,2,2
803,4,3,2
803,3,3,2
803,3,4,2
803,3,5,2
803,2,5,2
803,1,5,2
803,0,5,2
803,0,5,68
803,1,5,2
803,2,5,2
803,2,4,2
803,3,4,2
803,4,4,2
803,5,4,2
803,6,4,2
803,7,4,2
803,7,4,33
804,7,0,2
804,7,1,2
804,6,1,2
804,5,1,2
804,4,1,2
804,3,1,2
804,2,1,2
804,1,1,2
804,0,1,2
804,0,1,40
804,1,1,2
804,2,1,2
804,3,1,2
804,4,1,2
804,5,1,2
804,6,1,2
804,7,1,2
804,7,2,2
804,7,3,2
804,7,4,2
804,7,4,110
805,7,0,2
805,6,0,2
805,5,0,2
805,4,0,2
805,4,1,2
805,3,1,2
805,2,1,2
805,2,1,44
805,3,1,2
805,3,2,2
805,3,3,2
805,3,4,2
805,4,4,2
805,5,4,2
805,6,4,2
805,6,4,37
805,5,4,2
805,5,5,2
805,5,6,2
805,4,6,2
805,4,7,2
805,4,8,2
805,4,8,80
805,4,7,2
805,5,7,2
805,6,7,2
805,7,7,2
805,7,6,2
805,7,5,2
805,7,4,2
805,7,4,54
806,7,0,2
806,7,1,2
806,6,1,2
806,5,1,2
806,5,2,2
806,5,3,2
806,5,4,2
806,5,5,2
806,4,5,2
806,3,5,2
806,2,5,2
806,1,5,2
806,0,5,2
806,0,5,78
806,0,4,2
806,1,4,2
806,2,4,2
806,3,4,2
806,4,4,2
806,5,4,2
806,6,4,2
806,7,4,2
806,7,4,76
807,7,0,2
807,7,1,2
807,6,1,2
807,6,2,2
807,5,2,2
807,4,2,2
807,4,2,41
807,4,3,2
807,4,4,2
807,5,4,2
807,6,4,2
807,7,4,2
807,7,4,73
808,7,0,2
808,6,0,2
808,6,1,2
808,6,2,2
808,5,2,2
808,5,3,2
808,5,4,2
808,4,4,2
808,3,4,2
808,3,4,69
808,3,3,2
808,3,2,2
808,3,2,72
808,3,3,2
808,3,4,2
808,4,4,2
808,5,4,2
808,6,4,2
808,7,4,2
808,7,4,35
809,7,0,2
809,6,0,2
809,5,0,2
809,5,1,2
809,4,1,2
809,3,1,2
809,3,2,2
809,3,3,2
809,3,4,2
809,2,4,2
809,1,4,2
809,1,4,62
809,1,3,2
809,2,3,2
809,2,3,56
809,2,2,2
809,2,1,2
809,3,1,2
809,3,0,2
809,4,0,2
809,4,0,41
809,5,0,2
809,6,0,2
809,7,0,2
809,7,1,2
809,7,2,2
809,7,3,2
809,7,4,2
809,7,4,87
810,7,0,2
810,7,1,2
810,6,1,2
810,5,1,2
810,4,1,2
810,3,1,2
810,2,1,2
810,1,1,2
810,1,1,43
810,1,2,2
810,1,2,40
810,2,2,2
810,2,3,2
810,2,4,2
810,2,5,2
810,3,5,2
810,3,6,2
810,3,7,2
810,3,8,2
810,3,9,2
810,3,9,49
810,3,8,2
810,4,8,2
810,5,8,2
810,6,8,2
810,7,8,2
810,7,7,2
810,7,6,2
810,7,5,2
810,7,4,2
810,7,4,77
811,7,0,2
811,6,0,2
811,6,1,2
811,5,1,2
811,4,1,2
811,3,1,2
811,2,1,2
811,1,1,2
811,0,1,2
811,0,1,63
811,0,2,2
811,1,2,2
811,2,2,2
811,3,2,2
811,4,2,2
811,5,2,2
811,6,2,2
811,6,2,84
811,5,2,2
811,4,2,2
811,4,3,2
811,4,4,2
811,4,5,2
811,3,5,2
811,2,5,2
811,1,5,2
811,1,6,2
811,0,6,2
811,0,6,64
811,1,6,2
811,2,6,2
811,3,6,2
811,4,6,2
811,5,6,2
811,6,6,2
811,7,6,2
811,7,5,2
811,7,4,2
811,7,4,49
812,7,0,2
812,7,1,2
812,7,2,2
812,6,2,2
812,5,2,2
812,5,3,2
812,5,4,2
812,5,5,2
812,5,6,2
812,4,6,2
812,3,6,2
812,2,6,2
812,2,7,2
812,2,7,47
812,2,6,2
812,2,5,2
812,2,4,2
812,2,3,2
812,1,3,2
812,1,2,2
812,1,1,2
812,1,0,2
812,1,0,41
812,1,1,2
812,1,2,2
812,1,3,2
812,1,4,2
812,2,4,2
812,3,4,2
812,4,4,2
812,5,4,2
812,6,4,2
812,7,4,2
812,7,4,69
813,7,0,2
813,6,0,2
813,6,0,63
813,7,0,2
813,7,1,2
813,7,2,2
813,7,3,2
813,7,4,2
813,7,4,43
814,7,0,2
814,6,0,2
814,6,1,2
814,5,1,2
814,5,2,2
814,4,2,2
814,4,2,81
814,4,1,2
814,5,1,2
814,6,1,2
814,6,1,67
814,5,1,2
814,5,0,2
814,4,0,2
814,3,0,2
814,2,0,2
814,1,0,2
814,0,0,2
814,0,0,71
814,1,0,2
814,1,1,2
814,2,1,2
814,3,1,2
814,4,1,2
814,4,2,2
814,4,3,2
814,4,4,2
814,5,4,2
814,6,4,2
814,7,4,2
814,7,4,75
815,7,0,2
815,6,0,2
815,5,0,2
815,4,0,2
815,3,0,2
815,2,0,2
815,1,0,2
815,0,0,2
815,0,0,52
815,1,0,2
815,1,1,2
815,2,1,2
815,3,1,2
815,4,1,2
815,5,1,2
815,6,1,2
815,6,1,53
815,6,2,2
815,5,2,2
815,4,2,2
815,3,2,2
815,2,2,2
815,1,2,2
815,0,2,2
815,0,2,54
815,0,1,2
815,1,1,2
815,2,1,2
815,3,1,2
815,3,1,36
815,3,2,2
815,4,2,2
815,4,3,2
815,5,3,2
815,6,3,2
815,6,4,2
815,7,4,2
815,7,4,117
816,7,0,2
816,6,0,2
816,5,0,2
816,4,0,2
816,3,0,2
816,2,0,2
816,1,0,2
816,1,0,46
816,1,1,2
816,1,2,2
816,1,3,2
816,1,4,2
816,1,4,23
816,1,3,2
816,1,2,2
816,1,2,53
816,2,2,2
816,3,2,2
816,4,2,2
816,4,3,2
816,5,3,2
816,5,4,2
816,6,4,2
816,7,4,2
816,7,4,105
817,7,0,2
817,6,0,2
817,6,1,2
817,5,1,2
817,5,1,82
817,6,1,2
817,7,1,2
817,7,2,2
817,7,3,2
817,7,4,2
817,7,4,56
818,7,0,2
818,7,1,2
818,6,1,2
818,6,2,2
818,6,3,2
818,6,4,2
818,6,5,2
818,6,6,2
818,6,7,2
818,6,8,2
818,6,8,43
818,6,9,2
818,5,9,2
818,4,9,2
818,3,9,2
818,2,9,2
818,1,9,2
818,0,9,2
818,0,9,70
818,1,9,2
818,2,9,2
818,3,9,2
818,4,9,2
818,4,8,2
818,4,7,2
818,5,7,2
818,5,6,2
818,5,5,2
818,5,5,82
818,6,5,2
818,6,4,2
818,7,4,2
818,7,4,102
819,7,0,2
819,7,1,2
819,7,2,2
819,6,2,2
819,5,2,2
819,4,2,2
819,3,2,2
819,3,2,64
819,2,2,2
819,2,3,2
819,1,3,2
819,0,3,2
819,0,4,2
819,0,5,2
819,0,5,32
819,1,5,2
819,1,4,2
819,2,4,2
819,3,4,2
819,4,4,2
819,5,4,2
819,6,4,2
819,7,4,2
819,7,4,100
820,7,0,2
820,6,0,2
820,6,1,2
820,5,1,2
820,5,1,45
820,5,2,2
820,4,2,2
820,4,3,2
820,4,4,2
820,4,5,2
820,4,6,2
820,4,7,2
820,4,7,67
820,4,6,2
820,4,5,2
820,4,4,2
820,5,4,2
820,6,4,2
820,6,4,78
820,7,4,2
820,7,4,97
821,7,0,2
821,7,1,2
821,6,1,2
821,6,2,2
821,6,3,2
821,5,3,2
821,4,3,2
821,4,3,78
821,5,3,2
821,6,3,2
821,7,3,2
821,7,4,2
821,7,4,58
822,7,0,2
822,6,0,2
822,6,1,2
822,5,1,2
822,4,1,2
822,4,2,2
822,3,2,2
822,3,3,2
822,3,4,2
822,3,5,2
822,3,6,2
822,3,7,2
822,3,7,28
822,4,7,2
822,4,6,2
822,5,6,2
822,6,6,2
822,6,5,2
822,7,5,2
822,7,4,2
822,7,4,69
823,7,0,2
823,6,0,2
823,5,0,2
823,4,0,2
823,3,0,2
823,2,0,2
823,1,0,2
823,1,0,35
823,2,0,2
823,2,1,2
823,2,2,2
823,3,2,2
823,4,2,2
823,5,2,2
823,5,3,2
823,5,4,2
823,5,5,2
823,5,6,2
823,5,6,76
823,4,6,2
823,4,7,2
823,4,8,2
823,3,8,2
823,2,8,2
823,2,8,45
823,2,7,2
823,3,7,2
823,4,7,2
823,5,7,2
823,5,6,2
823,6,6,2
823,6,5,2
823,6,4,2
823,7,4,2
823,7,4,85
824,7,0,2
824,6,0,2
824,5,0,2
824,4,0,2
824,3,0,2
824,3,0,71
824,2,0,2
824,2,1,2
824,1,1,2
824,0,1,2
824,0,1,37
824,0,2,2
824,0,3,2
824,0,4,2
824,0,4,53
824,1,4,2
824,2,4,2
824,3,4,2
824,4,4,2
824,5,4,2
824,6,4,2
824,7,4,2
824,7,4,32
825,7,0,2
825,7,1,2
825,7,2,2
825,7,3,2
825,6,3,2
825,6,3,76
825,7,3,2
825,7,4,2
825,7,4,95
826,7,0,2
826,6,0,2
826,5,0,2
826,4,0,2
826,4,1,2
826,3,1,2
826,3,2,2
826,3,3,2
826,2,3,2
826,1,3,2
826,0,3,2
826,0,4,2
826,0,5,2
826,0,6,2
826,0,7,2
826,0,8,2
826,0,8,87
826,0,7,2
826,0,6,2
826,0,5,2
826,0,4,2
826,0,3,2
826,0,2,2
826,0,2,64
826,0,3,2
826,0,4,2
826,1,4,2
826,2,4,2
826,3,4,2
826,4,4,2
826,5,4,2
826,6,4,2
826,7,4,2
826,7,4,90
827,7,0,2
827,6,0,2
827,6,1,2
827,5,1,2
827,5,2,2
827,5,3,2
827,4,3,2
827,3,3,2
827,2,3,2
827,1,3,2
827,1,4,2
827,0,4,2
827,0,4,47
827,0,5,2
827,1,5,2
827,2,5,2
827,2,5,45
827,3,5,2
827,3,4,2
827,3,3,2
827,4,3,2
827,5,3,2
827,5,2,2
827,5,1,2
827,5,0,2
827,5,0,35
827,5,1,2
827,5,2,2
827,6,2,2
827,6,3,2
827,7,3,2
827,7,4,2
827,7,4,55
828,7,0,2
828,6,0,2
828,6,1,2
828,6,2,2
828,6,3,2
828,6,4,2
828,6,5,2
828,6,5,84
828,7,5,2
828,7,4,2
828,7,4,44
829,7,0,2
829,6,0,2
829,5,0,2
829,5,1,2
829,5,1,52
829,6,1,2
829,6,2,2
829,6,3,2
829,6,3,87
829,6,4,2
829,7,4,2
829,7,4,118
830,7,0,2
830,6,0,2
830,6,1,2
830,5,1,2
830,4,1,2
830,3,1,2
830,2,1,2
830,1,1,2
830,1,1,22
830,1,2,2
830,1,3,2
830,1,4,2
830,1,5,2
830,1,6,2
830,1,7,2
830,1,8,2
830,1,9,2
830,1,9,45
830,1,8,2
830,1,7,2
830,2,7,2
830,3,7,2
830,4,7,2
830,4,6,2
830,4,5,2
830,4,4,2
830,5,4,2
830,6,4,2
830,7,4,2
830,7,4,33
831,7,0,2
831,6,0,2
831,6,1,2
831,5,1,2
831,4,1,2
831,3,1,2
831,3,1,73
831,4,1,2
831,4,2,2
831,4,3,2
831,4,4,2
831,4,5,2
831,4,5,24
831,4,4,2
831,5,4,2
831,5,3,2
831,6,3,2
831,6,2,2
831,6,1,2
831,6,1,79
831,6,2,2
831,6,3,2
831,6,4,2
831,7,4,2
831,7,4,57
832,7,0,2
832,7,1,2
832,6,1,2
832,5,1,2
832,4,1,2
832,4,2,2
832,3,2,2
832,2,2,2
832,2,3,2
832,2,4,2
832,1,4,2
832,1,5,2
832,1,6,2
832,1,7,2
832,1,8,2
832,1,9,2
832,1,9,86
832,2,9,2
832,3,9,2
832,3,8,2
832,3,7,2
832,3,6,2
832,3,5,2
832,3,4,2
832,4,4,2
832,4,3,2
832,5,3,2
832,5,2,2
832,5,1,2
832,5,1,49
832,5,2,2
832,5,3,2
832,6,3,2
832,6,4,2
832,6,5,2
832,6,6,2
832,6,6,28
832,6,5,2
832,6,4,2
832,6,3,2
832,6,2,2
832,6,1,2
832,6,0,2
832,6,0,77
832,7,0,2
832,7,1,2
832,7,2,2
832,7,3,2
832,7,4,2
832,7,4,43
833,7,0,2
833,6,0,2
833,5,0,2
833,4,0,2
833,4,1,2
833,4,2,2
833,4,2,53
833,4,1,2
833,5,1,2
833,5,0,2
833,5,0,48
833,6,0,2
833,6,1,2
833,7,1,2
833,7,2,2
833,7,3,2
833,7,4,2
833,7,4,98
834,7,0,2
834,7,1,2
834,6,1,2
834,5,1,2
834,5,2,2
834,5,3,2
834,4,3,2
834,3,3,2
834,3,4,2
834,3,5,2
834,3,6,2
834,2,6,2
834,2,7,2
834,2,8,2
834,2,8,78
834,1,8,2
834,0,8,2
834,0,7,2
834,0,6,2
834,0,5,2
834,0,4,2
834,0,3,2
834,0,2,2
834,0,1,2
834,0,0,2
834,0,0,40
834,1,0,2
834,2,0,2
834,2,1,2
834,3,1,2
834,4,1,2
834,4,2,2
834,5,2,2
834,5,3,2
834,5,4,2
834,6,4,2
834,7,4,2
834,7,4,35
835,7,0,2
835,6,0,2
835,6,1,2
835,6,2,2
835,5,2,2
835,4,2,2
835,3,2,2
835,2,2,2
835,2,2,78
835,3,2,2
835,3,3,2
835,4,3,2
835,4,4,2
835,5,4,2
835,6,4,2
835,7,4,2
835,7,4,86
836,7,0,2
836,7,1,2
836,6,1,2
836,5,1,2
836,4,1,2
836,3,1,2
836,2,1,2
836,1,1,2
836,0,1,2
836,0,1,22
836,0,2,2
836,0,3,2
836,1,3,2
836,2,3,2
836,3,3,2
836,4,3,2
836,5,3,2
836,6,3,2
836,6,3,82
836,6,4,2
836,5,4,2
836,4,4,2
836,3,4,2
836,2,4,2
836,1,4,2
836,1,4,71
836,1,3,2
836,1,2,2
836,2,2,2
836,2,1,2
836,3,1,2
836,3,0,2
836,4,0,2
836,4,0,84
836,4,1,2
836,5,1,2
836,5,2,2
836,6,2,2
836,6,3,2
836,6,4,2
836,7,4,2
836,7,4,91
837,7,0,2
837,6,0,2
837,6,1,2
837,5,1,2
837,4,1,2
837,3,1,2
837,3,1,86
837,3,2,2
837,2,2,2
837,2,3,2
837,2,4,2
837,2,5,2
837,1,5,2
837,1,6,2
837,0,6,2
837,0,7,2
837,0,8,2
837,0,8,73
837,0,7,2
837,1,7,2
837,2,7,2
837,3,7,2
837,4,7,2
837,5,7,2
837,6,7,2
837,7,7,2
837,7,6,2
837,7,5,2
837,7,4,2
837,7,4,69
838,7,0,2
838,6,0,2
838,6,1,2
838,6,1,58
838,6,0,2
838,5,0,2
838,4,0,2
838,3,0,2
838,2,0,2
838,2,0,23
838,2,1,2
838,2,2,2
838,1,2,2
838,1,3,2
838,1,3,37
838,1,4,2
838,2,4,2
838,3,4,2
838,4,4,2
838,5,4,2
838,6,4,2
838,7,4,2
838,7,4,94
839,7,0,2
839,6,0,2
839,5,0,2
839,5,1,2
839,4,1,2
839,4,2,2
839,4,2,35
839,3,2,2
839,3,3,2
839,3,4,2
839,3,5,2
839,2,5,2
839,1,5,2
839,1,6,2
839,0,6,2
839,0,7,2
839,0,8,2
839,0,9,2
839,0,9,53
839,0,8,2
839,1,8,2
839,1,7,2
839,1,6,2
839,2,6,2
839,2,5,2
839,3,5,2
839,3,4,2
839,4,4,2
839,5,4,2
839,6,4,2
839,7,4,2
839,7,4,99
840,7,0,2
840,7,1,2
840,7,2,2
840,7,3,2
840,7,4,2
840,7,5,2
840,7,6,2
840,6,6,2
840,5,6,2
840,5,6,40
840,4,6,2
840,3,6,2
840,2,6,2
840,1,6,2
840,0,6,2
840,0,7,2
840,0,8,2
840,0,9,2
840,0,9,83
840,0,8,2
840,0,7,2
840,0,6,2
840,0,5,2
840,0,4,2
840,0,3,2
840,0,2,2
840,0,1,2
840,0,1,57
840,1,1,2
840,1,0,2
840,2,0,2
840,3,0,2
840,4,0,2
840,5,0,2
840,6,0,2
840,6,0,44
840,5,0,2
840,4,0,2
840,4,1,2
840,3,1,2
840,3,2,2
840,2,2,2
840,1,2,2
840,1,3,2
840,0,3,2
840,0,4,2
840,0,5,2
840,0,6,2
840,0,6,78
840,1,6,2
840,2,6,2
840,2,5,2
840,3,5,2
840,3,4,2
840,4,4,2
840,4,3,2
840,4,2,2
840,4,1,2
840,4,0,2
840,4,0,72
840,5,0,2
840,5,1,2
840,6,1,2
840,6,2,2
840,7,2,2
840,7,3,2
840,7,4,2
840,7,4,80
841,7,0,2
841,6,0,2
841,6,1,2
841,5,1,2
841,5,2,2
841,4,2,2
841,3,2,2
841,3,3,2
841,3,4,2
841,3,5,2
841,2,5,2
841,1,5,2
841,0,5,2
841,0,6,2
841,0,7,2
841,0,7,31
841,1,7,2
841,1,6,2
841,2,6,2
841,2,5,2
841,2,4,2
841,3,4,2
841,4,4,2
841,5,4,2
841,6,4,2
841,7,4,2
841,7,4,80
842,7,0,2
842,6,0,2
842,5,0,2
842,4,0,2
842,4,1,2
842,4,2,2
842,4,3,2
842,3,3,2
842,2,3,2
842,2,4,2
842,1,4,2
842,1,4,29
842,0,4,2
842,0,3,2
842,0,2,2
842,0,1,2
842,0,0,2
842,0,0,42
842,1,0,2
842,1,1,2
842,2,1,2
842,2,2,2
842,3,2,2
842,3,3,2
842,4,3,2
842,4,4,2
842,5,4,2
842,6,4,2
842,7,4,2
842,7,4,112
843,7,0,2
843,6,0,2
843,5,0,2
843,5,1,2
843,5,2,2
843,5,3,2
843,5,4,2
843,5,5,2
843,5,6,2
843,5,7,2
843,5,8,2
843,5,8,27
843,5,7,2
843,5,6,2
843,4,6,2
843,3,6,2
843,3,5,2
843,2,5,2
843,2,4,2
843,2,4,26
843,3,4,2
843,4,4,2
843,5,4,2
843,6,4,2
843,7,4,2
843,7,4,115
844,7,0,2
844,6,0,2
844,6,1,2
844,5,1,2
844,4,1,2
844,4,2,2
844,3,2,2
844,3,2,67
844,2,2,2
844,1,2,2
844,1,1,2
844,1,0,2
844,0,0,2
844,0,0,71
844,1,0,2
844,2,0,2
844,3,0,2
844,4,0,2
844,5,0,2
844,6,0,2
844,6,1,2
844,6,2,2
844,6,3,2
844,6,4,2
844,6,5,2
844,6,5,51
844,6,6,2
844,5,6,2
844,5,7,2
844,5,8,2
844,4,8,2
844,3,8,2
844,2,8,2
844,2,8,61
844,2,7,2
844,3,7,2
844,3,6,2
844,4,6,2
844,4,5,2
844,4,4,2
844,5,4,2
844,6,4,2
844,7,4,2
844,7,4,86
845,7,0,2
845,7,1,2
845,7,2,2
845,6,2,2
845,6,2,75
845,6,3,2
845,6,4,2
845,5,4,2
845,4,4,2
845,4,5,2
845,3,5,2
845,2,5,2
845,2,6,2
845,2,7,2
845,1,7,2
845,0,7,2
845,0,7,29
845,1,7,2
845,2,7,2
845,3,7,2
845,4,7,2
845,4,6,2
845,5,6,2
845,6,6,2
845,6,5,2
845,7,5,2
845,7,4,2
845,7,4,63
846,7,0,2
846,6,0,2
846,6,1,2
846,5,1,2
846,4,1,2
846,3,1,2
846,2,1,2
846,1,1,2
846,1,2,2
846,0,2,2
846,0,3,2
846,0,4,2
846,0,4,25
846,1,4,2
846,1,5,2
846,1,6,2
846,2,6,2
846,2,7,2
846,3,7,2
846,4,7,2
846,5,7,2
846,5,7,41
846,5,6,2
846,5,5,2
846,5,4,2
846,5,3,2
846,5,2,2
846,5,1,2
846,5,0,2
846,5,0,87
846,5,1,2
846,6,1,2
846,6,2,2
846,6,3,2
846,6,4,2
846,7,4,2
846,7,4,77
847,7,0,2
847,7,1,2
847,6,1,2
847,5,1,2
847,5,1,79
847,5,2,2
847,4,2,2
847,4,2,38
847,3,2,2
847,2,2,2
847,1,2,2
847,1,1,2
847,0,1,2
847,0,0,2
847,0,0,71
847,1,0,2
847,2,0,2
847,3,0,2
847,4,0,2
847,5,0,2
847,5,1,2
847,5,2,2
847,6,2,2
847,7,2,2
847,7,3,2
847,7,4,2
847,7,4,118
848,7,0,2
848,6,0,2
848,6,1,2
848,5,1,2
848,4,1,2
848,3,1,2
848,3,2,2
848,3,3,2
848,3,4,2
848,3,5,2
848,2,5,2
848,2,6,2
848,1,6,2
848,1,7,2
848,1,8,2
848,1,9,2
848,1,9,72
848,1,8,2
848,1,7,2
848,1,6,2
848,0,6,2
848,0,5,2
848,0,4,2
848,0,3,2
848,0,2,2
848,0,1,2
848,0,1,77
848,0,2,2
848,0,3,2
848,0,4,2
848,1,4,2
848,2,4,2
848,3,4,2
848,3,5,2
848,3,6,2
848,3,7,2
848,3,8,2
848,3,9,2
848,3,9,29
848,3,8,2
848,3,7,2
848,3,6,2
848,4,6,2
848,5,6,2
848,6,6,2
848,6,5,2
848,7,5,2
848,7,4,2
848,7,4,93
849,7,0,2
849,7,1,2
849,6,1,2
849,6,2,2
849,6,2,87
849,6,3,2
849,6,4,2
849,7,4,2
849,7,4,93
850,7,0,2
850,7,1,2
850,7,2,2
850,6,2,2
850,5,2,2
850,4,2,2
850,4,2,79
850,4,3,2
850,3,3,2
850,3,4,2
850,3,5,2
850,3,6,2
850,3,7,2
850,3,8,2
850,3,8,63
850,3,7,2
850,3,6,2
850,3,5,2
850,3,4,2
850,3,3,2
850,3,2,2
850,3,1,2
850,3,0,2
850,3,0,31
850,4,0,2
850,5,0,2
850,5,1,2
850,5,2,2
850,6,2,2
850,6,3,2
850,6,4,2
850,7,4,2
850,7,4,64
851,7,0,2
851,6,0,2
851,6,1,2
851,6,1,42
851,6,0,2
851,5,0,2
851,4,0,2
851,3,0,2
851,2,0,2
851,2,0,61
851,3,0,2
851,3,1,2
851,3,2,2
851,4,2,2
851,5,2,2
851,6,2,2
851,6,3,2
851,6,4,2
851,6,5,2
851,6,6,2
851,6,6,22
851,5,6,2
851,5,5,2
851,5,4,2
851,5,3,2
851,5,2,2
851,5,1,2
851,5,0,2
851,5,0,50
851,5,1,2
851,5,2,2
851,5,3,2
851,6,3,2
851,7,3,2
851,7,4,2
851,7,4,112
852,7,0,2
852,6,0,2
852,5,0,2
852,4,0,2
852,3,0,2
852,2,0,2
852,2,0,48
852,3,0,2
852,4,0,2
852,5,0,2
852,6,0,2
852,7,0,2
852,7,1,2
852,7,2,2
852,7,3,2
852,7,4,2
852,7,4,79
853,7,0,2
853,6,0,2
853,5,0,2
853,4,0,2
853,3,0,2
853,2,0,2
853,1,0,2
853,1,0,56
853,2,0,2
853,2,1,2
853,2,2,2
853,2,2,30
853,1,2,2
853,0,2,2
853,0,2,20
853,1,2,2
853,1,3,2
853,1,4,2
853,1,5,2
853,2,5,2
853,3,5,2
853,3,6,2
853,3,7,2
853,3,8,2
853,3,8,20
853,4,8,2
853,4,7,2
853,4,6,2
853,5,6,2
853,6,6,2
853,6,5,2
853,7,5,2
853,7,4,2
853,7,4,55
854,7,0,2
854,7,1,2
854,6,1,2
854,5,1,2
854,4,1,2
854,4,2,2
854,4,3,2
854,4,4,2
854,4,4,75
854,4,5,2
854,3,5,2
854,2,5,2
854,2,6,2
854,2,7,2
854,2,8,2
854,2,8,61
854,1,8,2
854,0,8,2
854,0,7,2
854,0,6,2
854,0,6,31
854,1,6,2
854,2,6,2
854,2,5,2
854,2,4,2
854,3,4,2
854,3,3,2
854,4,3,2
854,4,2,2
854,4,1,2
854,5,1,2
854,5,0,2
854,6,0,2
854,6,0,58
854,7,0,2
854,7,1,2
854,7,2,2
854,7,3,2
854,7,4,2
854,7,4,82
855,7,0,2
855,6,0,2
855,6,0,67
855,5,0,2
855,5,1,2
855,4,1,2
855,4,1,64
855,4,0,2
855,3,0,2
855,2,0,2
855,1,0,2
855,1,0,72
855,2,0,2
855,2,1,2
855,2,2,2
855,2,3,2
855,2,4,2
855,3,4,2
855,4,4,2
855,5,4,2
855,6,4,2
855,7,4,2
855,7,4,95
856,7,0,2
856,6,0,2
856,6,1,2
856,5,1,2
856,5,2,2
856,4,2,2
856,4,3,2
856,3,3,2
856,3,4,2
856,2,4,2
856,2,4,30
856,1,4,2
856,1,3,2
856,1,2,2
856,1,1,2
856,1,0,2
856,0,0,2
856,0,0,65
856,1,0,2
856,2,0,2
856,3,0,2
856,3,1,2
856,3,2,2
856,4,2,2
856,4,3,2
856,4,4,2
856,5,4,2
856,6,4,2
856,7,4,2
856,7,4,56
857,7,0,2
857,6,0,2
857,5,0,2
857,4,0,2
857,4,1,2
857,3,1,2
857,2,1,2
857,1,1,2
857,0,1,2
857,0,1,45
857,1,1,2
857,1,2,2
857,1,3,2
857,1,4,2
857,1,5,2
857,2,5,2
857,2,6,2
857,2,7,2
857,2,8,2
857,3,8,2
857,3,8,87
857,4,8,2
857,4,7,2
857,5,7,2
857,5,6,2
857,6,6,2
857,6,5,2
857,6,4,2
857,7,4,2
857,7,4,90
858,7,0,2
858,6,0,2
858,5,0,2
858,5,1,2
858,5,2,2
858,4,2,2
858,3,2,2
858,2,2,2
858,2,3,2
858,2,4,2
858,2,5,2
858,2,6,2
858,2,7,2
858,2,8,2
858,2,9,2
858,2,9,56
858,2,8,2
858,2,7,2
858,3,7,2
858,3,6,2
858,3,5,2
858,4,5,2
858,5,5,2
858,6,5,2
858,6,5,49
858,5,5,2
858,5,4,2
858,5,3,2
858,5,2,2
858,4,2,2
858,4,1,2
858,3,1,2
858,2,1,2
858,2,0,2
858,1,0,2
858,0,0,2
858,0,0,69
858,1,0,2
858,1,1,2
858,1,2,2
858,2,2,2
858,2,3,2
858,2,4,2
858,2,5,2
858,2,5,74
858,2,4,2
858,3,4,2
858,4,4,2
858,5,4,2
858,5,4,73
858,5,3,2
858,5,2,2
858,5,1,2
858,5,0,2
858,6,0,2
858,6,0,44
858,6,1,2
858,7,1,2
858,7,2,2
858,7,3,2
858,7,4,2
858,7,4,43
859,7,0,2
859,7,1,2
859,6,1,2
859,6,2,2
859,6,3,2
859,6,4,2
859,6,5,2
859,6,6,2
859,6,7,2
859,6,7,76
859,6,6,2
859,6,5,2
859,6,4,2
859,6,3,2
859,6,3,33
859,6,4,2
859,5,4,2
859,4,4,2
859,3,4,2
859,3,5,2
859,3,6,2
859,3,7,2
859,3,8,2
859,3,9,2
859,3,9,89
859,4,9,2
859,4,8,2
859,5,8,2
859,6,8,2
859,7,8,2
859,7,7,2
859,7,6,2
859,7,5,2
859,7,4,2
859,7,4,31
860,7,0,2
860,6,0,2
860,6,1,2
860,6,2,2
860,5,2,2
860,4,2,2
860,3,2,2
860,3,3,2
860,3,3,43
860,3,4,2
860,4,4,2
860,5,4,2
860,6,4,2
860,7,4,2
860,7,4,91
861,7,0,2
861,6,0,2
861,5,0,2
861,4,0,2
861,3,0,2
861,2,0,2
861,1,0,2
861,0,0,2
861,0,0,44
861,1,0,2
861,2,0,2
861,2,0,57
861,3,0,2
861,3,1,2
861,3,2,2
861,3,3,2
861,3,4,2
861,3,5,2
861,3,5,26
861,4,5,2
861,4,4,2
861,4,3,2
861,4,2,2
861,5,2,2
861,5,1,2
861,5,0,2
861,5,0,60
861,5,1,2
861,6,1,2
861,7,1,2
861,7,2,2
861,7,3,2
861,7,4,2
861,7,4,30
862,7,0,2
862,6,0,2
862,5,0,2
862,5,1,2
862,4,1,2
862,4,2,2
862,3,2,2
862,2,2,2
862,2,3,2
862,2,4,2
862,2,5,2
862,2,6,2
862,2,7,2
862,2,8,2
862,2,9,2
862,2,9,74
862,2,8,2
862,2,7,2
862,1,7,2
862,1,6,2
862,1,5,2
862,0,5,2
862,0,5,76
862,0,4,2
862,1,4,2
862,2,4,2
862,3,4,2
862,4,4,2
862,5,4,2
862,6,4,2
862,7,4,2
862,7,4,65
863,7,0,2
863,6,0,2
863,6,1,2
863,5,1,2
863,4,1,2
863,4,2,2
863,3,2,2
863,3,3,2
863,2,3,2
863,2,4,2
863,2,5,2
863,2,6,2
863,2,6,43
863,1,6,2
863,0,6,2
863,0,5,2
863,0,4,2
863,0,4,32
863,0,3,2
863,0,2,2
863,0,1,2
863,0,0,2
863,0,0,78
863,1,0,2
863,2,0,2
863,3,0,2
863,4,0,2
863,4,1,2
863,5,1,2
863,5,2,2
863,6,2,2
863,6,3,2
863,7,3,2
863,7,4,2
863,7,4,43
864,7,0,2
864,6,0,2
864,6,1,2
864,5,1,2
864,5,2,2
864,4,2,2
864,3,2,2
864,3,3,2
864,3,4,2
864,2,4,2
864,1,4,2
864,0,4,2
864,0,4,62
864,1,4,2
864,2,4,2
864,3,4,2
864,4,4,2
864,5,4,2
864,6,4,2
864,7,4,2
864,7,4,57
865,7,0,2
865,7,1,2
865,6,1,2
865,5,1,2
865,4,1,2
865,4,1,86
865,5,1,2
865,5,2,2
865,5,3,2
865,5,4,2
865,5,5,2
865,5,5,57
865,6,5,2
865,6,4,2
865,6,3,2
865,6,2,2
865,6,1,2
865,6,0,2
865,6,0,59
865,7,0,2
865,7,1,2
865,7,2,2
865,7,3,2
865,7,4,2
865,7,4,115
866,7,0,2
866,7,1,2
866,7,2,2
866,6,2,2
866,6,3,2
866,5,3,2
866,5,3,22
866,5,2,2
866,4,2,2
866,4,1,2
866,3,1,2
866,2,1,2
866,2,1,54
866,3,1,2
866,4,1,2
866,4,2,2
866,4,3,2
866,5,3,2
866,6,3,2
866,6,4,2
866,6,5,2
866,6,6,2
866,6,7,2
866,6,8,2
866,6,8,56
866,7,8,2
866,7,7,2
866,7,6,2
866,7,5,2
866,7,4,2
866,7,4,32
867,7,0,2
867,7,1,2
867,6,1,2
867,6,2,2
867,6,3,2
867,5,3,2
867,4,3,2
867,3,3,2
867,2,3,2
867,2,3,78
867,2,2,2
867,3,2,2
867,4,2,2
867,5,2,2
867,5,1,2
867,6,1,2
867,6,1,50
867,6,0,2
867,5,0,2
867,4,0,2
867,3,0,2
867,2,0,2
867,2,0,40
867,1,0,2
867,1,1,2
867,1,2,2
867,1,3,2
867,1,3,72
867,1,4,2
867,2,4,2
867,3,4,2
867,4,4,2
867,5,4,2
867,6,4,2
867,7,4,2
867,7,4,82
868,7,0,2
868,7,1,2
868,7,2,2
868,6,2,2
868,5,2,2
868,4,2,2
868,3,2,2
868,2,2,2
868,1,2,2
868,0,2,2
868,0,2,36
868,0,1,2
868,0,0,2
868,0,0,50
868,1,0,2
868,1,1,2
868,2,1,2
868,2,2,2
868,2,3,2
868,2,4,2
868,2,5,2
868,2,6,2
868,2,7,2
868,2,8,2
868,2,9,2
868,2,9,58
868,2,8,2
868,2,7,2
868,2,6,2
868,3,6,2
868,3,5,2
868,4,5,2
868,5,5,2
868,5,4,2
868,6,4,2
868,7,4,2
868,7,4,78
869,7,0,2
869,6,0,2
869,5,0,2
869,5,0,89
869,4,0,2
869,4,1,2
869,3,1,2
869,2,1,2
869,1,1,2
869,1,2,2
869,1,3,2
869,1,4,2
869,1,5,2
869,1,6,2
869,1,6,34
869,1,5,2
869,1,4,2
869,2,4,2
869,3,4,2
869,4,4,2
869,5,4,2
869,6,4,2
869,7,4,2
869,7,4,57
870,7,0,2
870,7,1,2
870,6,1,2
870,5,1,2
870,4,1,2
870,4,2,2
870,4,3,2
870,4,4,2
870,4,4,33
870,3,4,2
870,2,4,2
870,1,4,2
870,0,4,2
870,0,4,46
870,0,3,2
870,0,3,26
870,0,4,2
870,1,4,2
870,2,4,2
870,3,4,2
870,4,4,2
870,5,4,2
870,6,4,2
870,7,4,2
870,7,4,110
871,7,0,2
871,7,1,2
871,7,2,2
871,6,2,2
871,5,2,2
871,5,3,2
871,4,3,2
871,4,4,2
871,3,4,2
871,3,5,2
871,2,5,2
871,2,5,67
871,2,6,2
871,2,6,31
871,2,5,2
871,2,4,2
871,3,4,2
871,4,4,2
871,5,4,2
871,6,4,2
871,7,4,2
871,7,4,111
872,7,0,2
872,7,1,2
872,6,1,2
872,5,1,2
872,5,2,2
872,4,2,2
872,4,3,2
872,3,3,2
872,3,3,63
872,2,3,2
872,2,2,2
872,2,1,2
872,1,1,2
872,0,1,2
872,0,1,88
872,1,1,2
872,2,1,2
872,3,1,2
872,3,1,28
872,3,2,2
872,3,3,2
872,4,3,2
872,5,3,2
872,6,3,2
872,7,3,2
872,7,4,2
872,7,4,114
873,7,0,2
873,6,0,2
873,6,1,2
873,5,1,2
873,5,2,2
873,4,2,2
873,3,2,2
873,2,2,2
873,1,2,2
873,0,2,2
873,0,2,66
873,1,2,2
873,2,2,2
873,2,1,2
873,3,1,2
873,3,0,2
873,3,0,43
873,2,0,2
873,2,1,2
873,2,2,2
873,2,3,2
873,2,4,2
873,2,4,31
873,3,4,2
873,4,4,2
873,5,4,2
873,6,4,2
873,7,4,2
873,7,4,33
874,7,0,2
874,6,0,2
874,5,0,2
874,4,0,2
874,4,1,2
874,4,2,2
874,4,3,2
874,3,3,2
874,2,3,2
874,1,3,2
874,0,3,2
874,0,3,27
874,0,4,2
874,1,4,2
874,2,4,2
874,3,4,2
874,3,4,66
874,3,5,2
874,4,5,2
874,4,6,2
874,4,7,2
874,4,8,2
874,4,9,2
874,5,9,2
874,5,9,25
874,4,9,2
874,4,8,2
874,3,8,2
874,2,8,2
874,2,7,2
874,2,6,2
874,1,6,2
874,1,6,64
874,2,6,2
874,3,6,2
874,4,6,2
874,4,5,2
874,5,5,2
874,6,5,2
874,6,4,2
874,7,4,2
874,7,4,74
875,7,0,2
875,7,1,2
875,6,1,2
875,5,1,2
875,4,1,2
875,3,1,2
875,2,1,2
875,1,1,2
875,1,1,21
875,2,1,2
875,2,2,2
875,2,3,2
875,2,4,2
875,2,5,2
875,2,6,2
875,3,6,2
875,4,6,2
875,5,6,2
875,6,6,2
875,6,6,79
875,5,6,2
875,5,5,2
875,5,4,2
875,5,3,2
875,5,2,2
875,5,1,2
875,5,0,2
875,5,0,30
875,6,0,2
875,6,1,2
875,7,1,2
875,7,2,2
875,7,3,2
875,7,4,2
875,7,4,71
876,7,0,2
876,7,1,2
876,7,2,2
876,6,2,2
876,6,3,2
876,6,4,2
876,6,5,2
876,6,5,59
876,7,5,2
876,7,4,2
876,7,4,73
877,7,0,2
877,7,1,2
877,7,2,2
877,6,2,2
877,5,2,2
877,4,2,2
877,4,3,2
877,4,4,2
877,4,4,46
877,4,5,2
877,3,5,2
877,2,5,2
877,1,5,2
877,0,5,2
877,0,5,67
877,1,5,2
877,1,6,2
877,2,6,2
877,2,6,88
877,2,5,2
877,1,5,2
877,1,4,2
877,1,3,2
877,1,2,2
877,1,1,2
877,0,1,2
877,0,1,30
877,1,1,2
877,1,2,2
877,1,3,2
877,1,4,2
877,2,4,2
877,3,4,2
877,4,4,2
877,5,4,2
877,6,4,2
877,7,4,2
877,7,4,68
878,7,0,2
878,7,1,2
878,6,1,2
878,5,1,2
878,5,2,2
878,5,3,2
878,4,3,2
878,4,4,2
878,3,4,2
878,2,4,2
878,1,4,2
878,1,4,81
878,1,3,2
878,0,3,2
878,0,2,2
878,0,1,2
878,0,0,2
878,0,0,41
878,1,0,2
878,2,0,2
878,2,1,2
878,2,2,2
878,3,2,2
878,4,2,2
878,4,3,2
878,4,4,2
878,5,4,2
878,6,4,2
878,7,4,2
878,7,4,81
879,7,0,2
879,7,1,2
879,6,1,2
879,5,1,2
879,4,1,2
879,3,1,2
879,2,1,2
879,1,1,2
879,0,1,2
879,0,1,62
879,0,2,2
879,0,3,2
879,1,3,2
879,1,3,23
879,1,4,2
879,2,4,2
879,2,5,2
879,3,5,2
879,3,6,2
879,3,6,73
879,3,5,2
879,3,5,26
879,3,4,2
879,3,3,2
879,3,2,2
879,3,2,41
879,3,3,2
879,3,4,2
879,4,4,2
879,5,4,2
879,6,4,2
879,7,4,2
879,7,4,82
880,7,0,2
880,7,1,2
880,7,2,2
880,7,3,2
880,7,4,2
880,7,5,2
880,7,6,2
880,6,6,2
880,5,6,2
880,4,6,2
880,3,6,2
880,3,6,25
880,2,6,2
880,2,5,2
880,2,4,2
880,2,3,2
880,2,2,2
880,2,1,2
880,2,1,48
880,2,2,2
880,3,2,2
880,4,2,2
880,5,2,2
880,5,3,2
880,6,3,2
880,7,3,2
880,7,4,2
880,7,4,75
881,7,0,2
881,6,0,2
881,5,0,2
881,4,0,2
881,4,1,2
881,3,1,2
881,2,1,2
881,1,1,2
881,0,1,2
881,0,1,76
881,0,2,2
881,0,2,59
881,1,2,2
881,2,2,2
881,3,2,2
881,4,2,2
881,4,2,23
881,4,3,2
881,4,4,2
881,5,4,2
881,6,4,2
881,7,4,2
881,7,4,85
882,7,0,2
882,6,0,2
882,6,1,2
882,5,1,2
882,5,2,2
882,4,2,2
882,4,3,2
882,4,4,2
882,4,5,2
882,4,6,2
882,3,6,2
882,2,6,2
882,1,6,2
882,1,6,82
882,2,6,2
882,3,6,2
882,3,5,2
882,3,4,2
882,4,4,2
882,5,4,2
882,6,4,2
882,7,4,2
882,7,4,47
883,7,0,2
883,7,1,2
883,6,1,2
883,6,2,2
883,6,3,2
883,6,4,2
883,6,5,2
883,5,5,2
883,4,5,2
883,3,5,2
883,3,6,2
883,3,6,52
883,3,5,2
883,3,4,2
883,3,3,2
883,2,3,2
883,2,2,2
883,1,2,2
883,1,2,31
883,1,1,2
883,2,1,2
883,2,0,2
883,3,0,2
883,4,0,2
883,5,0,2
883,6,0,2
883,6,0,57
883,5,0,2
883,4,0,2
883,3,0,2
883,3,1,2
883,2,1,2
883,2,2,2
883,2,3,2
883,2,4,2
883,2,5,2
883,2,5,72
883,2,4,2
883,3,4,2
883,4,4,2
883,5,4,2
883,6,4,2
883,7,4,2
883,7,4,111
884,7,0,2
884,6,0,2
884,6,1,2
884,6,2,2
884,5,2,2
884,5,3,2
884,5,4,2
884,5,5,2
884,5,5,56
884,4,5,2
884,3,5,2
884,2,5,2
884,1,5,2
884,0,5,2
884,0,5,67
884,0,4,2
884,1,4,2
884,2,4,2
884,3,4,2
884,4,4,2
884,5,4,2
884,6,4,2
884,7,4,2
884,7,4,70
885,7,0,2
885,6,0,2
885,6,1,2
885,6,1,61
885,5,1,2
885,5,2,2
885,4,2,2
885,4,3,2
885,4,4,2
885,3,4,2
885,3,5,2
885,2,5,2
885,2,6,2
885,1,6,2
885,1,6,77
885,1,5,2
885,2,5,2
885,2,4,2
885,3,4,2
885,3,3,2
885,3,2,2
885,4,2,2
885,4,2,77
885,5,2,2
885,6,2,2
885,6,3,2
885,6,4,2
885,7,4,2
885,7,4,62
886,7,0,2
886,6,0,2
886,5,0,2
886,4,0,2
886,3,0,2
886,3,0,30
886,3,1,2
886,2,1,2
886,2,2,2
886,1,2,2
886,0,2,2
886,0,3,2
886,0,3,88
886,1,3,2
886,2,3,2
886,2,4,2
886,2,5,2
886,3,5,2
886,3,6,2
886,4,6,2
886,4,7,2
886,4,8,2
886,4,8,77
886,4,7,2
886,4,6,2
886,3,6,2
886,2,6,2
886,1,6,2
886,1,5,2
886,1,4,2
886,1,3,2
886,1,2,2
886,1,1,2
886,1,1,43
886,1,2,2
886,1,3,2
886,1,4,2
886,2,4,2
886,3,4,2
886,4,4,2
886,5,4,2
886,6,4,2
886,7,4,2
886,7,4,64
887,7,0,2
887,6,0,2
887,6,1,2
887,6,2,2
887,5,2,2
887,4,2,2
887,3,2,2
887,2,2,2
887,1,2,2
887,1,2,35
887,0,2,2
887,0,3,2
887,0,4,2
887,0,5,2
887,0,6,2
887,0,7,2
887,0,8,2
887,0,9,2
887,0,9,83
887,0,8,2
887,1,8,2
887,1,7,2
887,2,7,2
887,3,7,2
887,4,7,2
887,4,6,2
887,4,5,2
887,4,4,2
887,4,3,2
887,4,2,2
887,4,1,2
887,4,1,42
887,4,2,2
887,5,2,2
887,5,3,2
887,6,3,2
887,6,4,2
887,7,4,2
887,7,4,60
888,7,0,2
888,6,0,2
888,6,1,2
888,6,2,2
888,6,3,2
888,6,4,2
888,6,5,2
888,6,5,44
888,6,4,2
888,6,3,2
888,6,2,2
888,6,1,2
888,6,0,2
888,6,0,71
888,5,0,2
888,5,1,2
888,5,2,2
888,5,3,2
888,4,3,2
888,4,4,2
888,3,4,2
888,3,5,2
888,2,5,2
888,2,5,46
888,2,6,2
888,2,7,2
888,2,7,66
888,3,7,2
888,3,6,2
888,3,5,2
888,3,4,2
888,4,4,2
888,5,4,2
888,6,4,2
888,7,4,2
888,7,4,74
889,7,0,2
889,6,0,2
889,5,0,2
889,4,0,2
889,3,0,2
889,3,1,2
889,2,1,2
889,1,1,2
889,0,1,2
889,0,1,75
889,0,0,2
889,1,0,2
889,2,0,2
889,3,0,2
889,4,0,2
889,5,0,2
889,5,0,71
889,6,0,2
889,6,1,2
889,7,1,2
889,7,2,2
889,7,3,2
889,7,4,2
889,7,4,110
890,7,0,2
890,7,1,2
890,6,1,2
890,5,1,2
890,4,1,2
890,3,1,2
890,2,1,2
890,1,1,2
890,0,1,2
890,0,1,32
890,1,1,2
890,1,2,2
890,2,2,2
890,2,3,2
890,2,3,82
890,2,2,2
890,3,2,2
890,3,1,2
890,3,0,2
890,3,0,58
890,4,0,2
890,4,1,2
890,5,1,2
890,5,2,2
890,6,2,2
890,6,3,2
890,7,3,2
890,7,4,2
890,7,4,78
891,7,0,2
891,6,0,2
891,5,0,2
891,4,0,2
891,4,1,2
891,3,1,2
891,3,2,2
891,3,3,2
891,3,4,2
891,3,5,2
891,3,6,2
891,3,7,2
891,3,8,2
891,3,9,2
891,3,9,25
891,4,9,2
891,4,8,2
891,5,8,2
891,6,8,2
891,6,7,2
891,7,7,2
891,7,6,2
891,7,5,2
891,7,4,2
891,7,4,108
892,7,0,2
892,6,0,2
892,5,0,2
892,4,0,2
892,3,0,2
892,2,0,2
892,1,0,2
892,0,0,2
892,0,0,56
892,1,0,2
892,2,0,2
892,3,0,2
892,4,0,2
892,5,0,2
892,5,1,2
892,6,1,2
892,7,1,2
892,7,2,2
892,7,3,2
892,7,4,2
892,7,4,84
893,7,0,2
893,7,1,2
893,7,2,2
893,7,3,2
893,6,3,2
893,6,3,67
893,6,4,2
893,5,4,2
893,4,4,2
893,3,4,2
893,3,4,83
893,2,4,2
893,2,3,2
893,1,3,2
893,0,3,2
893,0,2,2
893,0,1,2
893,0,1,53
893,1,1,2
893,1,2,2
893,1,3,2
893,2,3,2
893,2,4,2
893,2,5,2
893,2,6,2
893,3,6,2
893,4,6,2
893,5,6,2
893,5,6,62
893,5,5,2
893,5,4,2
893,6,4,2
893,7,4,2
893,7,4,73
894,7,0,2
894,7,1,2
894,7,2,2
894,7,3,2
894,7,4,2
894,6,4,2
894,5,4,2
894,4,4,2
894,3,4,2
894,2,4,2
894,1,4,2
894,0,4,2
894,0,4,43
894,0,5,2
894,1,5,2
894,1,6,2
894,1,7,2
894,2,7,2
894,3,7,2
894,3,7,53
894,3,6,2
894,3,5,2
894,3,4,2
894,3,3,2
894,3,2,2
894,3,2,40
894,2,2,2
894,1,2,2
894,1,1,2
894,1,0,2
894,0,0,2
894,0,0,30
894,0,1,2
894,0,2,2
894,1,2,2
894,1,3,2
894,2,3,2
894,2,4,2
894,2,5,2
894,2,6,2
894,2,7,2
894,3,7,2
894,4,7,2
894,4,7,82
894,4,6,2
894,5,6,2
894,5,5,2
894,6,5,2
894,7,5,2
894,7,4,2
894,7,4,55
895,7,0,2
895,6,0,2
895,5,0,2
895,5,1,2
895,4,1,2
895,4,1,88
895,4,2,2
895,5,2,2
895,6,2,2
895,6,2,42
895,5,2,2
895,5,3,2
895,4,3,2
895,4,4,2
895,3,4,2
895,2,4,2
895,2,5,2
895,2,6,2
895,1,6,2
895,1,7,2
895,1,7,20
895,1,6,2
895,1,5,2
895,2,5,2
895,3,5,2
895,3,4,2
895,4,4,2
895,5,4,2
895,6,4,2
895,7,4,2
895,7,4,117
896,7,0,2
896,6,0,2
896,6,0,42
896,6,1,2
896,5,1,2
896,4,1,2
896,3,1,2
896,2,1,2
896,1,1,2
896,0,1,2
896,0,1,61
896,1,1,2
896,1,2,2
896,2,2,2
896,3,2,2
896,3,3,2
896,4,3,2
896,5,3,2
896,5,4,2
896,5,5,2
896,5,6,2
896,5,7,2
896,5,8,2
896,5,8,75
896,5,7,2
896,5,6,2
896,5,5,2
896,5,4,2
896,5,3,2
896,5,2,2
896,5,1,2
896,5,0,2
896,5,0,72
896,5,1,2
896,6,1,2
896,7,1,2
896,7,2,2
896,7,3,2
896,7,4,2
896,7,4,89
897,7,0,2
897,6,0,2
897,5,0,2
897,5,0,73
897,6,0,2
897,6,1,2
897,6,2,2
897,7,2,2
897,7,3,2
897,7,4,2
897,7,4,70
898,7,0,2
898,6,0,2
898,5,0,2
898,5,1,2
898,5,2,2
898,4,2,2
898,4,3,2
898,3,3,2
898,3,4,2
898,2,4,2
898,1,4,2
898,0,4,2
898,0,4,64
898,0,3,2
898,1,3,2
898,2,3,2
898,3,3,2
898,4,3,2
898,5,3,2
898,6,3,2
898,6,3,61
898,6,2,2
898,5,2,2
898,4,2,2
898,3,2,2
898,3,2,63
898,3,1,2
898,2,1,2
898,1,1,2
898,0,1,2
898,0,1,45
898,1,1,2
898,2,1,2
898,3,1,2
898,3,2,2
898,4,2,2
898,5,2,2
898,6,2,2
898,7,2,2
898,7,3,2
898,7,4,2
898,7,4,82
899,7,0,2
899,6,0,2
899,5,0,2
899,4,0,2
899,3,0,2
899,2,0,2
899,2,0,25
899,2,1,2
899,3,1,2
899,4,1,2
899,5,1,2
899,5,1,21
899,4,1,2
899,3,1,2
899,2,1,2
899,2,2,2
899,2,3,2
899,2,4,2
899,2,5,2
899,2,6,2
899,2,7,2
899,2,8,2
899,2,9,2
899,2,9,64
899,1,9,2
899,1,8,2
899,1,7,2
899,0,7,2
899,0,6,2
899,0,5,2
899,0,4,2
899,0,3,2
899,0,2,2
899,0,1,2
899,0,1,73
899,1,1,2
899,2,1,2
899,3,1,2
899,4,1,2
899,4,2,2
899,4,3,2
899,5,3,2
899,5,4,2
899,6,4,2
899,7,4,2
899,7,4,59
900,7,0,2
900,6,0,2
900,5,0,2
900,5,1,2
900,5,2,2
900,5,3,2
900,4,3,2
900,3,3,2
900,2,3,2
900,1,3,2
900,0,3,2
900,0,3,26
900,1,3,2
900,1,2,2
900,1,1,2
900,1,0,2
900,2,0,2
900,3,0,2
900,4,0,2
900,5,0,2
900,6,0,2
900,6,0,22
900,5,0,2
900,4,0,2
900,3,0,2
900,2,0,2
900,2,1,2
900,2,2,2
900,1,2,2
900,0,2,2
900,0,3,2
900,0,4,2
900,0,5,2
900,0,6,2
900,0,6,30
900,1,6,2
900,2,6,2
900,2,7,2
900,2,8,2
900,2,9,2
900,2,9,53
900,3,9,2
900,3,8,2
900,3,7,2
900,4,7,2
900,4,6,2
900,5,6,2
900,5,5,2
900,5,4,2
900,6,4,2
900,7,4,2
900,7,4,107
901,7,0,2
901,6,0,2
901,5,0,2
901,4,0,2
901,3,0,2
901,2,0,2
901,1,0,2
901,0,0,2
901,0,0,30
901,0,1,2
901,1,1,2
901,1,2,2
901,1,3,2
901,1,4,2
901,1,5,2
901,2,5,2
901,3,5,2
901,4,5,2
901,5,5,2
901,6,5,2
901,6,5,74
901,5,5,2
901,4,5,2
901,3,5,2
901,2,5,2
901,2,5,41
901,3,5,2
901,4,5,2
901,4,4,2
901,5,4,2
901,6,4,2
901,7,4,2
901,7,4,32
902,7,0,2
902,6,0,2
902,5,0,2
902,4,0,2
902,3,0,2
902,2,0,2
902,1,0,2
902,1,0,63
902,2,0,2
902,3,0,2
902,4,0,2
902,5,0,2
902,6,0,2
902,6,0,40
902,7,0,2
902,7,1,2
902,7,2,2
902,7,3,2
902,7,4,2
902,7,4,114
903,7,0,2
903,6,0,2
903,6,1,2
903,6,2,2
903,6,3,2
903,5,3,2
903,5,4,2
903,4,4,2
903,3,4,2
903,2,4,2
903,2,4,73
903,3,4,2
903,4,4,2
903,5,4,2
903,6,4,2
903,7,4,2
903,7,4,84
904,7,0,2
904,6,0,2
904,6,1,2
904,6,2,2
904,6,3,2
904,6,4,2
904,6,5,2
904,6,6,2
904,6,7,2
904,5,7,2
904,4,7,2
904,4,8,2
904,3,8,2
904,2,8,2
904,1,8,2
904,0,8,2
904,0,8,76
904,1,8,2
904,1,7,2
904,2,7,2
904,3,7,2
904,3,7,46
904,3,6,2
904,3,5,2
904,2,5,2
904,2,4,2
904,2,3,2
904,2,2,2
904,2,1,2
904,2,0,2
904,2,0,70
904,1,0,2
904,1,1,2
904,1,1,28
904,1,2,2
904,1,3,2
904,1,4,2
904,2,4,2
904,3,4,2
904,4,4,2
904,5,4,2
904,6,4,2
904,7,4,2
904,7,4,86
905,7,0,2
905,6,0,2
905,6,1,2
905,6,2,2
905,6,2,35
905,7,2,2
905,7,3,2
905,7,4,2
905,7,4,51
906,7,0,2
906,6,0,2
906,5,0,2
906,5,1,2
906,4,1,2
906,3,1,2
906,2,1,2
906,1,1,2
906,1,1,42
906,0,1,2
906,0,2,2
906,0,3,2
906,0,4,2
906,0,5,2
906,0,6,2
906,0,7,2
906,0,8,2
906,0,8,43
906,1,8,2
906,1,7,2
906,1,6,2
906,1,5,2
906,2,5,2
906,2,4,2
906,2,3,2
906,2,2,2
906,2,1,2
906,2,1,36
906,3,1,2
906,4,1,2
906,5,1,2
906,6,1,2
906,7,1,2
906,7,2,2
906,7,3,2
906,7,4,2
906,7,4,117
907,7,0,2
907,6,0,2
907,5,0,2
907,4,0,2
907,3,0,2
907,2,0,2
907,1,0,2
907,0,0,2
907,0,0,63
907,0,1,2
907,0,2,2
907,0,3,2
907,1,3,2
907,2,3,2
907,2,4,2
907,2,5,2
907,2,6,2
907,2,7,2
907,2,7,67
907,3,7,2
907,3,8,2
907,3,9,2
907,3,9,57
907,4,9,2
907,4,8,2
907,5,8,2
907,5,7,2
907,6,7,2
907,6,6,2
907,6,5,2
907,7,5,2
907,7,4,2
907,7,4,49
908,7,0,2
908,7,1,2
908,6,1,2
908,6,2,2
908,6,3,2
908,6,4,2
908,6,5,2
908,6,6,2
908,6,7,2
908,6,8,2
908,6,9,2
908,6,9,55
908,7,9,2
908,7,8,2
908,7,7,2
908,7,6,2
908,7,5,2
908,7,4,2
908,7,4,108
909,7,0,2
909,6,0,2
909,6,1,2
909,6,2,2
909,6,3,2
909,5,3,2
909,4,3,2
909,3,3,2
909,3,4,2
909,2,4,2
909,1,4,2
909,1,5,2
909,0,5,2
909,0,5,34
909,0,6,2
909,1,6,2
909,2,6,2
909,3,6,2
909,3,6,72
909,4,6,2
909,4,5,2
909,5,5,2
909,5,4,2
909,5,3,2
909,5,2,2
909,5,1,2
909,5,1,89
909,6,1,2
909,7,1,2
909,7,2,2
909,7,3,2
909,7,4,2
909,7,4,33
910,7,0,2
910,7,1,2
910,6,1,2
910,5,1,2
910,4,1,2
910,3,1,2
910,2,1,2
910,2,1,40
910,2,2,2
910,2,3,2
910,3,3,2
910,4,3,2
910,4,4,2
910,4,5,2
910,4,6,2
910,4,7,2
910,4,8,2
910,4,8,34
910,3,8,2
910,2,8,2
910,1,8,2
910,0,8,2
910,0,7,2
910,0,6,2
910,0,5,2
910,0,4,2
910,0,3,2
910,0,3,86
910,1,3,2
910,2,3,2
910,3,3,2
910,4,3,2
910,5,3,2
910,6,3,2
910,6,4,2
910,7,4,2
910,7,4,67
911,7,0,2
911,6,0,2
911,5,0,2
911,4,0,2
911,3,0,2
911,2,0,2
911,1,0,2
911,1,0,65
911,1,1,2
911,2,1,2
911,2,2,2
911,3,2,2
911,4,2,2
911,4,3,2
911,4,4,2
911,4,5,2
911,5,5,2
911,5,6,2
911,5,7,2
911,5,8,2
911,5,9,2
911,5,9,87
911,5,8,2
911,5,7,2
911,5,6,2
911,5,5,2
911,5,4,2
911,5,3,2
911,5,2,2
911,5,2,74
911,4,2,2
911,3,2,2
911,3,2,27
911,3,3,2
911,3,4,2
911,2,4,2
911,2,5,2
911,2,6,2
911,2,7,2
911,2,7,34
911,2,6,2
911,2,5,2
911,2,4,2
911,3,4,2
911,4,4,2
911,5,4,2
911,6,4,2
911,7,4,2
911,7,4,44
912,7,0,2
912,7,1,2
912,6,1,2
912,5,1,2
912,5,2,2
912,4,2,2
912,4,3,2
912,4,4,2
912,4,5,2
912,4,6,2
912,4,7,2
912,4,8,2
912,4,9,2
912,4,9,69
912,5,9,2
912,6,9,2
912,6,8,2
912,6,7,2
912,6,6,2
912,6,5,2
912,6,4,2
912,6,3,2
912,6,2,2
912,6,1,2
912,6,0,2
912,6,0,62
912,6,1,2
912,5,1,2
912,5,2,2
912,4,2,2
912,3,2,2
912,3,2,45
912,3,3,2
912,2,3,2
912,2,3,37
912,2,4,2
912,2,5,2
912,2,6,2
912,1,6,2
912,0,6,2
912,0,7,2
912,0,8,2
912,0,8,70
912,0,7,2
912,0,6,2
912,0,5,2
912,0,4,2
912,0,3,2
912,0,2,2
912,0,1,2
912,0,1,48
912,1,1,2
912,1,2,2
912,2,2,2
912,3,2,2
912,4,2,2
912,5,2,2
912,5,3,2
912,6,3,2
912,7,3,2
912,7,4,2
912,7,4,57
913,7,0,2
913,6,0,2
913,6,1,2
913,6,2,2
913,5,2,2
913,5,3,2
913,5,4,2
913,4,4,2
913,4,5,2
913,3,5,2
913,3,5,47
913,2,5,2
913,1,5,2
913,1,4,2
913,1,3,2
913,1,3,82
913,1,4,2
913,2,4,2
913,3,4,2
913,4,4,2
913,5,4,2
913,6,4,2
913,7,4,2
913,7,4,40
914,7,0,2
914,7,1,2
914,6,1,2
914,6,2,2
914,6,3,2
914,6,4,2
914,6,5,2
914,6,6,2
914,6,6,89
914,7,6,2
914,7,5,2
914,7,4,2
914,7,4,36
915,7,0,2
915,6,0,2
915,6,1,2
915,5,1,2
915,4,1,2
915,4,2,2
915,4,3,2
915,4,4,2
915,4,5,2
915,4,6,2
915,4,7,2
915,4,8,2
915,4,9,2
915,4,9,35
915,4,8,2
915,3,8,2
915,3,7,2
915,2,7,2
915,2,7,21
915,2,6,2
915,2,5,2
915,2,4,2
915,3,4,2
915,4,4,2
915,5,4,2
915,6,4,2
915,7,4,2
915,7,4,42
916,7,0,2
916,6,0,2
916,6,1,2
916,5,1,2
916,5,2,2
916,5,3,2
916,4,3,2
916,3,3,2
916,3,4,2
916,3,5,2
916,2,5,2
916,1,5,2
916,0,5,2
916,0,5,66
916,1,5,2
916,1,4,2
916,2,4,2
916,2,3,2
916,2,2,2
916,2,1,2
916,3,1,2
916,3,1,49
916,4,1,2
916,4,2,2
916,4,3,2
916,4,4,2
916,5,4,2
916,6,4,2
916,7,4,2
916,7,4,59
917,7,0,2
917,6,0,2
917,5,0,2
917,5,1,2
917,4,1,2
917,3,1,2
917,2,1,2
917,1,1,2
917,1,1,42
917,1,2,2
917,1,2,35
917,1,3,2
917,1,4,2
917,2,4,2
917,3,4,2
917,4,4,2
917,5,4,2
917,6,4,2
917,7,4,2
917,7,4,64
918,7,0,2
918,7,1,2
918,7,2,2
918,6,2,2
918,5,2,2
918,4,2,2
918,3,2,2
918,3,2,73
918,3,3,2
918,3,4,2
918,3,5,2
918,3,6,2
918,3,7,2
918,3,8,2
918,3,8,72
918,4,8,2
918,4,7,2
918,5,7,2
918,6,7,2
918,7,7,2
918,7,6,2
918,7,5,2
918,7,4,2
918,7,4,99
919,7,0,2
919,6,0,2
919,6,1,2
919,6,2,2
919,6,3,2
919,6,4,2
919,5,4,2
919,4,4,2
919,4,4,30
919,4,3,2
919,4,2,2
919,4,1,2
919,3,1,2
919,3,0,2
919,2,0,2
919,2,0,33
919,1,0,2
919,1,1,2
919,1,2,2
919,0,2,2
919,0,3,2
919,0,4,2
919,0,5,2
919,0,5,40
919,1,5,2
919,2,5,2
919,3,5,2
919,4,5,2
919,5,5,2
919,5,4,2
919,6,4,2
919,7,4,2
919,7,4,96
920,7,0,2
920,6,0,2
920,5,0,2
920,4,0,2
920,3,0,2
920,2,0,2
920,2,0,64
920,2,1,2
920,3,1,2
920,4,1,2
920,5,1,2
920,5,1,31
920,6,1,2
920,6,2,2
920,6,2,40
920,7,2,2
920,7,3,2
920,7,4,2
920,7,4,53
921,7,0,2
921,6,0,2
921,6,1,2
921,6,2,2
921,6,3,2
921,5,3,2
921,4,3,2
921,4,4,2
921,4,5,2
921,4,6,2
921,4,6,77
921,4,5,2
921,4,4,2
921,3,4,2
921,2,4,2
921,1,4,2
921,0,4,2
921,0,4,71
921,0,5,2
921,0,6,2
921,0,7,2
921,1,7,2
921,2,7,2
921,2,8,2
921,2,9,2
921,3,9,2
921,4,9,2
921,5,9,2
921,5,9,73
921,5,8,2
921,6,8,2
921,7,8,2
921,7,7,2
921,7,6,2
921,7,5,2
921,7,4,2
921,7,4,111
922,7,0,2
922,6,0,2
922,6,1,2
922,6,2,2
922,5,2,2
922,5,2,20
922,6,2,2
922,7,2,2
922,7,3,2
922,7,4,2
922,7,4,69
923,7,0,2
923,7,1,2
923,7,2,2
923,7,3,2
923,6,3,2
923,5,3,2
923,5,4,2
923,5,5,2
923,5,6,2
923,5,7,2
923,4,7,2
923,4,8,2
923,4,9,2
923,4,9,83
923,4,8,2
923,4,7,2
923,3,7,2
923,3,6,2
923,2,6,2
923,1,6,2
923,1,5,2
923,1,4,2
923,1,3,2
923,1,2,2
923,1,1,2
923,1,0,2
923,1,0,64
923,1,1,2
923,2,1,2
923,3,1,2
923,3,2,2
923,3,3,2
923,3,4,2
923,4,4,2
923,4,5,2
923,5,5,2
923,5,5,87
923,5,4,2
923,4,4,2
923,4,3,2
923,4,2,2
923,4,2,39
923,4,3,2
923,5,3,2
923,6,3,2
923,6,4,2
923,7,4,2
923,7,4,30
924,7,0,2
924,6,0,2
924,6,1,2
924,5,1,2
924,4,1,2
924,3,1,2
924,2,1,2
924,2,1,89
924,3,1,2
924,4,1,2
924,4,2,2
924,4,3,2
924,5,3,2
924,6,3,2
924,6,3,75
924,7,3,2
924,7,4,2
924,7,4,58
925,7,0,2
925,6,0,2
925,5,0,2
925,4,0,2
925,3,0,2
925,2,0,2
925,1,0,2
925,1,0,70
925,2,0,2
925,2,1,2
925,3,1,2
925,3,2,2
925,4,2,2
925,5,2,2
925,5,3,2
925,6,3,2
925,7,3,2
925,7,4,2
925,7,4,112
926,7,0,2
926,7,1,2
926,6,1,2
926,6,2,2
926,5,2,2
926,5,3,2
926,5,4,2
926,4,4,2
926,4,5,2
926,4,6,2
926,4,7,2
926,4,8,2
926,4,8,23
926,3,8,2
926,2,8,2
926,2,7,2
926,1,7,2
926,0,7,2
926,0,6,2
926,0,5,2
926,0,4,2
926,0,3,2
926,0,2,2
926,0,1,2
926,0,0,2
926,0,0,22
926,0,1,2
926,1,1,2
926,2,1,2
926,2,2,2
926,2,3,2
926,3,3,2
926,3,4,2
926,4,4,2
926,5,4,2
926,6,4,2
926,7,4,2
926,7,4,69
927,7,0,2
927,7,1,2
927,6,1,2
927,5,1,2
927,5,1,65
927,5,2,2
927,5,3,2
927,5,4,2
927,4,4,2
927,3,4,2
927,2,4,2
927,2,5,2
927,1,5,2
927,0,5,2
927,0,5,34
927,0,4,2
927,0,3,2
927,1,3,2
927,2,3,2
927,3,3,2
927,4,3,2
927,5,3,2
927,5,3,31
927,6,3,2
927,6,4,2
927,6,5,2
927,6,6,2
927,6,7,2
927,6,8,2
927,6,8,42
927,7,8,2
927,7,7,2
927,7,6,2
927,7,5,2
927,7,4,2
927,7,4,116
928,7,0,2
928,7,1,2
928,7,2,2
928,6,2,2
928,6,3,2
928,5,3,2
928,4,3,2
928,3,3,2
928,2,3,2
928,1,3,2
928,1,3,21
928,1,2,2
928,1,1,2
928,1,0,2
928,1,0,39
928,1,1,2
928,1,2,2
928,2,2,2
928,2,3,2
928,2,4,2
928,3,4,2
928,4,4,2
928,5,4,2
928,6,4,2
928,7,4,2
928,7,4,65
929,7,0,2
929,7,1,2
929,6,1,2
929,5,1,2
929,4,1,2
929,3,1,2
929,3,1,34
929,4,1,2
929,4,0,2
929,5,0,2
929,5,0,73
929,5,1,2
929,5,2,2
929,5,3,2
929,5,4,2
929,5,5,2
929,5,6,2
929,5,7,2
929,5,8,2
929,5,8,53
929,6,8,2
929,6,7,2
929,6,6,2
929,6,5,2
929,6,4,2
929,6,4,45
929,6,3,2
929,5,3,2
929,4,3,2
929,3,3,2
929,2,3,2
929,2,2,2
929,2,1,2
929,1,1,2
929,0,1,2
929,0,1,33
929,1,1,2
929,2,1,2
929,2,2,2
929,3,2,2
929,3,3,2
929,3,4,2
929,4,4,2
929,5,4,2
929,6,4,2
929,7,4,2
929,7,4,97
930,7,0,2
930,6,0,2
930,5,0,2
930,4,0,2
930,3,0,2
930,2,0,2
930,1,0,2
930,1,0,71
930,1,1,2
930,0,1,2
930,0,2,2
930,0,3,2
930,0,4,2
930,0,4,63
930,0,3,2
930,1,3,2
930,1,2,2
930,2,2,2
930,2,2,40
930,3,2,2
930,3,3,2
930,4,3,2
930,5,3,2
930,6,3,2
930,6,4,2
930,7,4,2
930,7,4,33
931,7,0,2
931,7,1,2
931,6,1,2
931,5,1,2
931,4,1,2
931,3,1,2
931,2,1,2
931,1,1,2
931,1,2,2
931,1,3,2
931,1,3,24
931,1,2,2
931,1,1,2
931,1,0,2
931,1,0,89
931,0,0,2
931,0,1,2
931,0,2,2
931,0,3,2
931,0,4,2
931,0,5,2
931,0,5,70
931,1,5,2
931,1,4,2
931,2,4,2
931,2,3,2
931,2,2,2
931,2,1,2
931,2,1,38
931,3,1,2
931,3,2,2
931,3,3,2
931,3,4,2
931,4,4,2
931,5,4,2
931,6,4,2
931,7,4,2
931,7,4,106
932,7,0,2
932,7,1,2
932,6,1,2
932,5,1,2
932,5,2,2
932,5,3,2
932,5,4,2
932,4,4,2
932,3,4,2
932,3,5,2
932,2,5,2
932,2,6,2
932,1,6,2
932,1,7,2
932,0,7,2
932,0,7,77
932,1,7,2
932,1,6,2
932,1,5,2
932,1,4,2
932,1,3,2
932,1,2,2
932,1,2,83
932,1,1,2
932,1,0,2
932,1,0,25
932,2,0,2
932,3,0,2
932,3,1,2
932,3,1,80
932,3,2,2
932,3,3,2
932,4,3,2
932,5,3,2
932,6,3,2
932,7,3,2
932,7,4,2
932,7,4,45
933,7,0,2
933,6,0,2
933,6,1,2
933,6,2,2
933,6,3,2
933,6,4,2
933,6,4,66
933,6,5,2
933,6,6,2
933,6,7,2
933,5,7,2
933,4,7,2
933,3,7,2
933,2,7,2
933,1,7,2
933,0,7,2
933,0,7,24
933,1,7,2
933,1,6,2
933,1,5,2
933,1,4,2
933,1,3,2
933,1,3,87
933,2,3,2
933,2,4,2
933,2,5,2
933,2,6,2
933,2,7,2
933,2,7,71
933,2,6,2
933,2,5,2
933,2,4,2
933,2,4,40
933,3,4,2
933,4,4,2
933,5,4,2
933,6,4,2
933,7,4,2
933,7,4,91
934,7,0,2
934,7,1,2
934,6,1,2
934,6,2,2
934,6,3,2
934,6,4,2
934,5,4,2
934,5,5,2
934,4,5,2
934,3,5,2
934,2,5,2
934,1,5,2
934,0,5,2
934,0,5,81
934,1,5,2
934,1,4,2
934,2,4,2
934,3,4,2
934,4,4,2
934,5,4,2
934,6,4,2
934,7,4,2
934,7,4,52
935,7,0,2
935,7,1,2
935,6,1,2
935,6,2,2
935,5,2,2
935,5,3,2
935,4,3,2
935,4,4,2
935,3,4,2
935,2,4,2
935,2,5,2
935,1,5,2
935,1,5,38
935,2,5,2
935,3,5,2
935,4,5,2
935,4,5,74
935,4,4,2
935,3,4,2
935,3,3,2
935,2,3,2
935,1,3,2
935,1,2,2
935,1,1,2
935,1,0,2
935,0,0,2
935,0,0,29
935,1,0,2
935,2,0,2
935,3,0,2
935,3,1,2
935,4,1,2
935,4,2,2
935,5,2,2
935,6,2,2
935,6,3,2
935,7,3,2
935,7,4,2
935,7,4,71
936,7,0,2
936,7,1,2
936,7,2,2
936,6,2,2
936,5,2,2
936,4,2,2
936,4,3,2
936,3,3,2
936,2,3,2
936,1,3,2
936,0,3,2
936,0,3,85
936,1,3,2
936,2,3,2
936,3,3,2
936,3,4,2
936,4,4,2
936,5,4,2
936,6,4,2
936,6,4,29
936,7,4,2
936,7,4,55
937,7,0,2
937,7,1,2
937,7,2,2
937,7,3,2
937,7,4,2
937,6,4,2
937,6,5,2
937,5,5,2
937,4,5,2
937,3,5,2
937,2,5,2
937,1,5,2
937,0,5,2
937,0,5,75
937,0,4,2
937,1,4,2
937,2,4,2
937,3,4,2
937,4,4,2
937,5,4,2
937,6,4,2
937,7,4,2
937,7,4,70
938,7,0,2
938,6,0,2
938,5,0,2
938,5,1,2
938,5,2,2
938,5,3,2
938,5,4,2
938,5,5,2
938,5,6,2
938,5,7,2
938,5,8,2
938,5,9,2
938,5,9,78
938,5,8,2
938,4,8,2
938,3,8,2
938,3,7,2
938,3,6,2
938,3,5,2
938,3,4,2
938,3,3,2
938,3,2,2
938,3,1,2
938,3,0,2
938,3,0,23
938,4,0,2
938,4,1,2
938,4,2,2
938,4,3,2
938,5,3,2
938,6,3,2
938,7,3,2
938,7,4,2
938,7,4,53
939,7,0,2
939,6,0,2
939,6,1,2
939,6,1,45
939,5,1,2
939,5,2,2
939,4,2,2
939,3,2,2
939,2,2,2
939,1,2,2
939,0,2,2
939,0,2,20
939,1,2,2
939,1,3,2
939,1,4,2
939,1,5,2
939,1,6,2
939,1,7,2
939,1,8,2
939,1,8,36
939,1,7,2
939,2,7,2
939,3,7,2
939,4,7,2
939,4,6,2
939,5,6,2
939,6,6,2
939,7,6,2
939,7,5,2
939,7,4,2
939,7,4,68
940,7,0,2
940,7,1,2
940,7,2,2
940,7,3,2
940,6,3,2
940,6,4,2
940,6,5,2
940,6,6,2
940,5,6,2
940,4,6,2
940,4,6,57
940,5,6,2
940,6,6,2
940,7,6,2
940,7,5,2
940,7,4,2
940,7,4,35
941,7,0,2
941,6,0,2
941,5,0,2
941,4,0,2
941,4,1,2
941,3,1,2
941,2,1,2
941,1,1,2
941,1,1,45
941,2,1,2
941,3,1,2
941,4,1,2
941,5,1,2
941,6,1,2
941,6,1,52
941,7,1,2
941,7,2,2
941,7,3,2
941,7,4,2
941,7,4,73
942,7,0,2
942,7,1,2
942,6,1,2
942,5,1,2
942,4,1,2
942,4,2,2
942,4,3,2
942,4,4,2
942,3,4,2
942,2,4,2
942,1,4,2
942,0,4,2
942,0,4,88
942,1,4,2
942,2,4,2
942,3,4,2
942,4,4,2
942,5,4,2
942,6,4,2
942,7,4,2
942,7,4,95
943,7,0,2
943,6,0,2
943,5,0,2
943,5,0,63
943,5,1,2
943,5,2,2
943,5,3,2
943,6,3,2
943,6,4,2
943,7,4,2
943,7,4,98
944,7,0,2
944,7,1,2
944,6,1,2
944,5,1,2
944,5,2,2
944,4,2,2
944,3,2,2
944,3,3,2
944,3,4,2
944,3,5,2
944,3,6,2
944,3,7,2
944,3,7,60
944,4,7,2
944,5,7,2
944,5,6,2
944,5,5,2
944,6,5,2
944,7,5,2
944,7,4,2
944,7,4,114
945,7,0,2
945,6,0,2
945,5,0,2
945,5,1,2
945,5,2,2
945,4,2,2
945,3,2,2
945,3,3,2
945,3,4,2
945,3,5,2
945,3,6,2
945,3,7,2
945,3,8,2
945,3,9,2
945,3,9,83
945,3,8,2
945,3,7,2
945,4,7,2
945,4,6,2
945,4,5,2
945,4,4,2
945,5,4,2
945,6,4,2
945,7,4,2
945,7,4,50
946,7,0,2
946,7,1,2
946,7,2,2
946,7,3,2
946,6,3,2
946,5,3,2
946,4,3,2
946,3,3,2
946,2,3,2
946,1,3,2
946,0,3,2
946,0,3,31
946,1,3,2
946,1,2,2
946,1,1,2
946,1,1,89
946,1,2,2
946,2,2,2
946,3,2,2
946,3,2,77
946,3,3,2
946,3,4,2
946,4,4,2
946,5,4,2
946,6,4,2
946,7,4,2
946,7,4,52
947,7,0,2
947,7,1,2
947,7,2,2
947,6,2,2
947,5,2,2
947,4,2,2
947,3,2,2
947,2,2,2
947,2,3,2
947,2,4,2
947,2,5,2
947,2,5,20
947,2,4,2
947,3,4,2
947,4,4,2
947,5,4,2
947,6,4,2
947,7,4,2
947,7,4,68
948,7,0,2
948,7,1,2
948,7,2,2
948,6,2,2
948,6,3,2
948,6,4,2
948,6,5,2
948,5,5,2
948,5,6,2
948,5,7,2
948,5,8,2
948,5,9,2
948,5,9,44
948,5,8,2
948,6,8,2
948,6,7,2
948,7,7,2
948,7,6,2
948,7,5,2
948,7,4,2
948,7,4,62
949,7,0,2
949,7,1,2
949,6,1,2
949,6,2,2
949,5,2,2
949,4,2,2
949,4,3,2
949,4,4,2
949,4,5,2
949,4,5,62
949,3,5,2
949,3,4,2
949,3,4,26
949,4,4,2
949,5,4,2
949,6,4,2
949,7,4,2
949,7,4,111
950,7,0,2
950,6,0,2
950,6,0,23
950,5,0,2
950,5,1,2
950,5,2,2
950,4,2,2
950,3,2,2
950,2,2,2
950,2,2,61
950,2,3,2
950,3,3,2
950,3,4,2
950,4,4,2
950,5,4,2
950,6,4,2
950,7,4,2
950,7,4,70
951,7,0,2
951,6,0,2
951,5,0,2
951,4,0,2
951,3,0,2
951,2,0,2
951,1,0,2
951,1,1,2
951,0,1,2
951,0,2,2
951,0,3,2
951,0,4,2
951,0,5,2
951,0,6,2
951,0,7,2
951,0,8,2
951,0,8,42
951,0,7,2
951,0,6,2
951,1,6,2
951,2,6,2
951,3,6,2
951,3,5,2
951,3,4,2
951,3,3,2
951,3,2,2
951,3,1,2
951,3,1,71
951,3,2,2
951,4,2,2
951,4,3,2
951,4,3,78
951,4,4,2
951,5,4,2
951,6,4,2
951,7,4,2
951,7,4,113
952,7,0,2
952,6,0,2
952,5,0,2
952,4,0,2
952,3,0,2
952,2,0,2
952,1,0,2
952,1,0,56
952,1,1,2
952,2,1,2
952,3,1,2
952,3,2,2
952,4,2,2
952,4,3,2
952,4,4,2
952,5,4,2
952,6,4,2
952,7,4,2
952,7,4,87
953,7,0,2
953,7,1,2
953,7,2,2
953,6,2,2
953,6,2,47
953,5,2,2
953,4,2,2
953,3,2,2
953,2,2,2
953,2,3,2
953,2,4,2
953,2,5,2
953,2,6,2
953,2,6,36
953,3,6,2
953,4,6,2
953,5,6,2
953,6,6,2
953,6,6,32
953,6,5,2
953,5,5,2
953,4,5,2
953,4,4,2
953,4,3,2
953,4,2,2
953,3,2,2
953,3,1,2
953,3,0,2
953,2,0,2
953,1,0,2
953,1,0,82
953,1,1,2
953,2,1,2
953,3,1,2
953,4,1,2
953,5,1,2
953,6,1,2
953,6,1,50
953,7,1,2
953,7,2,2
953,7,3,2
953,7,4,2
953,7,4,51
954,7,0,2
954,6,0,2
954,5,0,2
954,4,0,2
954,3,0,2
954,2,0,2
954,2,0,88
954,1,0,2
954,1,1,2
954,1,2,2
954,1,3,2
954,1,4,2
954,1,4,79
954,2,4,2
954,3,4,2
954,4,4,2
954,5,4,2
954,6,4,2
954,7,4,2
954,7,4,98
955,7,0,2
955,7,1,2
955,6,1,2
955,5,1,2
955,4,1,2
955,4,1,24
955,5,1,2
955,5,2,2
955,6,2,2
955,6,3,2
955,6,4,2
955,6,5,2
955,6,6,2
955,6,6,49
955,6,5,2
955,6,4,2
955,6,3,2
955,6,2,2
955,6,1,2
955,6,1,21
955,7,1,2
955,7,2,2
955,7,3,2
955,7,4,2
955,7,4,55
956,7,0,2
956,6,0,2
956,5,0,2
956,4,0,2
956,3,0,2
956,2,0,2
956,1,0,2
956,0,0,2
956,0,0,73
956,0,1,2
956,1,1,2
956,1,2,2
956,2,2,2
956,2,3,2
956,3,3,2
956,4,3,2
956,4,4,2
956,5,4,2
956,6,4,2
956,7,4,2
956,7,4,47
957,7,0,2
957,7,1,2
957,7,2,2
957,6,2,2
957,6,3,2
957,5,3,2
957,5,4,2
957,5,5,2
957,5,6,2
957,4,6,2
957,3,6,2
957,3,6,28
957,4,6,2
957,5,6,2
957,6,6,2
957,6,5,2
957,7,5,2
957,7,4,2
957,7,4,33
958,7,0,2
958,6,0,2
958,6,0,77
958,7,0,2
958,7,1,2
958,7,2,2
958,7,3,2
958,7,4,2
958,7,4,45
959,7,0,2
959,7,1,2
959,6,1,2
959,6,2,2
959,6,3,2
959,6,3,81
959,5,3,2
959,5,4,2
959,4,4,2
959,3,4,2
959,2,4,2
959,2,4,50
959,2,5,2
959,2,6,2
959,2,7,2
959,2,8,2
959,3,8,2
959,3,9,2
959,4,9,2
959,5,9,2
959,5,9,49
959,4,9,2
959,4,8,2
959,4,7,2
959,3,7,2
959,2,7,2
959,1,7,2
959,1,6,2
959,1,5,2
959,1,5,23
959,1,4,2
959,2,4,2
959,3,4,2
959,4,4,2
959,5,4,2
959,6,4,2
959,7,4,2
959,7,4,71
960,7,0,2
960,6,0,2
960,5,0,2
960,5,1,2
960,4,1,2
960,3,1,2
960,2,1,2
960,1,1,2
960,0,1,2
960,0,1,50
960,0,2,2
960,0,3,2
960,0,4,2
960,0,5,2
960,0,5,58
960,0,4,2
960,0,3,2
960,0,3,38
960,1,3,2
960,2,3,2
960,3,3,2
960,3,4,2
960,4,4,2
960,5,4,2
960,6,4,2
960,7,4,2
960,7,4,37
961,7,0,2
961,6,0,2
961,6,0,28
961,5,0,2
961,4,0,2
961,3,0,2
961,2,0,2
961,1,0,2
961,1,0,23
961,0,0,2
961,0,1,2
961,0,2,2
961,0,3,2
961,0,4,2
961,0,5,2
961,0,6,2
961,0,7,2
961,0,8,2
961,0,8,51
961,1,8,2
961,2,8,2
961,3,8,2
961,3,7,2
961,4,7,2
961,4,6,2
961,4,5,2
961,5,5,2
961,5,4,2
961,6,4,2
961,7,4,2
961,7,4,65
962,7,0,2
962,6,0,2
962,5,0,2
962,5,1,2
962,5,2,2
962,5,2,86
962,5,3,2
962,5,4,2
962,4,4,2
962,3,4,2
962,2,4,2
962,2,5,2
962,1,5,2
962,0,5,2
962,0,5,45
962,1,5,2
962,2,5,2
962,2,4,2
962,2,3,2
962,2,2,2
962,2,2,70
962,3,2,2
962,3,3,2
962,3,4,2
962,3,5,2
962,3,6,2
962,3,6,52
962,4,6,2
962,4,5,2
962,4,4,2
962,5,4,2
962,6,4,2
962,7,4,2
962,7,4,51
963,7,0,2
963,6,0,2
963,5,0,2
963,5,0,44
963,5,1,2
963,5,2,2
963,5,3,2
963,5,4,2
963,6,4,2
963,7,4,2
963,7,4,44
964,7,0,2
964,6,0,2
964,6,1,2
964,5,1,2
964,4,1,2
964,3,1,2
964,3,2,2
964,3,3,2
964,3,4,2
964,3,5,2
964,2,5,2
964,2,6,2
964,2,7,2
964,1,7,2
964,1,7,75
964,2,7,2
964,3,7,2
964,3,6,2
964,3,5,2
964,3,4,2
964,3,3,2
964,3,3,54
964,3,4,2
964,2,4,2
964,2,5,2
964,1,5,2
964,0,5,2
964,0,5,71
964,0,4,2
964,0,3,2
964,1,3,2
964,1,2,2
964,2,2,2
964,3,2,2
964,4,2,2
964,4,1,2
964,4,0,2
964,4,0,60
964,3,0,2
964,3,1,2
964,2,1,2
964,2,2,2
964,1,2,2
964,1,3,2
964,1,4,2
964,1,5,2
964,1,6,2
964,1,7,2
964,1,8,2
964,1,9,2
964,1,9,89
964,1,8,2
964,2,8,2
964,2,7,2
964,2,6,2
964,3,6,2
964,3,5,2
964,3,4,2
964,4,4,2
964,5,4,2
964,6,4,2
964,7,4,2
964,7,4,41
965,7,0,2
965,7,1,2
965,6,1,2
965,5,1,2
965,4,1,2
965,3,1,2
965,2,1,2
965,1,1,2
965,0,1,2
965,0,1,70
965,0,2,2
965,1,2,2
965,2,2,2
965,3,2,2
965,4,2,2
965,5,2,2
965,5,2,53
965,5,3,2
965,4,3,2
965,4,4,2
965,3,4,2
965,2,4,2
965,2,5,2
965,2,6,2
965,2,7,2
965,2,8,2
965,2,8,31
965,2,7,2
965,2,6,2
965,2,5,2
965,2,4,2
965,3,4,2
965,4,4,2
965,5,4,2
965,6,4,2
965,7,4,2
965,7,4,89
966,7,0,2
966,7,1,2
966,7,2,2
966,6,2,2
966,6,3,2
966,6,4,2
966,6,5,2
966,5,5,2
966,5,6,2
966,5,7,2
966,5,8,2
966,5,8,73
966,4,8,2
966,3,8,2
966,2,8,2
966,2,7,2
966,1,7,2
966,0,7,2
966,0,6,2
966,0,5,2
966,0,4,2
966,0,3,2
966,0,2,2
966,0,1,2
966,0,0,2
966,0,0,21
966,0,1,2
966,1,1,2
966,2,1,2
966,2,2,2
966,2,3,2
966,3,3,2
966,3,4,2
966,3,5,2
966,3,6,2
966,3,6,80
966,3,5,2
966,3,4,2
966,4,4,2
966,5,4,2
966,6,4,2
966,7,4,2
966,7,4,111
967,7,0,2
967,7,1,2
967,7,2,2
967,6,2,2
967,5,2,2
967,5,3,2
967,5,4,2
967,4,4,2
967,4,5,2
967,4,6,2
967,4,6,66
967,4,5,2
967,4,4,2
967,3,4,2
967,3,3,2
967,3,2,2
967,3,1,2
967,3,0,2
967,3,0,75
967,3,1,2
967,3,2,2
967,3,3,2
967,3,4,2
967,4,4,2
967,5,4,2
967,6,4,2
967,7,4,2
967,7,4,68
968,7,0,2
968,6,0,2
968,5,0,2
968,4,0,2
968,3,0,2
968,2,0,2
968,1,0,2
968,0,0,2
968,0,0,69
968,0,1,2
968,0,2,2
968,1,2,2
968,2,2,2
968,3,2,2
968,3,3,2
968,4,3,2
968,5,3,2
968,5,3,37
968,6,3,2
968,6,4,2
968,7,4,2
968,7,4,41
969,7,0,2
969,7,1,2
969,7,2,2
969,6,2,2
969,6,3,2
969,6,4,2
969,5,4,2
969,5,5,2
969,5,6,2
969,5,6,67
969,4,6,2
969,3,6,2
969,2,6,2
969,2,5,2
969,2,4,2
969,2,3,2
969,2,2,2
969,1,2,2
969,1,1,2
969,1,1,77
969,1,2,2
969,2,2,2
969,2,3,2
969,2,3,56
969,3,3,2
969,4,3,2
969,4,4,2
969,4,5,2
969,4,6,2
969,4,6,45
969,4,5,2
969,4,4,2
969,5,4,2
969,6,4,2
969,7,4,2
969,7,4,101
970,7,0,2
970,7,1,2
970,6,1,2
970,5,1,2
970,4,1,2
970,4,2,2
970,3,2,2
970,3,2,60
970,2,2,2
970,2,1,2
970,1,1,2
970,1,0,2
970,1,0,36
970,2,0,2
970,2,1,2
970,2,2,2
970,3,2,2
970,3,3,2
970,3,4,2
970,4,4,2
970,5,4,2
970,6,4,2
970,7,4,2
970,7,4,65
971,7,0,2
971,6,0,2
971,6,1,2
971,5,1,2
971,4,1,2
971,3,1,2
971,2,1,2
971,1,1,2
971,0,1,2
971,0,1,83
971,1,1,2
971,1,2,2
971,2,2,2
971,2,3,2
971,2,4,2
971,3,4,2
971,4,4,2
971,5,4,2
971,6,4,2
971,7,4,2
971,7,4,47
972,7,0,2
972,6,0,2
972,6,1,2
972,6,2,2
972,6,3,2
972,6,4,2
972,6,5,2
972,6,6,2
972,6,7,2
972,6,8,2
972,6,9,2
972,6,9,48
972,6,8,2
972,6,7,2
972,6,7,55
972,6,6,2
972,6,5,2
972,6,4,2
972,6,4,27
972,5,4,2
972,4,4,2
972,3,4,2
972,3,3,2
972,3,2,2
972,2,2,2
972,1,2,2
972,1,2,73
972,2,2,2
972,3,2,2
972,4,2,2
972,5,2,2
972,5,3,2
972,6,3,2
972,7,3,2
972,7,4,2
972,7,4,45
973,7,0,2
973,6,0,2
973,6,1,2
973,5,1,2
973,4,1,2
973,4,2,2
973,4,3,2
973,3,3,2
973,2,3,2
973,2,3,52
973,2,4,2
973,2,5,2
973,2,6,2
973,3,6,2
973,4,6,2
973,5,6,2
973,5,7,2
973,5,8,2
973,6,8,2
973,6,9,2
973,6,9,65
973,5,9,2
973,5,8,2
973,5,7,2
973,4,7,2
973,4,6,2
973,4,5,2
973,3,5,2
973,2,5,2
973,2,4,2
973,2,3,2
973,2,2,2
973,2,2,87
973,1,2,2
973,1,1,2
973,1,1,27
973,2,1,2
973,3,1,2
973,4,1,2
973,5,1,2
973,5,2,2
973,5,3,2
973,6,3,2
973,6,4,2
973,7,4,2
973,7,4,66
974,7,0,2
974,6,0,2
974,5,0,2
974,4,0,2
974,3,0,2
974,2,0,2
974,2,1,2
974,2,2,2
974,1,2,2
974,1,3,2
974,0,3,2
974,0,4,2
974,0,5,2
974,0,6,2
974,0,7,2
974,0,7,47
974,1,7,2
974,1,6,2
974,2,6,2
974,2,5,2
974,2,4,2
974,2,3,2
974,2,3,28
974,3,3,2
974,3,4,2
974,4,4,2
974,5,4,2
974,6,4,2
974,7,4,2
974,7,4,73
975,7,0,2
975,6,0,2
975,5,0,2
975,4,0,2
975,3,0,2
975,2,0,2
975,1,0,2
975,1,0,50
975,1,1,2
975,1,2,2
975,2,2,2
975,2,3,2
975,3,3,2
975,4,3,2
975,4,3,71
975,3,3,2
975,2,3,2
975,1,3,2
975,0,3,2
975,0,3,63
975,1,3,2
975,2,3,2
975,2,4,2
975,3,4,2
975,4,4,2
975,5,4,2
975,6,4,2
975,7,4,2
975,7,4,118
976,7,0,2
976,7,1,2
976,6,1,2
976,5,1,2
976,4,1,2
976,4,2,2
976,3,2,2
976,3,3,2
976,3,4,2
976,2,4,2
976,2,5,2
976,2,6,2
976,2,7,2
976,2,8,2
976,2,8,54
976,1,8,2
976,1,7,2
976,1,6,2
976,1,6,33
976,1,5,2
976,1,4,2
976,0,4,2
976,0,3,2
976,0,2,2
976,0,1,2
976,0,1,23
976,1,1,2
976,1,0,2
976,2,0,2
976,3,0,2
976,3,0,58
976,2,0,2
976,2,1,2
976,2,2,2
976,1,2,2
976,1,3,2
976,1,4,2
976,1,5,2
976,1,5,87
976,1,4,2
976,2,4,2
976,3,4,2
976,4,4,2
976,5,4,2
976,6,4,2
976,7,4,2
976,7,4,48
977,7,0,2
977,7,1,2
977,6,1,2
977,5,1,2
977,4,1,2
977,3,1,2
977,2,1,2
977,1,1,2
977,1,1,24
977,1,2,2
977,2,2,2
977,3,2,2
977,4,2,2
977,5,2,2
977,6,2,2
977,6,2,75
977,6,3,2
977,6,4,2
977,7,4,2
977,7,4,75
978,7,0,2
978,6,0,2
978,6,1,2
978,6,2,2
978,5,2,2
978,5,3,2
978,5,4,2
978,5,5,2
978,5,6,2
978,5,7,2
978,5,7,59
978,5,6,2
978,5,5,2
978,6,5,2
978,6,4,2
978,7,4,2
978,7,4,111
979,7,0,2
979,6,0,2
979,6,1,2
979,5,1,2
979,5,2,2
979,5,3,2
979,4,3,2
979,3,3,2
979,2,3,2
979,1,3,2
979,0,3,2
979,0,3,27
979,0,4,2
979,0,5,2
979,0,6,2
979,0,7,2
979,1,7,2
979,1,7,46
979,1,6,2
979,1,5,2
979,1,4,2
979,2,4,2
979,3,4,2
979,4,4,2
979,5,4,2
979,6,4,2
979,7,4,2
979,7,4,76
980,7,0,2
980,6,0,2
980,5,0,2
980,4,0,2
980,4,0,83
980,3,0,2
980,2,0,2
980,1,0,2
980,0,0,2
980,0,0,22
980,1,0,2
980,1,1,2
980,2,1,2
980,3,1,2
980,3,2,2
980,4,2,2
980,5,2,2
980,5,3,2
980,6,3,2
980,6,4,2
980,7,4,2
980,7,4,70
981,7,0,2
981,6,0,2
981,5,0,2
981,5,1,2
981,4,1,2
981,4,2,2
981,4,3,2
981,3,3,2
981,3,3,83
981,2,3,2
981,2,2,2
981,2,2,46
981,1,2,2
981,1,3,2
981,1,3,36
981,1,4,2
981,2,4,2
981,3,4,2
981,4,4,2
981,5,4,2
981,6,4,2
981,7,4,2
981,7,4,56
982,7,0,2
982,6,0,2
982,6,1,2
982,5,1,2
982,4,1,2
982,4,2,2
982,3,2,2
982,3,3,2
982,3,4,2
982,2,4,2
982,2,5,2
982,1,5,2
982,0,5,2
982,0,5,47
982,1,5,2
982,2,5,2
982,3,5,2
982,3,4,2
982,4,4,2
982,5,4,2
982,6,4,2
982,7,4,2
982,7,4,38
983,7,0,2
983,7,1,2
983,6,1,2
983,5,1,2
983,5,2,2
983,5,3,2
983,5,4,2
983,4,4,2
983,3,4,2
983,2,4,2
983,2,5,2
983,1,5,2
983,0,5,2
983,0,6,2
983,0,6,56
983,1,6,2
983,2,6,2
983,2,5,2
983,3,5,2
983,4,5,2
983,5,5,2
983,6,5,2
983,6,4,2
983,7,4,2
983,7,4,40
984,7,0,2
984,6,0,2
984,5,0,2
984,4,0,2
984,3,0,2
984,2,0,2
984,1,0,2
984,0,0,2
984,0,0,52
984,0,1,2
984,1,1,2
984,2,1,2
984,2,2,2
984,2,3,2
984,3,3,2
984,3,4,2
984,3,5,2
984,3,6,2
984,3,7,2
984,3,7,60
984,2,7,2
984,2,6,2
984,2,5,2
984,2,4,2
984,1,4,2
984,1,4,63
984,2,4,2
984,3,4,2
984,4,4,2
984,5,4,2
984,6,4,2
984,7,4,2
984,7,4,94
985,7,0,2
985,7,1,2
985,7,2,2
985,7,3,2
985,6,3,2
985,5,3,2
985,4,3,2
985,4,4,2
985,4,5,2
985,3,5,2
985,2,5,2
985,1,5,2
985,1,5,40
985,2,5,2
985,2,6,2
985,2,7,2
985,3,7,2
985,4,7,2
985,5,7,2
985,5,7,26
985,6,7,2
985,6,6,2
985,7,6,2
985,7,5,2
985,7,4,2
985,7,4,31
986,7,0,2
986,6,0,2
986,6,1,2
986,5,1,2
986,4,1,2
986,4,2,2
986,3,2,2
986,3,2,34
986,2,2,2
986,2,3,2
986,2,3,41
986,2,2,2
986,1,2,2
986,0,2,2
986,0,1,2
986,0,1,40
986,0,2,2
986,1,2,2
986,1,3,2
986,1,4,2
986,2,4,2
986,3,4,2
986,4,4,2
986,4,5,2
986,5,5,2
986,6,5,2
986,6,5,62
986,7,5,2
986,7,4,2
986,7,4,116
987,7,0,2
987,7,1,2
987,7,2,2
987,6,2,2
987,5,2,2
987,5,3,2
987,4,3,2
987,4,4,2
987,4,5,2
987,3,5,2
987,3,6,2
987,3,7,2
987,2,7,2
987,1,7,2
987,1,8,2
987,0,8,2
987,0,8,29
987,0,7,2
987,1,7,2
987,1,6,2
987,1,5,2
987,2,5,2
987,2,4,2
987,3,4,2
987,4,4,2
987,5,4,2
987,6,4,2
987,7,4,2
987,7,4,83
988,7,0,2
988,6,0,2
988,5,0,2
988,4,0,2
988,3,0,2
988,2,0,2
988,2,0,63
988,1,0,2
988,0,0,2
988,0,0,81
988,0,1,2
988,1,1,2
988,1,2,2
988,1,3,2
988,1,4,2
988,1,5,2
988,1,6,2
988,1,6,53
988,2,6,2
988,2,7,2
988,3,7,2
988,4,7,2
988,4,7,88
988,3,7,2
988,3,8,2
988,3,8,27
988,3,7,2
988,2,7,2
988,2,6,2
988,1,6,2
988,1,5,2
988,1,4,2
988,1,4,74
988,1,3,2
988,0,3,2
988,0,2,2
988,0,2,25
988,0,3,2
988,0,4,2
988,1,4,2
988,2,4,2
988,3,4,2
988,4,4,2
988,5,4,2
988,6,4,2
988,7,4,2
988,7,4,101
989,7,0,2
989,6,0,2
989,5,0,2
989,4,0,2
989,4,1,2
989,4,2,2
989,3,2,2
989,3,2,77
989,3,3,2
989,4,3,2
989,5,3,2
989,5,4,2
989,6,4,2
989,7,4,2
989,7,4,104
990,7,0,2
990,7,1,2
990,7,2,2
990,6,2,2
990,5,2,2
990,4,2,2
990,4,3,2
990,4,4,2
990,4,4,47
990,5,4,2
990,6,4,2
990,7,4,2
990,7,4,40
991,7,0,2
991,6,0,2
991,6,1,2
991,6,1,86
991,6,2,2
991,7,2,2
991,7,3,2
991,7,4,2
991,7,4,119
992,7,0,2
992,7,1,2
992,6,1,2
992,5,1,2
992,4,1,2
992,3,1,2
992,2,1,2
992,1,1,2
992,0,1,2
992,0,1,70
992,0,2,2
992,0,3,2
992,1,3,2
992,1,4,2
992,2,4,2
992,3,4,2
992,4,4,2
992,5,4,2
992,6,4,2
992,7,4,2
992,7,4,30
993,7,0,2
993,7,1,2
993,6,1,2
993,6,2,2
993,5,2,2
993,5,3,2
993,4,3,2
993,4,4,2
993,3,4,2
993,2,4,2
993,2,4,79
993,1,4,2
993,1,3,2
993,1,2,2
993,1,1,2
993,1,1,74
993,1,2,2
993,2,2,2
993,2,3,2
993,2,4,2
993,3,4,2
993,4,4,2
993,5,4,2
993,6,4,2
993,6,4,41
993,7,4,2
993,7,4,67
994,7,0,2
994,6,0,2
994,6,1,2
994,5,1,2
994,4,1,2
994,4,2,2
994,4,3,2
994,4,4,2
994,4,5,2
994,4,5,27
994,4,4,2
994,3,4,2
994,2,4,2
994,2,3,2
994,2,2,2
994,2,1,2
994,1,1,2
994,1,1,60
994,1,0,2
994,2,0,2
994,3,0,2
994,4,0,2
994,4,0,38
994,5,0,2
994,5,1,2
994,6,1,2
994,7,1,2
994,7,2,2
994,7,3,2
994,7,4,2
994,7,4,33
995,7,0,2
995,7,1,2
995,7,2,2
995,6,2,2
995,5,2,2
995,5,3,2
995,5,4,2
995,4,4,2
995,3,4,2
995,3,5,2
995,2,5,2
995,2,5,41
995,2,6,2
995,1,6,2
995,1,7,2
995,1,8,2
995,0,8,2
995,0,9,2
995,0,9,75
995,1,9,2
995,1,8,2
995,1,7,2
995,1,6,2
995,2,6,2
995,2,5,2
995,3,5,2
995,4,5,2
995,4,5,41
995,3,5,2
995,3,6,2
995,2,6,2
995,1,6,2
995,1,7,2
995,1,7,85
995,0,7,2
995,0,6,2
995,0,5,2
995,0,4,2
995,0,3,2
995,0,2,2
995,0,1,2
995,0,0,2
995,0,0,67
995,0,1,2
995,0,2,2
995,0,3,2
995,0,4,2
995,1,4,2
995,2,4,2
995,3,4,2
995,4,4,2
995,5,4,2
995,6,4,2
995,7,4,2
995,7,4,65
996,7,0,2
996,6,0,2
996,6,1,2
996,6,2,2
996,6,2,51
996,6,3,2
996,5,3,2
996,4,3,2
996,4,4,2
996,3,4,2
996,2,4,2
996,1,4,2
996,0,4,2
996,0,4,26
996,1,4,2
996,2,4,2
996,3,4,2
996,4,4,2
996,5,4,2
996,6,4,2
996,7,4,2
996,7,4,102
997,7,0,2
997,6,0,2
997,6,1,2
997,5,1,2
997,5,2,2
997,4,2,2
997,3,2,2
997,2,2,2
997,2,3,2
997,2,4,2
997,2,5,2
997,2,6,2
997,2,7,2
997,2,8,2
997,2,9,2
997,2,9,49
997,2,8,2
997,2,7,2
997,3,7,2
997,4,7,2
997,5,7,2
997,5,6,2
997,5,5,2
997,6,5,2
997,7,5,2
997,7,4,2
997,7,4,98
998,7,0,2
998,6,0,2
998,6,1,2
998,6,2,2
998,6,3,2
998,6,4,2
998,6,4,80
998,7,4,2
998,7,4,37
999,7,0,2
999,7,1,2
999,7,2,2
999,7,3,2
999,6,3,2
999,6,4,2
999,6,5,2
999,6,6,2
999,6,6,45
999,6,7,2
999,5,7,2
999,5,8,2
999,5,9,2
999,4,9,2
999,3,9,2
999,2,9,2
999,2,9,31
999,2,8,2
999,3,8,2
999,4,8,2
999,5,8,2
999,6,8,2
999,6,7,2
999,6,6,2
999,6,5,2
999,6,4,2
999,7,4,2
999,7,4,63
1000,7,0,2
1000,6,0,2
1000,5,0,2
1000,4,0,2
1000,3,0,2
1000,3,1,2
1000,3,2,2
1000,2,2,2
1000,1,2,2
1000,1,3,2
1000,1,4,2
1000,1,5,2
1000,1,6,2
1000,1,7,2
1000,1,8,2
1000,1,9,2
1000,1,9,79
1000,0,9,2
1000,0,8,2
1000,0,7,2
1000,0,6,2
1000,0,5,2
1000,0,4,2
1000,0,3,2
1000,0,3,30
1000,1,3,2
1000,2,3,2
1000,2,4,2
1000,3,4,2
1000,4,4,2
1000,5,4,2
1000,6,4,2
1000,7,4,2
1000,7,4,45
1001,7,0,2
1001,7,1,2
1001,6,1,2
1001,6,2,2
1001,6,3,2
1001,6,4,2
1001,6,5,2
1001,6,6,2
1001,6,7,2
1001,6,7,77
1001,5,7,2
1001,4,7,2
1001,3,7,2
1001,3,6,2
1001,3,5,2
1001,3,4,2
1001,3,3,2
1001,3,3,26
1001,2,3,2
1001,1,3,2
1001,0,3,2
1001,0,3,83
1001,1,3,2
1001,1,2,2
1001,1,1,2
1001,1,0,2
1001,1,0,44
1001,1,1,2
1001,1,2,2
1001,1,3,2
1001,1,4,2
1001,1,4,35
1001,2,4,2
1001,3,4,2
1001,4,4,2
1001,5,4,2
1001,6,4,2
1001,7,4,2
1001,7,4,81
1002,7,0,2
1002,6,0,2
1002,5,0,2
1002,5,1,2
1002,5,2,2
1002,4,2,2
1002,4,3,2
1002,4,4,2
1002,4,5,2
1002,4,6,2
1002,4,7,2
1002,4,8,2
1002,4,9,2
1002,3,9,2
1002,2,9,2
1002,1,9,2
1002,0,9,2
1002,0,9,84
1002,0,8,2
1002,0,7,2
1002,0,6,2
1002,0,5,2
1002,0,4,2
1002,0,4,85
1002,0,3,2
1002,0,2,2
1002,0,1,2
1002,0,0,2
1002,0,0,64
1002,1,0,2
1002,2,0,2
1002,3,0,2
1002,3,1,2
1002,3,2,2
1002,3,3,2
1002,4,3,2
1002,4,4,2
1002,5,4,2
1002,6,4,2
1002,7,4,2
1002,7,4,72
1003,7,0,2
1003,7,1,2
1003,7,2,2
1003,6,2,2
1003,6,3,2
1003,6,3,39
1003,6,4,2
1003,7,4,2
1003,7,4,31
1004,7,0,2
1004,7,1,2
1004,6,1,2
1004,5,1,2
1004,5,1,30
1004,4,1,2
1004,4,2,2
1004,3,2,2
1004,3,3,2
1004,3,4,2
1004,3,5,2
1004,3,6,2
1004,3,6,28
1004,4,6,2
1004,4,5,2
1004,4,4,2
1004,5,4,2
1004,6,4,2
1004,6,3,2
1004,6,2,2
1004,6,1,2
1004,6,1,69
1004,6,2,2
1004,7,2,2
1004,7,3,2
1004,7,4,2
1004,7,4,46
1005,7,0,2
1005,6,0,2
1005,6,1,2
1005,5,1,2
1005,4,1,2
1005,4,2,2
1005,4,3,2
1005,3,3,2
1005,3,4,2
1005,3,5,2
1005,3,6,2
1005,3,6,30
1005,2,6,2
1005,1,6,2
1005,1,6,64
1005,1,5,2
1005,1,4,2
1005,1,3,2
1005,1,3,87
1005,2,3,2
1005,3,3,2
1005,3,4,2
1005,4,4,2
1005,5,4,2
1005,6,4,2
1005,7,4,2
1005,7,4,44
1006,7,0,2
1006,6,0,2
1006,5,0,2
1006,4,0,2
1006,3,0,2
1006,3,1,2
1006,3,2,2
1006,2,2,2
1006,1,2,2
1006,1,3,2
1006,1,4,2
1006,1,4,55
1006,1,5,2
1006,1,6,2
1006,1,7,2
1006,1,8,2
1006,1,8,51
1006,2,8,2
1006,2,7,2
1006,2,6,2
1006,2,5,2
1006,2,4,2
1006,3,4,2
1006,4,4,2
1006,5,4,2
1006,6,4,2
1006,7,4,2
1006,7,4,88
1007,7,0,2
1007,7,1,2
1007,6,1,2
1007,5,1,2
1007,4,1,2
1007,4,2,2
1007,3,2,2
1007,3,3,2
1007,3,4,2
1007,2,4,2
1007,1,4,2
1007,0,4,2
1007,0,4,43
1007,0,3,2
1007,1,3,2
1007,1,2,2
1007,1,2,24
1007,1,1,2
1007,1,1,78
1007,1,2,2
1007,1,3,2
1007,2,3,2
1007,2,4,2
1007,3,4,2
1007,4,4,2
1007,5,4,2
1007,6,4,2
1007,7,4,2
1007,7,4,66
1008,7,0,2
1008,6,0,2
1008,5,0,2
1008,4,0,2
1008,3,0,2
1008,2,0,2
1008,1,0,2
1008,1,0,25
1008,1,1,2
1008,1,2,2
1008,1,3,2
1008,2,3,2
1008,2,4,2
1008,2,5,2
1008,3,5,2
1008,3,6,2
1008,3,7,2
1008,3,8,2
1008,3,9,2
1008,3,9,29
1008,4,9,2
1008,4,8,2
1008,5,8,2
1008,5,7,2
1008,6,7,2
1008,7,7,2
1008,7,6,2
1008,7,5,2
1008,7,4,2
1008,7,4,116
1009,7,0,2
1009,6,0,2
1009,6,1,2
1009,5,1,2
1009,4,1,2
1009,3,1,2
1009,3,2,2
1009,3,3,2
1009,3,4,2
1009,3,4,88
1009,2,4,2
1009,2,3,2
1009,2,2,2
1009,1,2,2
1009,1,1,2
1009,1,0,2
1009,1,0,88
1009,2,0,2
1009,2,1,2
1009,2,2,2
1009,2,2,58
1009,1,2,2
1009,1,3,2
1009,1,4,2
1009,1,5,2
1009,0,5,2
1009,0,5,79
1009,1,5,2
1009,1,4,2
1009,2,4,2
1009,3,4,2
1009,4,4,2
1009,5,4,2
1009,6,4,2
1009,7,4,2
1009,7,4,85
1010,7,0,2
1010,7,1,2
1010,7,2,2
1010,7,3,2
1010,7,4,2
1010,6,4,2
1010,5,4,2
1010,4,4,2
1010,3,4,2
1010,2,4,2
1010,1,4,2
1010,1,4,33
1010,0,4,2
1010,0,3,2
1010,0,2,2
1010,0,1,2
1010,0,1,21
1010,1,1,2
1010,1,2,2
1010,2,2,2
1010,2,3,2
1010,2,4,2
1010,2,5,2
1010,2,6,2
1010,2,7,2
1010,2,8,2
1010,2,8,27
1010,2,7,2
1010,3,7,2
1010,3,6,2
1010,3,5,2
1010,3,4,2
1010,3,4,24
1010,4,4,2
1010,5,4,2
1010,6,4,2
1010,7,4,2
1010,7,4,90
1011,7,0,2
1011,7,1,2
1011,6,1,2
1011,5,1,2
1011,4,1,2
1011,3,1,2
1011,2,1,2
1011,1,1,2
1011,1,1,36
1011,1,2,2
1011,2,2,2
1011,2,2,74
1011,3,2,2
1011,4,2,2
1011,5,2,2
1011,5,3,2
1011,6,3,2
1011,6,4,2
1011,7,4,2
1011,7,4,115
1012,7,0,2
1012,6,0,2
1012,5,0,2
1012,4,0,2
1012,3,0,2
1012,3,1,2
1012,3,2,2
1012,3,3,2
1012,3,4,2
1012,3,5,2
1012,3,6,2
1012,3,7,2
1012,3,8,2
1012,3,8,76
1012,3,7,2
1012,2,7,2
1012,2,6,2
1012,1,6,2
1012,1,5,2
1012,1,4,2
1012,1,4,31
1012,1,5,2
1012,1,6,2
1012,1,7,2
1012,1,7,36
1012,1,6,2
1012,1,5,2
1012,2,5,2
1012,2,4,2
1012,3,4,2
1012,4,4,2
1012,5,4,2
1012,6,4,2
1012,7,4,2
1012,7,4,114
1013,7,0,2
1013,6,0,2
1013,6,1,2
1013,6,2,2
1013,6,3,2
1013,6,4,2
1013,5,4,2
1013,4,4,2
1013,4,4,41
1013,4,5,2
1013,4,6,2
1013,3,6,2
1013,3,7,2
1013,2,7,2
1013,2,7,21
1013,2,6,2
1013,2,5,2
1013,3,5,2
1013,3,4,2
1013,4,4,2
1013,5,4,2
1013,6,4,2
1013,7,4,2
1013,7,4,42
1014,7,0,2
1014,7,1,2
1014,7,2,2
1014,6,2,2
1014,6,3,2
1014,6,4,2
1014,5,4,2
1014,5,4,38
1014,5,5,2
1014,4,5,2
1014,3,5,2
1014,2,5,2
1014,1,5,2
1014,0,5,2
1014,0,5,43
1014,0,4,2
1014,0,3,2
1014,1,3,2
1014,1,2,2
1014,1,1,2
1014,1,0,2
1014,1,0,22
1014,1,1,2
1014,1,2,2
1014,1,3,2
1014,2,3,2
1014,3,3,2
1014,3,4,2
1014,4,4,2
1014,5,4,2
1014,6,4,2
1014,7,4,2
1014,7,4,117
1015,7,0,2
1015,7,1,2
1015,6,1,2
1015,6,2,2
1015,6,3,2
1015,6,4,2
1015,6,4,75
1015,7,4,2
1015,7,4,50
1016,7,0,2
1016,6,0,2
1016,5,0,2
1016,4,0,2
1016,3,0,2
1016,2,0,2
1016,1,0,2
1016,0,0,2
1016,0,0,21
1016,1,0,2
1016,1,1,2
1016,1,2,2
1016,1,3,2
1016,1,4,2
1016,1,4,81
1016,2,4,2
1016,2,5,2
1016,2,6,2
1016,2,7,2
1016,2,8,2
1016,3,8,2
1016,4,8,2
1016,4,8,34
1016,5,8,2
1016,5,7,2
1016,5,6,2
1016,6,6,2
1016,6,5,2
1016,7,5,2
1016,7,4,2
1016,7,4,58
1017,7,0,2
1017,7,1,2
1017,6,1,2
1017,5,1,2
1017,5,2,2
1017,4,2,2
1017,4,3,2
1017,3,3,2
1017,3,4,2
1017,2,4,2
1017,2,5,2
1017,1,5,2
1017,0,5,2
1017,0,5,77
1017,0,4,2
1017,1,4,2
1017,2,4,2
1017,3,4,2
1017,4,4,2
1017,5,4,2
1017,6,4,2
1017,7,4,2
1017,7,4,82
1018,7,0,2
1018,7,1,2
1018,6,1,2
1018,5,1,2
1018,4,1,2
1018,4,1,42
1018,4,2,2
1018,5,2,2
1018,5,3,2
1018,5,4,2
1018,6,4,2
1018,7,4,2
1018,7,4,99
1019,7,0,2
1019,7,1,2
1019,7,2,2
1019,6,2,2
1019,5,2,2
1019,4,2,2
1019,3,2,2
1019,2,2,2
1019,1,2,2
1019,0,2,2
1019,0,2,89
1019,1,2,2
1019,1,3,2
1019,1,4,2
1019,1,5,2
1019,2,5,2
1019,2,6,2
1019,3,6,2
1019,4,6,2
1019,4,6,58
1019,4,7,2
1019,5,7,2
1019,5,8,2
1019,6,8,2
1019,6,9,2
1019,6,9,65
1019,5,9,2
1019,5,8,2
1019,4,8,2
1019,3,8,2
1019,3,7,2
1019,3,6,2
1019,2,6,2
1019,1,6,2
1019,1,5,2
1019,1,4,2
1019,1,3,2
1019,1,2,2
1019,1,1,2
1019,1,1,39
1019,2,1,2
1019,3,1,2
1019,3,2,2
1019,4,2,2
1019,4,3,2
1019,5,3,2
1019,6,3,2
1019,7,3,2
1019,7,4,2
1019,7,4,45
1020,7,0,2
1020,7,1,2
1020,6,1,2
1020,5,1,2
1020,5,2,2
1020,5,3,2
1020,5,4,2
1020,5,5,2
1020,5,6,2
1020,5,7,2
1020,5,7,70
1020,4,7,2
1020,4,6,2
1020,4,5,2
1020,3,5,2
1020,3,4,2
1020,3,3,2
1020,2,3,2
1020,1,3,2
1020,0,3,2
1020,0,2,2
1020,0,1,2
1020,0,1,33
1020,0,2,2
1020,0,3,2
1020,0,4,2
1020,1,4,2
1020,2,4,2
1020,3,4,2
1020,4,4,2
1020,5,4,2
1020,6,4,2
1020,7,4,2
1020,7,4,59
1021,7,0,2
1021,6,0,2
1021,6,0,80
1021,5,0,2
1021,5,1,2
1021,5,2,2
1021,5,3,2
1021,5,4,2
1021,5,5,2
1021,5,6,2
1021,5,7,2
1021,5,8,2
1021,5,9,2
1021,5,9,59
1021,4,9,2
1021,4,8,2
1021,3,8,2
1021,3,7,2
1021,2,7,2
1021,2,6,2
1021,2,5,2
1021,1,5,2
1021,1,4,2
1021,1,3,2
1021,1,2,2
1021,1,1,2
1021,1,0,2
1021,1,0,68
1021,1,1,2
1021,1,2,2
1021,2,2,2
1021,2,3,2
1021,3,3,2
1021,4,3,2
1021,5,3,2
1021,6,3,2
1021,6,4,2
1021,6,5,2
1021,6,5,25
1021,6,4,2
1021,7,4,2
1021,7,4,98
1022,7,0,2
1022,6,0,2
1022,5,0,2
1022,4,0,2
1022,4,1,2
1022,4,2,2
1022,4,3,2
1022,4,4,2
1022,4,5,2
1022,3,5,2
1022,2,5,2
1022,1,5,2
1022,1,5,45
1022,1,4,2
1022,1,3,2
1022,1,2,2
1022,1,1,2
1022,1,1,66
1022,2,1,2
1022,2,2,2
1022,2,3,2
1022,3,3,2
1022,3,4,2
1022,3,5,2
1022,3,5,32
1022,3,4,2
1022,4,4,2
1022,5,4,2
1022,6,4,2
1022,7,4,2
1022,7,4,66
1023,7,0,2
1023,6,0,2
1023,5,0,2
1023,4,0,2
1023,3,0,2
1023,3,0,62
1023,3,1,2
1023,3,2,2
1023,4,2,2
1023,5,2,2
1023,5,3,2
1023,6,3,2
1023,6,4,2
1023,7,4,2
1023,7,4,109
1024,7,0,2
1024,7,1,2
1024,6,1,2
1024,6,2,2
1024,6,3,2
1024,6,4,2
1024,6,5,2
1024,6,6,2
1024,6,7,2
1024,5,7,2
1024,4,7,2
1024,3,7,2
1024,2,7,2
1024,2,7,53
1024,2,6,2
1024,3,6,2
1024,4,6,2
1024,5,6,2
1024,6,6,2
1024,7,6,2
1024,7,5,2
1024,7,4,2
1024,7,4,89
1025,7,0,2
1025,6,0,2
1025,5,0,2
1025,5,1,2
1025,5,2,2
1025,4,2,2
1025,3,2,2
1025,3,3,2
1025,2,3,2
1025,2,4,2
1025,1,4,2
1025,1,5,2
1025,1,5,23
1025,1,4,2
1025,1,3,2
1025,1,2,2
1025,1,2,52
1025,2,2,2
1025,2,3,2
1025,3,3,2
1025,3,4,2
1025,3,5,2
1025,3,5,43
1025,3,4,2
1025,4,4,2
1025,5,4,2
1025,6,4,2
1025,7,4,2
1025,7,4,87
1026,7,0,2
1026,7,1,2
1026,6,1,2
1026,5,1,2
1026,4,1,2
1026,3,1,2
1026,2,1,2
1026,1,1,2
1026,1,1,23
1026,1,2,2
1026,2,2,2
1026,3,2,2
1026,4,2,2
1026,4,3,2
1026,4,4,2
1026,4,5,2
1026,4,6,2
1026,4,7,2
1026,4,7,75
1026,4,6,2
1026,4,5,2
1026,4,4,2
1026,4,3,2
1026,4,2,2
1026,4,1,2
1026,4,1,67
1026,4,2,2
1026,3,2,2
1026,3,3,2
1026,3,4,2
1026,3,5,2
1026,3,6,2
1026,3,7,2
1026,2,7,2
1026,2,7,40
1026,3,7,2
1026,3,6,2
1026,3,5,2
1026,4,5,2
1026,4,4,2
1026,5,4,2
1026,6,4,2
1026,7,4,2
1026,7,4,96
1027,7,0,2
1027,7,1,2
1027,6,1,2
1027,6,2,2
1027,5,2,2
1027,4,2,2
1027,3,2,2
1027,2,2,2
1027,1,2,2
1027,0,2,2
1027,0,2,29
1027,0,1,2
1027,0,1,68
1027,1,1,2
1027,2,1,2
1027,2,2,2
1027,3,2,2
1027,3,3,2
1027,3,4,2
1027,4,4,2
1027,5,4,2
1027,6,4,2
1027,7,4,2
1027,7,4,49
1028,7,0,2
1028,6,0,2
1028,6,1,2
1028,6,2,2
1028,5,2,2
1028,4,2,2
1028,3,2,2
1028,2,2,2
1028,1,2,2
1028,1,2,64
1028,1,3,2
1028,2,3,2
1028,3,3,2
1028,3,4,2
1028,3,5,2
1028,3,6,2
1028,4,6,2
1028,5,6,2
1028,5,7,2
1028,5,8,2
1028,5,9,2
1028,5,9,34
1028,4,9,2
1028,3,9,2
1028,3,8,2
1028,3,7,2
1028,3,6,2
1028,3,5,2
1028,3,4,2
1028,3,4,69
1028,3,3,2
1028,2,3,2
1028,2,2,2
1028,1,2,2
1028,1,1,2
1028,1,1,52
1028,2,1,2
1028,3,1,2
1028,4,1,2
1028,5,1,2
1028,6,1,2
1028,6,1,73
1028,7,1,2
1028,7,2,2
1028,7,3,2
1028,7,4,2
1028,7,4,98
1029,7,0,2
1029,6,0,2
1029,5,0,2
1029,4,0,2
1029,3,0,2
1029,2,0,2
1029,1,0,2
1029,0,0,2
1029,0,0,22
1029,0,1,2
1029,1,1,2
1029,1,2,2
1029,2,2,2
1029,2,3,2
1029,3,3,2
1029,4,3,2
1029,4,4,2
1029,5,4,2
1029,5,5,2
1029,5,6,2
1029,5,6,35
1029,5,5,2
1029,5,4,2
1029,6,4,2
1029,7,4,2
1029,7,4,73
1030,7,0,2
1030,6,0,2
1030,5,0,2
1030,4,0,2
1030,3,0,2
1030,2,0,2
1030,1,0,2
1030,1,0,25
1030,2,0,2
1030,2,1,2
1030,2,2,2
1030,2,3,2
1030,2,4,2
1030,2,5,2
1030,2,5,65
1030,2,4,2
1030,3,4,2
1030,4,4,2
1030,5,4,2
1030,6,4,2
1030,7,4,2
1030,7,4,41
1031,7,0,2
1031,6,0,2
1031,5,0,2
1031,4,0,2
1031,3,0,2
1031,3,1,2
1031,3,2,2
1031,3,2,66
1031,4,2,2
1031,5,2,2
1031,5,2,46
1031,5,3,2
1031,5,4,2
1031,6,4,2
1031,7,4,2
1031,7,4,60
1032,7,0,2
1032,7,1,2
1032,6,1,2
1032,6,2,2
1032,5,2,2
1032,4,2,2
1032,3,2,2
1032,2,2,2
1032,1,2,2
1032,1,2,28
1032,2,2,2
1032,3,2,2
1032,3,3,2
1032,3,4,2
1032,3,4,72
1032,4,4,2
1032,5,4,2
1032,6,4,2
1032,7,4,2
1032,7,4,62
1033,7,0,2
1033,7,1,2
1033,7,2,2
1033,7,3,2
1033,7,4,2
1033,7,5,2
1033,6,5,2
1033,5,5,2
1033,4,5,2
1033,3,5,2
1033,2,5,2
1033,1,5,2
1033,0,5,2
1033,0,5,46
1033,0,4,2
1033,0,3,2
1033,0,2,2
1033,0,1,2
1033,0,1,53
1033,0,2,2
1033,0,3,2
1033,1,3,2
1033,2,3,2
1033,2,4,2
1033,3,4,2
1033,4,4,2
1033,5,4,2
1033,6,4,2
1033,7,4,2
1033,7,4,61
1034,7,0,2
1034,7,1,2
1034,7,2,2
1034,6,2,2
1034,5,2,2
1034,5,3,2
1034,4,3,2
1034,4,4,2
1034,3,4,2
1034,2,4,2
1034,1,4,2
1034,1,4,37
1034,2,4,2
1034,3,4,2
1034,3,5,2
1034,3,6,2
1034,3,7,2
1034,3,7,76
1034,4,7,2
1034,4,6,2
1034,5,6,2
1034,5,5,2
1034,5,4,2
1034,5,3,2
1034,5,2,2
1034,5,1,2
1034,5,0,2
1034,5,0,45
1034,5,1,2
1034,5,2,2
1034,5,3,2
1034,5,3,84
1034,6,3,2
1034,7,3,2
1034,7,4,2
1034,7,4,85
1035,7,0,2
1035,7,1,2
1035,6,1,2
1035,5,1,2
1035,4,1,2
1035,3,1,2
1035,2,1,2
1035,1,1,2
1035,1,1,63
1035,2,1,2
1035,2,2,2
1035,2,2,84
1035,2,3,2
1035,3,3,2
1035,4,3,2
1035,4,4,2
1035,5,4,2
1035,6,4,2
1035,7,4,2
1035,7,4,105
1036,7,0,2
1036,6,0,2
1036,5,0,2
1036,4,0,2
1036,3,0,2
1036,2,0,2
1036,1,0,2
1036,1,0,33
1036,1,1,2
1036,2,1,2
1036,2,2,2
1036,2,3,2
1036,3,3,2
1036,3,4,2
1036,4,4,2
1036,5,4,2
1036,6,4,2
1036,6,5,2
1036,6,6,2
1036,6,7,2
1036,6,7,77
1036,5,7,2
1036,4,7,2
1036,3,7,2
1036,2,7,2
1036,1,7,2
1036,1,8,2
1036,0,8,2
1036,0,8,38
1036,1,8,2
1036,2,8,2
1036,3,8,2
1036,4,8,2
1036,4,7,2
1036,4,6,2
1036,4,5,2
1036,4,4,2
1036,4,3,2
1036,4,2,2
1036,4,2,89
1036,4,3,2
1036,5,3,2
1036,6,3,2
1036,7,3,2
1036,7,4,2
1036,7,4,60
1037,7,0,2
1037,6,0,2
1037,5,0,2
1037,4,0,2
1037,3,0,2
1037,3,0,21
1037,3,1,2
1037,3,2,2
1037,3,3,2
1037,3,4,2
1037,3,5,2
1037,3,6,2
1037,3,7,2
1037,3,8,2
1037,3,9,2
1037,3,9,58
1037,4,9,2
1037,5,9,2
1037,6,9,2
1037,6,8,2
1037,6,7,2
1037,6,6,2
1037,7,6,2
1037,7,5,2
1037,7,4,2
1037,7,4,65
1038,7,0,2
1038,6,0,2
1038,5,0,2
1038,5,0,39
1038,4,0,2
1038,4,1,2
1038,4,2,2
1038,4,3,2
1038,4,3,47
1038,4,4,2
1038,4,5,2
1038,4,5,30
1038,3,5,2
1038,2,5,2
1038,1,5,2
1038,0,5,2
1038,0,5,25
1038,1,5,2
1038,2,5,2
1038,2,6,2
1038,2,7,2
1038,3,7,2
1038,4,7,2
1038,5,7,2
1038,6,7,2
1038,6,7,32
1038,7,7,2
1038,7,6,2
1038,7,5,2
1038,7,4,2
1038,7,4,32
1039,7,0,2
1039,6,0,2
1039,5,0,2
1039,5,1,2
1039,5,2,2
1039,5,2,28
1039,5,3,2
1039,5,4,2
1039,5,5,2
1039,5,6,2
1039,5,6,85
1039,6,6,2
1039,6,5,2
1039,6,4,2
1039,7,4,2
1039,7,4,40
1040,7,0,2
1040,7,1,2
1040,7,2,2
1040,6,2,2
1040,6,3,2
1040,6,4,2
1040,6,5,2
1040,5,5,2
1040,5,6,2
1040,5,7,2
1040,4,7,2
1040,3,7,2
1040,3,8,2
1040,3,9,2
1040,2,9,2
1040,1,9,2
1040,1,9,61
1040,1,8,2
1040,2,8,2
1040,3,8,2
1040,3,7,2
1040,4,7,2
1040,5,7,2
1040,6,7,2
1040,7,7,2
1040,7,6,2
1040,7,5,2
1040,7,4,2
1040,7,4,100
1041,7,0,2
1041,7,1,2
1041,6,1,2
1041,5,1,2
1041,5,2,2
1041,4,2,2
1041,4,3,2
1041,4,4,2
1041,4,5,2
1041,4,6,2
1041,4,6,68
1041,4,5,2
1041,3,5,2
1041,3,4,2
1041,3,3,2
1041,3,2,2
1041,3,2,76
1041,4,2,2
1041,4,3,2
1041,4,4,2
1041,5,4,2
1041,6,4,2
1041,7,4,2
1041,7,4,59
1042,7,0,2
1042,7,1,2
1042,7,2,2
1042,6,2,2
1042,6,3,2
1042,5,3,2
1042,4,3,2
1042,3,3,2
1042,2,3,2
1042,1,3,2
1042,0,3,2
1042,0,3,76
1042,1,3,2
1042,1,4,2
1042,1,5,2
1042,2,5,2
1042,2,6,2
1042,3,6,2
1042,4,6,2
1042,5,6,2
1042,6,6,2
1042,6,6,39
1042,6,5,2
1042,5,5,2
1042,4,5,2
1042,3,5,2
1042,2,5,2
1042,1,5,2
1042,0,5,2
1042,0,5,79
1042,0,4,2
1042,1,4,2
1042,1,3,2
1042,1,2,2
1042,2,2,2
1042,2,1,2
1042,2,0,2
1042,3,0,2
1042,3,0,69
1042,4,0,2
1042,5,0,2
1042,5,1,2
1042,5,2,2
1042,5,3,2
1042,5,4,2
1042,5,5,2
1042,5,5,50
1042,6,5,2
1042,7,5,2
1042,7,4,2
1042,7,4,98
1043,7,0,2
1043,7,1,2
1043,6,1,2
1043,6,2,2
1043,5,2,2
1043,5,3,2
1043,5,4,2
1043,5,5,2
1043,4,5,2
1043,4,6,2
1043,4,7,2
1043,3,7,2
1043,2,7,2
1043,1,7,2
1043,0,7,2
1043,0,7,31
1043,0,6,2
1043,1,6,2
1043,2,6,2
1043,2,5,2
1043,2,5,75
1043,2,4,2
1043,1,4,2
1043,1,4,20
1043,2,4,2
1043,3,4,2
1043,4,4,2
1043,5,4,2
1043,6,4,2
1043,7,4,2
1043,7,4,108
1044,7,0,2
1044,6,0,2
1044,5,0,2
1044,4,0,2
1044,3,0,2
1044,2,0,2
1044,2,0,51
1044,2,1,2
1044,2,2,2
1044,3,2,2
1044,3,3,2
1044,3,4,2
1044,4,4,2
1044,5,4,2
1044,6,4,2
1044,7,4,2
1044,7,4,94
1045,7,0,2
1045,6,0,2
1045,5,0,2
1045,4,0,2
1045,3,0,2
1045,3,0,20
1045,3,1,2
1045,2,1,2
1045,1,1,2
1045,1,1,83
1045,1,2,2
1045,1,3,2
1045,1,4,2
1045,2,4,2
1045,3,4,2
1045,4,4,2
1045,5,4,2
1045,6,4,2
1045,7,4,2
1045,7,4,51
1046,7,0,2
1046,6,0,2
1046,6,1,2
1046,6,2,2
1046,6,3,2
1046,5,3,2
1046,5,4,2
1046,4,4,2
1046,3,4,2
1046,2,4,2
1046,2,4,39
1046,2,5,2
1046,3,5,2
1046,4,5,2
1046,4,5,62
1046,3,5,2
1046,2,5,2
1046,2,4,2
1046,1,4,2
1046,0,4,2
1046,0,3,2
1046,0,2,2
1046,0,1,2
1046,0,0,2
1046,0,0,51
1046,1,0,2
1046,2,0,2
1046,3,0,2
1046,4,0,2
1046,5,0,2
1046,6,0,2
1046,6,0,71
1046,6,1,2
1046,7,1,2
1046,7,2,2
1046,7,3,2
1046,7,4,2
1046,7,4,116
1047,7,0,2
1047,6,0,2
1047,6,1,2
1047,6,2,2
1047,5,2,2
1047,5,3,2
1047,5,4,2
1047,5,5,2
1047,5,6,2
1047,5,6,67
1047,6,6,2
1047,7,6,2
1047,7,5,2
1047,7,4,2
1047,7,4,94
1048,7,0,2
1048,6,0,2
1048,5,0,2
1048,5,1,2
1048,5,2,2
1048,5,3,2
1048,5,4,2
1048,5,5,2
1048,5,6,2
1048,5,7,2
1048,5,8,2
1048,5,9,2
1048,5,9,87
1048,5,8,2
1048,5,7,2
1048,5,6,2
1048,4,6,2
1048,3,6,2
1048,3,5,2
1048,3,4,2
1048,3,3,2
1048,3,2,2
1048,3,1,2
1048,3,1,69
1048,3,2,2
1048,2,2,2
1048,1,2,2
1048,1,2,32
1048,2,2,2
1048,3,2,2
1048,3,3,2
1048,4,3,2
1048,5,3,2
1048,5,4,2
1048,6,4,2
1048,7,4,2
1048,7,4,110
1049,7,0,2
1049,6,0,2
1049,6,1,2
1049,6,2,2
1049,5,2,2
1049,4,2,2
1049,4,3,2
1049,4,3,30
1049,4,4,2
1049,5,4,2
1049,5,5,2
1049,6,5,2
1049,6,6,2
1049,6,6,77
1049,6,5,2
1049,6,4,2
1049,6,3,2
1049,6,2,2
1049,6,1,2
1049,6,1,26
1049,6,2,2
1049,7,2,2
1049,7,3,2
1049,7,4,2
1049,7,4,109
1050,7,0,2
1050,6,0,2
1050,6,0,89
1050,6,1,2
1050,6,2,2
1050,5,2,2
1050,5,3,2
1050,5,4,2
1050,5,5,2
1050,5,6,2
1050,5,7,2
1050,5,7,53
1050,4,7,2
1050,4,8,2
1050,3,8,2
1050,3,9,2
1050,2,9,2
1050,2,9,69
1050,3,9,2
1050,3,8,2
1050,3,7,2
1050,4,7,2
1050,5,7,2
1050,5,6,2
1050,6,6,2
1050,7,6,2
1050,7,5,2
1050,7,4,2
1050,7,4,32
1051,7,0,2
1051,7,1,2
1051,6,1,2
1051,6,2,2
1051,5,2,2
1051,5,3,2
1051,5,4,2
1051,4,4,2
1051,3,4,2
1051,3,5,2
1051,2,5,2
1051,2,6,2
1051,2,6,71
1051,3,6,2
1051,4,6,2
1051,5,6,2
1051,5,5,2
1051,6,5,2
1051,6,4,2
1051,6,3,2
1051,6,3,32
1051,6,4,2
1051,5,4,2
1051,4,4,2
1051,4,4,76
1051,3,4,2
1051,2,4,2
1051,1,4,2
1051,1,3,2
1051,0,3,2
1051,0,2,2
1051,0,2,55
1051,0,3,2
1051,1,3,2
1051,2,3,2
1051,3,3,2
1051,4,3,2
1051,5,3,2
1051,6,3,2
1051,6,4,2
1051,7,4,2
1051,7,4,54
1052,7,0,2
1052,7,1,2
1052,7,2,2
1052,6,2,2
1052,6,3,2
1052,5,3,2
1052,5,4,2
1052,4,4,2
1052,3,4,2
1052,2,4,2
1052,1,4,2
1052,1,4,72
1052,0,4,2
1052,0,3,2
1052,0,2,2
1052,0,2,86
1052,1,2,2
1052,2,2,2
1052,3,2,2
1052,3,3,2
1052,3,4,2
1052,4,4,2
1052,5,4,2
1052,6,4,2
1052,7,4,2
1052,7,4,79
1053,7,0,2
1053,6,0,2
1053,5,0,2
1053,4,0,2
1053,3,0,2
1053,2,0,2
1053,1,0,2
1053,1,0,31
1053,1,1,2
1053,1,2,2
1053,1,3,2
1053,1,4,2
1053,1,5,2
1053,2,5,2
1053,2,5,35
1053,2,4,2
1053,3,4,2
1053,4,4,2
1053,5,4,2
1053,6,4,2
1053,7,4,2
1053,7,4,115
1054,7,0,2
1054,6,0,2
1054,6,1,2
1054,6,2,2
1054,5,2,2
1054,5,3,2
1054,5,4,2
1054,5,5,2
1054,4,5,2
1054,3,5,2
1054,2,5,2
1054,1,5,2
1054,1,5,64
1054,1,4,2
1054,0,4,2
1054,0,3,2
1054,0,3,37
1054,0,2,2
1054,0,1,2
1054,1,1,2
1054,1,0,2
1054,1,0,54
1054,1,1,2
1054,1,2,2
1054,2,2,2
1054,3,2,2
1054,4,2,2
1054,4,3,2
1054,5,3,2
1054,5,4,2
1054,6,4,2
1054,7,4,2
1054,7,4,64
1055,7,0,2
1055,7,1,2
1055,7,2,2
1055,7,3,2
1055,7,4,2
1055,7,5,2
1055,7,6,2
1055,7,7,2
1055,6,7,2
1055,5,7,2
1055,4,7,2
1055,4,8,2
1055,4,8,63
1055,3,8,2
1055,3,7,2
1055,3,6,2
1055,3,5,2
1055,3,5,36
1055,3,4,2
1055,3,3,2
1055,2,3,2
1055,2,2,2
1055,2,1,2
1055,2,1,55
1055,2,2,2
1055,2,3,2
1055,2,4,2
1055,3,4,2
1055,4,4,2
1055,5,4,2
1055,6,4,2
1055,7,4,2
1055,7,4,79
1056,7,0,2
1056,6,0,2
1056,6,1,2
1056,6,2,2
1056,6,3,2
1056,6,4,2
1056,6,5,2
1056,6,6,2
1056,6,6,66
1056,6,5,2
1056,6,4,2
1056,6,3,2
1056,5,3,2
1056,5,2,2
1056,4,2,2
1056,3,2,2
1056,3,1,2
1056,2,1,2
1056,1,1,2
1056,1,1,65
1056,1,2,2
1056,1,3,2
1056,2,3,2
1056,2,4,2
1056,2,4,55
1056,1,4,2
1056,1,3,2
1056,1,2,2
1056,0,2,2
1056,0,2,25
1056,1,2,2
1056,2,2,2
1056,2,3,2
1056,3,3,2
1056,4,3,2
1056,4,4,2
1056,5,4,2
1056,6,4,2
1056,7,4,2
1056,7,4,89
1057,7,0,2
1057,7,1,2
1057,6,1,2
1057,6,1,61
1057,5,1,2
1057,4,1,2
1057,3,1,2
1057,2,1,2
1057,1,1,2
1057,1,1,44
1057,1,2,2
1057,2,2,2
1057,2,2,39
1057,3,2,2
1057,4,2,2
1057,5,2,2
1057,5,2,79
1057,5,3,2
1057,6,3,2
1057,7,3,2
1057,7,4,2
1057,7,4,115
1058,7,0,2
1058,7,1,2
1058,7,2,2
1058,7,3,2
1058,6,3,2
1058,6,4,2
1058,6,4,52
1058,5,4,2
1058,4,4,2
1058,4,3,2
1058,3,3,2
1058,2,3,2
1058,1,3,2
1058,1,3,36
1058,1,2,2
1058,2,2,2
1058,3,2,2
1058,4,2,2
1058,5,2,2
1058,5,2,37
1058,5,1,2
1058,4,1,2
1058,3,1,2
1058,2,1,2
1058,1,1,2
1058,0,1,2
1058,0,1,30
1058,0,0,2
1058,1,0,2
1058,2,0,2
1058,3,0,2
1058,3,0,50
1058,3,1,2
1058,3,2,2
1058,3,3,2
1058,3,4,2
1058,4,4,2
1058,5,4,2
1058,6,4,2
1058,7,4,2
1058,7,4,53
1059,7,0,2
1059,7,1,2
1059,6,1,2
1059,6,2,2
1059,6,3,2
1059,6,4,2
1059,6,5,2
1059,5,5,2
1059,5,6,2
1059,4,6,2
1059,4,7,2
1059,3,7,2
1059,2,7,2
1059,1,7,2
1059,0,7,2
1059,0,7,21
1059,0,6,2
1059,1,6,2
1059,1,5,2
1059,1,4,2
1059,2,4,2
1059,3,4,2
1059,4,4,2
1059,5,4,2
1059,6,4,2
1059,7,4,2
1059,7,4,119
1060,7,0,2
1060,7,1,2
1060,6,1,2
1060,5,1,2
1060,5,2,2
1060,5,3,2
1060,5,4,2
1060,5,5,2
1060,5,6,2
1060,5,7,2
1060,5,7,43
1060,6,7,2
1060,6,7,31
1060,7,7,2
1060,7,6,2
1060,7,5,2
1060,7,4,2
1060,7,4,112
1061,7,0,2
1061,7,1,2
1061,6,1,2
1061,6,2,2
1061,6,3,2
1061,6,4,2
1061,6,5,2
1061,6,6,2
1061,6,6,55
1061,5,6,2
1061,4,6,2
1061,4,7,2
1061,3,7,2
1061,2,7,2
1061,2,8,2
1061,1,8,2
1061,0,8,2
1061,0,8,42
1061,1,8,2
1061,2,8,2
1061,3,8,2
1061,4,8,2
1061,4,7,2
1061,4,6,2
1061,4,5,2
1061,4,4,2
1061,4,3,2
1061,4,3,28
1061,5,3,2
1061,6,3,2
1061,6,4,2
1061,7,4,2
1061,7,4,53
1062,7,0,2
1062,7,1,2
1062,7,2,2
1062,7,3,2
1062,6,3,2
1062,5,3,2
1062,5,4,2
1062,4,4,2
1062,4,5,2
1062,3,5,2
1062,2,5,2
1062,2,6,2
1062,2,7,2
1062,2,8,2
1062,2,9,2
1062,2,9,36
1062,2,8,2
1062,2,7,2
1062,2,6,2
1062,2,5,2
1062,2,4,2
1062,3,4,2
1062,4,4,2
1062,5,4,2
1062,6,4,2
1062,7,4,2
1062,7,4,55
1063,7,0,2
1063,6,0,2
1063,5,0,2
1063,4,0,2
1063,3,0,2
1063,2,0,2
1063,1,0,2
1063,1,1,2
1063,1,2,2
1063,1,3,2
1063,1,4,2
1063,1,5,2
1063,1,6,2
1063,1,7,2
1063,1,8,2
1063,1,8,32
1063,1,7,2
1063,1,6,2
1063,2,6,2
1063,3,6,2
1063,4,6,2
1063,5,6,2
1063,6,6,2
1063,6,5,2
1063,7,5,2
1063,7,4,2
1063,7,4,67
1064,7,0,2
1064,6,0,2
1064,6,0,73
1064,6,1,2
1064,6,2,2
1064,6,3,2
1064,6,4,2
1064,7,4,2
1064,7,4,61
1065,7,0,2
1065,6,0,2
1065,5,0,2
1065,4,0,2
1065,3,0,2
1065,2,0,2
1065,2,0,76
1065,2,1,2
1065,1,1,2
1065,1,2,2
1065,1,3,2
1065,1,4,2
1065,1,5,2
1065,1,6,2
1065,1,7,2
1065,1,7,86
1065,2,7,2
1065,2,6,2
1065,3,6,2
1065,4,6,2
1065,4,5,2
1065,5,5,2
1065,6,5,2
1065,6,4,2
1065,7,4,2
1065,7,4,74
1066,7,0,2
1066,6,0,2
1066,5,0,2
1066,4,0,2
1066,3,0,2
1066,2,0,2
1066,1,0,2
1066,0,0,2
1066,0,0,87
1066,0,1,2
1066,0,2,2
1066,0,3,2
1066,1,3,2
1066,1,4,2
1066,2,4,2
1066,3,4,2
1066,4,4,2
1066,5,4,2
1066,6,4,2
1066,7,4,2
1066,7,4,97
1067,7,0,2
1067,6,0,2
1067,5,0,2
1067,4,0,2
1067,3,0,2
1067,2,0,2
1067,1,0,2
1067,1,0,61
1067,1,1,2
1067,1,2,2
1067,1,2,63
1067,1,3,2
1067,2,3,2
1067,3,3,2
1067,3,4,2
1067,4,4,2
1067,4,5,2
1067,4,6,2
1067,4,7,2
1067,4,7,24
1067,3,7,2
1067,2,7,2
1067,1,7,2
1067,1,7,53
1067,2,7,2
1067,2,8,2
1067,2,8,85
1067,2,7,2
1067,3,7,2
1067,3,6,2
1067,3,5,2
1067,3,4,2
1067,4,4,2
1067,5,4,2
1067,6,4,2
1067,7,4,2
1067,7,4,93
1068,7,0,2
1068,6,0,2
1068,5,0,2
1068,5,1,2
1068,4,1,2
1068,3,1,2
1068,3,2,2
1068,3,3,2
1068,2,3,2
1068,1,3,2
1068,1,4,2
1068,1,4,69
1068,2,4,2
1068,3,4,2
1068,4,4,2
1068,5,4,2
1068,6,4,2
1068,7,4,2
1068,7,4,76
1069,7,0,2
1069,6,0,2
1069,6,1,2
1069,5,1,2
1069,4,1,2
1069,4,2,2
1069,4,3,2
1069,4,4,2
1069,4,5,2
1069,4,6,2
1069,4,6,55
1069,4,5,2
1069,3,5,2
1069,2,5,2
1069,2,4,2
1069,2,3,2
1069,2,2,2
1069,1,2,2
1069,1,1,2
1069,0,1,2
1069,0,1,76
1069,1,1,2
1069,1,2,2
1069,2,2,2
1069,2,3,2
1069,2,4,2
1069,3,4,2
1069,4,4,2
1069,5,4,2
1069,6,4,2
1069,7,4,2
1069,7,4,35
1070,7,0,2
1070,6,0,2
1070,5,0,2
1070,4,0,2
1070,3,0,2
1070,3,1,2
1070,2,1,2
1070,1,1,2
1070,0,1,2
1070,0,1,21
1070,0,2,2
1070,1,2,2
1070,1,3,2
1070,1,4,2
1070,1,5,2
1070,1,5,77
1070,2,5,2
1070,3,5,2
1070,3,4,2
1070,4,4,2
1070,5,4,2
1070,6,4,2
1070,7,4,2
1070,7,4,51
1071,7,0,2
1071,7,1,2
1071,6,1,2
1071,6,2,2
1071,6,3,2
1071,6,4,2
1071,6,5,2
1071,6,6,2
1071,5,6,2
1071,5,7,2
1071,4,7,2
1071,3,7,2
1071,2,7,2
1071,2,8,2
1071,2,9,2
1071,2,9,64
1071,3,9,2
1071,4,9,2
1071,4,8,2
1071,4,7,2
1071,4,6,2
1071,4,5,2
1071,4,4,2
1071,5,4,2
1071,6,4,2
1071,7,4,2
1071,7,4,60
1072,7,0,2
1072,6,0,2
1072,6,1,2
1072,5,1,2
1072,5,2,2
1072,4,2,2
1072,3,2,2
1072,3,3,2
1072,2,3,2
1072,2,4,2
1072,1,4,2
1072,0,4,2
1072,0,5,2
1072,0,6,2
1072,0,7,2
1072,0,8,2
1072,0,9,2
1072,0,9,32
1072,0,8,2
1072,1,8,2
1072,1,7,2
1072,2,7,2
1072,3,7,2
1072,3,6,2
1072,3,5,2
1072,3,4,2
1072,4,4,2
1072,5,4,2
1072,6,4,2
1072,7,4,2
1072,7,4,96
1073,7,0,2
1073,6,0,2
1073,5,0,2
1073,5,0,38
1073,5,1,2
1073,5,2,2
1073,5,3,2
1073,4,3,2
1073,3,3,2
1073,3,4,2
1073,3,5,2
1073,3,6,2
1073,3,7,2
1073,3,8,2
1073,3,9,2
1073,3,9,86
1073,4,9,2
1073,4,8,2
1073,4,7,2
1073,4,6,2
1073,5,6,2
1073,6,6,2
1073,6,5,2
1073,6,4,2
1073,7,4,2
1073,7,4,48
1074,7,0,2
1074,6,0,2
1074,5,0,2
1074,4,0,2
1074,4,1,2
1074,4,2,2
1074,4,3,2
1074,4,4,2
1074,4,5,2
1074,4,6,2
1074,4,7,2
1074,4,8,2
1074,4,8,33
1074,4,7,2
1074,3,7,2
1074,2,7,2
1074,2,6,2
1074,2,5,2
1074,1,5,2
1074,1,4,2
1074,0,4,2
1074,0,3,2
1074,0,2,2
1074,0,1,2
1074,0,1,54
1074,0,2,2
1074,0,3,2
1074,0,4,2
1074,0,4,37
1074,1,4,2
1074,2,4,2
1074,3,4,2
1074,4,4,2
1074,5,4,2
1074,6,4,2
1074,7,4,2
1074,7,4,51
1075,7,0,2
1075,6,0,2
1075,6,1,2
1075,6,2,2
1075,6,3,2
1075,6,4,2
1075,6,5,2
1075,6,6,2
1075,6,6,32
1075,5,6,2
1075,5,5,2
1075,5,5,57
1075,5,4,2
1075,5,3,2
1075,5,2,2
1075,4,2,2
1075,3,2,2
1075,2,2,2
1075,2,1,2
1075,1,1,2
1075,1,1,33
1075,2,1,2
1075,3,1,2
1075,3,2,2
1075,4,2,2
1075,4,3,2
1075,4,4,2
1075,5,4,2
1075,6,4,2
1075,7,4,2
1075,7,4,37
1076,7,0,2
1076,6,0,2
1076,6,1,2
1076,5,1,2
1076,5,2,2
1076,4,2,2
1076,3,2,2
1076,3,2,34
1076,2,2,2
1076,2,3,2
1076,1,3,2
1076,0,3,2
1076,0,3,64
1076,0,4,2
1076,1,4,2
1076,2,4,2
1076,2,5,2
1076,3,5,2
1076,3,6,2
1076,3,7,2
1076,3,7,70
1076,4,7,2
1076,4,6,2
1076,4,5,2
1076,4,4,2
1076,5,4,2
1076,6,4,2
1076,7,4,2
1076,7,4,58
1077,7,0,2
1077,7,1,2
1077,6,1,2
1077,6,2,2
1077,6,3,2
1077,6,4,2
1077,6,5,2
1077,6,5,73
1077,6,4,2
1077,6,3,2
1077,6,2,2
1077,6,1,2
1077,6,1,65
1077,6,2,2
1077,5,2,2
1077,4,2,2
1077,3,2,2
1077,2,2,2
1077,2,2,41
1077,1,2,2
1077,1,1,2
1077,0,1,2
1077,0,1,75
1077,1,1,2
1077,1,2,2
1077,2,2,2
1077,3,2,2
1077,4,2,2
1077,5,2,2
1077,6,2,2
1077,7,2,2
1077,7,3,2
1077,7,4,2
1077,7,4,49
1078,7,0,2
1078,7,1,2
1078,6,1,2
1078,6,2,2
1078,6,3,2
1078,6,4,2
1078,5,4,2
1078,4,4,2
1078,3,4,2
1078,3,5,2
1078,2,5,2
1078,2,6,2
1078,2,7,2
1078,2,8,2
1078,2,9,2
1078,2,9,31
1078,2,8,2
1078,2,7,2
1078,2,6,2
1078,2,5,2
1078,2,4,2
1078,2,3,2
1078,2,2,2
1078,2,1,2
1078,2,0,2
1078,2,0,28
1078,3,0,2
1078,4,0,2
1078,5,0,2
1078,6,0,2
1078,6,0,63
1078,6,1,2
1078,6,2,2
1078,5,2,2
1078,5,3,2
1078,5,4,2
1078,5,5,2
1078,5,5,65
1078,5,4,2
1078,6,4,2
1078,7,4,2
1078,7,4,49
1079,7,0,2
1079,7,1,2
1079,7,2,2
1079,7,3,2
1079,7,4,2
1079,7,5,2
1079,6,5,2
1079,5,5,2
1079,5,6,2
1079,4,6,2
1079,3,6,2
1079,2,6,2
1079,1,6,2
1079,1,6,86
1079,2,6,2
1079,3,6,2
1079,3,6,70
1079,2,6,2
1079,2,5,2
1079,2,4,2
1079,2,4,41
1079,3,4,2
1079,4,4,2
1079,5,4,2
1079,6,4,2
1079,7,4,2
1079,7,4,104
1080,7,0,2
1080,6,0,2
1080,5,0,2
1080,4,0,2
1080,3,0,2
1080,2,0,2
1080,1,0,2
1080,1,0,58
1080,1,1,2
1080,1,2,2
1080,1,3,2
1080,1,4,2
1080,2,4,2
1080,3,4,2
1080,4,4,2
1080,5,4,2
1080,6,4,2
1080,7,4,2
1080,7,4,106
1081,7,0,2
1081,6,0,2
1081,5,0,2
1081,4,0,2
1081,3,0,2
1081,2,0,2
1081,2,1,2
1081,2,2,2
1081,1,2,2
1081,1,3,2
1081,1,4,2
1081,1,5,2
1081,1,6,2
1081,1,7,2
1081,1,8,2
1081,1,8,20
1081,2,8,2
1081,3,8,2
1081,4,8,2
1081,5,8,2
1081,5,8,68
1081,4,8,2
1081,4,7,2
1081,4,6,2
1081,4,5,2
1081,4,5,48
1081,3,5,2
1081,2,5,2
1081,1,5,2
1081,0,5,2
1081,0,4,2
1081,0,3,2
1081,0,2,2
1081,0,1,2
1081,0,1,54
1081,1,1,2
1081,2,1,2
1081,3,1,2
1081,4,1,2
1081,4,0,2
1081,5,0,2
1081,6,0,2
1081,6,0,87
1081,5,0,2
1081,5,1,2
1081,5,2,2
1081,4,2,2
1081,4,3,2
1081,3,3,2
1081,2,3,2
1081,1,3,2
1081,0,3,2
1081,0,3,71
1081,0,4,2
1081,1,4,2
1081,2,4,2
1081,3,4,2
1081,4,4,2
1081,5,4,2
1081,6,4,2
1081,7,4,2
1081,7,4,110
1082,7,0,2
1082,6,0,2
1082,5,0,2
1082,4,0,2
1082,3,0,2
1082,2,0,2
1082,1,0,2
1082,1,0,69
1082,2,0,2
1082,2,1,2
1082,2,2,2
1082,2,3,2
1082,2,4,2
1082,2,5,2
1082,2,6,2
1082,2,7,2
1082,2,8,2
1082,2,9,2
1082,2,9,60
1082,2,8,2
1082,2,7,2
1082,2,6,2
1082,3,6,2
1082,4,6,2
1082,5,6,2
1082,6,6,2
1082,6,5,2
1082,6,4,2
1082,7,4,2
1082,7,4,44
1083,7,0,2
1083,7,1,2
1083,7,2,2
1083,6,2,2
1083,6,3,2
1083,6,4,2
1083,6,5,2
1083,5,5,2
1083,4,5,2
1083,3,5,2
1083,2,5,2
1083,2,5,27
1083,3,5,2
1083,4,5,2
1083,5,5,2
1083,5,4,2
1083,6,4,2
1083,7,4,2
1083,7,4,110
1084,7,0,2
1084,7,1,2
1084,6,1,2
1084,5,1,2
1084,4,1,2
1084,3,1,2
1084,2,1,2
1084,1,1,2
1084,1,1,22
1084,1,2,2
1084,1,3,2
1084,2,3,2
1084,3,3,2
1084,3,4,2
1084,4,4,2
1084,4,5,2
1084,5,5,2
1084,6,5,2
1084,6,6,2
1084,6,7,2
1084,6,8,2
1084,6,9,2
1084,6,9,26
1084,6,8,2
1084,6,7,2
1084,7,7,2
1084,7,6,2
1084,7,5,2
1084,7,4,2
1084,7,4,31
1085,7,0,2
1085,6,0,2
1085,5,0,2
1085,4,0,2
1085,3,0,2
1085,2,0,2
1085,1,0,2
1085,1,0,58
1085,0,0,2
1085,0,1,2
1085,0,2,2
1085,0,2,23
1085,1,2,2
1085,1,3,2
1085,2,3,2
1085,3,3,2
1085,4,3,2
1085,4,4,2
1085,5,4,2
1085,6,4,2
1085,7,4,2
1085,7,4,109
1086,7,0,2
1086,6,0,2
1086,5,0,2
1086,5,0,58
1086,5,1,2
1086,5,2,2
1086,5,3,2
1086,5,4,2
1086,5,5,2
1086,5,5,45
1086,5,4,2
1086,6,4,2
1086,7,4,2
1086,7,4,51
1087,7,0,2
1087,7,1,2
1087,7,2,2
1087,6,2,2
1087,5,2,2
1087,5,2,86
1087,5,3,2
1087,5,4,2
1087,5,4,24
1087,4,4,2
1087,4,3,2
1087,4,2,2
1087,3,2,2
1087,3,1,2
1087,2,1,2
1087,1,1,2
1087,0,1,2
1087,0,0,2
1087,0,0,30
1087,0,1,2
1087,0,2,2
1087,0,3,2
1087,0,4,2
1087,0,4,53
1087,1,4,2
1087,2,4,2
1087,3,4,2
1087,4,4,2
1087,5,4,2
1087,6,4,2
1087,7,4,2
1087,7,4,39
1088,7,0,2
1088,7,1,2
1088,7,2,2
1088,6,2,2
1088,5,2,2
1088,5,3,2
1088,5,4,2
1088,5,4,42
1088,6,4,2
1088,7,4,2
1088,7,4,45
1089,7,0,2
1089,7,1,2
1089,6,1,2
1089,6,1,49
1089,6,2,2
1089,6,3,2
1089,6,4,2
1089,6,5,2
1089,6,6,2
1089,5,6,2
1089,4,6,2
1089,4,7,2
1089,3,7,2
1089,2,7,2
1089,2,8,2
1089,2,8,48
1089,3,8,2
1089,3,7,2
1089,4,7,2
1089,4,6,2
1089,4,5,2
1089,4,4,2
1089,4,3,2
1089,4,2,2
1089,4,1,2
1089,4,1,83
1089,4,2,2
1089,4,3,2
1089,4,4,2
1089,5,4,2
1089,6,4,2
1089,7,4,2
1089,7,4,49
1090,7,0,2
1090,6,0,2
1090,6,1,2
1090,6,2,2
1090,6,3,2
1090,6,4,2
1090,6,5,2
1090,6,5,36
1090,5,5,2
1090,5,6,2
1090,4,6,2
1090,4,7,2
1090,4,8,2
1090,3,8,2
1090,2,8,2
1090,2,9,2
1090,1,9,2
1090,1,9,61
1090,1,8,2
1090,2,8,2
1090,3,8,2
1090,3,7,2
1090,3,6,2
1090,3,5,2
1090,3,4,2
1090,3,4,32
1090,4,4,2
1090,5,4,2
1090,5,4,72
1090,6,4,2
1090,7,4,2
1090,7,4,97
1091,7,0,2
1091,7,1,2
1091,7,2,2
1091,7,3,2
1091,6,3,2
1091,5,3,2
1091,4,3,2
1091,4,4,2
1091,3,4,2
1091,3,5,2
1091,3,6,2
1091,3,6,76
1091,3,7,2
1091,4,7,2
1091,5,7,2
1091,5,8,2
1091,5,9,2
1091,5,9,38
1091,5,8,2
1091,6,8,2
1091,6,7,2
1091,6,6,2
1091,6,5,2
1091,6,4,2
1091,6,3,2
1091,6,2,2
1091,6,1,2
1091,6,0,2
1091,6,0,48
1091,6,1,2
1091,5,1,2
1091,5,2,2
1091,5,3,2
1091,5,3,34
1091,4,3,2
1091,4,2,2
1091,3,2,2
1091,3,1,2
1091,2,1,2
1091,1,1,2
1091,0,1,2
1091,0,0,2
1091,0,0,36
1091,1,0,2
1091,2,0,2
1091,3,0,2
1091,4,0,2
1091,5,0,2
1091,5,0,69
1091,6,0,2
1091,6,1,2
1091,6,2,2
1091,6,3,2
1091,7,3,2
1091,7,4,2
1091,7,4,33
1092,7,0,2
1092,6,0,2
1092,5,0,2
1092,5,1,2
1092,4,1,2
1092,3,1,2
1092,2,1,2
1092,1,1,2
1092,0,1,2
1092,0,1,64
1092,0,2,2
1092,0,3,2
1092,0,4,2
1092,0,5,2
1092,0,5,76
1092,1,5,2
1092,1,6,2
1092,1,7,2
1092,1,8,2
1092,1,9,2
1092,1,9,49
1092,1,8,2
1092,1,7,2
1092,1,6,2
1092,2,6,2
1092,3,6,2
1092,3,5,2
1092,3,4,2
1092,3,4,21
1092,4,4,2
1092,5,4,2
1092,6,4,2
1092,7,4,2
1092,7,4,59
1093,7,0,2
1093,7,1,2
1093,7,2,2
1093,6,2,2
1093,6,3,2
1093,6,4,2
1093,6,5,2
1093,6,6,2
1093,6,6,38
1093,6,5,2
1093,6,4,2
1093,6,3,2
1093,6,2,2
1093,5,2,2
1093,5,2,77
1093,4,2,2
1093,4,3,2
1093,4,4,2
1093,4,5,2
1093,4,6,2
1093,4,7,2
1093,4,8,2
1093,4,8,72
1093,4,7,2
1093,4,6,2
1093,4,5,2
1093,4,4,2
1093,4,3,2
1093,4,2,2
1093,4,1,2
1093,4,0,2
1093,4,0,80
1093,4,1,2
1093,4,2,2
1093,4,3,2
1093,4,4,2
1093,5,4,2
1093,6,4,2
1093,7,4,2
1093,7,4,118
1094,7,0,2
1094,6,0,2
1094,5,0,2
1094,4,0,2
1094,3,0,2
1094,2,0,2
1094,1,0,2
1094,1,0,87
1094,1,1,2
1094,1,2,2
1094,2,2,2
1094,3,2,2
1094,4,2,2
1094,5,2,2
1094,5,2,52
1094,5,3,2
1094,5,4,2
1094,5,5,2
1094,5,5,64
1094,5,4,2
1094,6,4,2
1094,7,4,2
1094,7,4,92
1095,7,0,2
1095,6,0,2
1095,6,1,2
1095,6,2,2
1095,6,3,2
1095,6,4,2
1095,6,5,2
1095,6,6,2
1095,6,7,2
1095,6,8,2
1095,6,8,86
1095,6,7,2
1095,6,6,2
1095,6,5,2
1095,7,5,2
1095,7,4,2
1095,7,4,43
1096,7,0,2
1096,7,1,2
1096,7,2,2
1096,6,2,2
1096,5,2,2
1096,4,2,2
1096,4,3,2
1096,4,4,2
1096,4,5,2
1096,4,6,2
1096,4,7,2
1096,4,8,2
1096,4,9,2
1096,4,9,45
1096,3,9,2
1096,3,8,2
1096,3,7,2
1096,2,7,2
1096,2,6,2
1096,1,6,2
1096,1,5,2
1096,1,4,2
1096,1,3,2
1096,1,2,2
1096,1,1,2
1096,1,0,2
1096,1,0,37
1096,1,1,2
1096,2,1,2
1096,3,1,2
1096,4,1,2
1096,4,2,2
1096,5,2,2
1096,6,2,2
1096,7,2,2
1096,7,3,2
1096,7,4,2
1096,7,4,49
1097,7,0,2
1097,6,0,2
1097,5,0,2
1097,5,0,35
1097,4,0,2
1097,4,1,2
1097,4,2,2
1097,3,2,2
1097,2,2,2
1097,2,2,32
1097,3,2,2
1097,3,3,2
1097,4,3,2
1097,4,4,2
1097,5,4,2
1097,6,4,2
1097,7,4,2
1097,7,4,68
1098,7,0,2
1098,7,1,2
1098,7,2,2
1098,7,3,2
1098,6,3,2
1098,5,3,2
1098,5,4,2
1098,5,5,2
1098,5,6,2
1098,5,7,2
1098,5,8,2
1098,5,8,89
1098,4,8,2
1098,3,8,2
1098,3,7,2
1098,3,6,2
1098,2,6,2
1098,2,5,2
1098,2,4,2
1098,1,4,2
1098,1,4,84
1098,1,3,2
1098,1,2,2
1098,0,2,2
1098,0,2,28
1098,0,1,2
1098,1,1,2
1098,1,1,85
1098,2,1,2
1098,2,2,2
1098,2,3,2
1098,2,4,2
1098,3,4,2
1098,4,4,2
1098,5,4,2
1098,6,4,2
1098,7,4,2
1098,7,4,95
1099,7,0,2
1099,6,0,2
1099,5,0,2
1099,4,0,2
1099,3,0,2
1099,2,0,2
1099,1,0,2
1099,0,0,2
1099,0,0,88
1099,0,1,2
1099,0,2,2
1099,0,2,54
1099,1,2,2
1099,1,3,2
1099,2,3,2
1099,3,3,2
1099,3,4,2
1099,4,4,2
1099,5,4,2
1099,6,4,2
1099,7,4,2
1099,7,4,82
1100,7,0,2
1100,6,0,2
1100,6,1,2
1100,5,1,2
1100,4,1,2
1100,3,1,2
1100,2,1,2
1100,2,1,25
1100,1,1,2
1100,1,2,2
1100,1,3,2
1100,1,4,2
1100,1,5,2
1100,1,6,2
1100,1,7,2
1100,1,8,2
1100,1,9,2
1100,1,9,52
1100,2,9,2
1100,3,9,2
1100,4,9,2
1100,4,8,2
1100,4,7,2
1100,5,7,2
1100,5,6,2
1100,5,5,2
1100,5,4,2
1100,6,4,2
1100,7,4,2
1100,7,4,103
1101,7,0,2
1101,6,0,2
1101,5,0,2
1101,4,0,2
1101,4,1,2
1101,4,2,2
1101,4,3,2
1101,4,3,68
1101,5,3,2
1101,5,2,2
1101,5,1,2
1101,5,0,2
1101,5,0,28
1101,4,0,2
1101,3,0,2
1101,3,1,2
1101,2,1,2
1101,1,1,2
1101,1,1,40
1101,1,2,2
1101,1,3,2
1101,1,4,2
1101,1,5,2
1101,1,5,71
1101,2,5,2
1101,3,5,2
1101,4,5,2
1101,5,5,2
1101,6,5,2
1101,7,5,2
1101,7,4,2
1101,7,4,55
1102,7,0,2
1102,6,0,2
1102,5,0,2
1102,5,1,2
1102,5,2,2
1102,4,2,2
1102,3,2,2
1102,2,2,2
1102,1,2,2
1102,0,2,2
1102,0,3,2
1102,0,4,2
1102,0,5,2
1102,0,6,2
1102,0,7,2
1102,0,8,2
1102,0,9,2
1102,0,9,79
1102,1,9,2
1102,2,9,2
1102,3,9,2
1102,3,9,20
1102,3,8,2
1102,3,7,2
1102,2,7,2
1102,2,7,29
1102,1,7,2
1102,0,7,2
1102,0,6,2
1102,0,5,2
1102,0,4,2
1102,0,3,2
1102,0,2,2
1102,0,1,2
1102,0,0,2
1102,0,0,60
1102,0,1,2
1102,0,2,2
1102,1,2,2
1102,2,2,2
1102,3,2,2
1102,3,3,2
1102,4,3,2
1102,4,4,2
1102,5,4,2
1102,6,4,2
1102,7,4,2
1102,7,4,88
1103,7,0,2
1103,7,1,2
1103,6,1,2
1103,6,2,2
1103,6,3,2
1103,6,4,2
1103,6,5,2
1103,5,5,2
1103,5,6,2
1103,4,6,2
1103,3,6,2
1103,3,6,61
1103,3,5,2
1103,3,4,2
1103,3,3,2
1103,3,2,2
1103,3,1,2
1103,3,0,2
1103,2,0,2
1103,1,0,2
1103,0,0,2
1103,0,0,85
1103,1,0,2
1103,2,0,2
1103,3,0,2
1103,4,0,2
1103,4,0,49
1103,4,1,2
1103,4,2,2
1103,3,2,2
1103,2,2,2
1103,1,2,2
1103,1,2,83
1103,1,3,2
1103,1,4,2
1103,2,4,2
1103,3,4,2
1103,4,4,2
1103,5,4,2
1103,6,4,2
1103,7,4,2
1103,7,4,103
1104,7,0,2
1104,7,1,2
1104,7,2,2
1104,7,3,2
1104,6,3,2
1104,5,3,2
1104,5,3,67
1104,6,3,2
1104,6,4,2
1104,7,4,2
1104,7,4,38
1105,7,0,2
1105,6,0,2
1105,5,0,2
1105,4,0,2
1105,3,0,2
1105,2,0,2
1105,1,0,2
1105,0,0,2
1105,0,0,38
1105,0,1,2
1105,1,1,2
1105,1,2,2
1105,2,2,2
1105,2,3,2
1105,3,3,2
1105,4,3,2
1105,5,3,2
1105,5,4,2
1105,5,5,2
1105,5,6,2
1105,6,6,2
1105,6,7,2
1105,6,7,20
1105,7,7,2
1105,7,6,2
1105,7,5,2
1105,7,4,2
1105,7,4,109
1106,7,0,2
1106,6,0,2
1106,5,0,2
1106,4,0,2
1106,4,0,38
1106,5,0,2
1106,6,0,2
1106,7,0,2
1106,7,1,2
1106,7,2,2
1106,7,3,2
1106,7,4,2
1106,7,4,113
1107,7,0,2
1107,6,0,2
1107,5,0,2
1107,4,0,2
1107,3,0,2
1107,2,0,2
1107,1,0,2
1107,1,0,40
1107,1,1,2
1107,2,1,2
1107,3,1,2
1107,3,2,2
1107,3,3,2
1107,3,4,2
1107,4,4,2
1107,5,4,2
1107,6,4,2
1107,7,4,2
1107,7,4,48
1108,7,0,2
1108,6,0,2
1108,5,0,2
1108,5,1,2
1108,5,2,2
1108,5,3,2
1108,5,4,2
1108,5,4,80
1108,5,3,2
1108,5,2,2
1108,4,2,2
1108,3,2,2
1108,2,2,2
1108,1,2,2
1108,0,2,2
1108,0,1,2
1108,0,1,82
1108,0,2,2
1108,1,2,2
1108,1,3,2
1108,1,4,2
1108,2,4,2
1108,2,5,2
1108,2,5,48
1108,2,4,2
1108,3,4,2
1108,4,4,2
1108,5,4,2
1108,6,4,2
1108,7,4,2
1108,7,4,105
1109,7,0,2
1109,6,0,2
1109,6,0,38
1109,6,1,2
1109,5,1,2
1109,4,1,2
1109,3,1,2
1109,2,1,2
1109,1,1,2
1109,0,1,2
1109,0,1,48
1109,0,2,2
1109,1,2,2
1109,2,2,2
1109,3,2,2
1109,3,2,32
1109,3,3,2
1109,4,3,2
1109,4,4,2
1109,5,4,2
1109,6,4,2
1109,7,4,2
1109,7,4,58
1110,7,0,2
1110,7,1,2
1110,6,1,2
1110,5,1,2
1110,4,1,2
1110,3,1,2
1110,2,1,2
1110,1,1,2
1110,1,1,67
1110,2,1,2
1110,3,1,2
1110,4,1,2
1110,5,1,2
1110,6,1,2
1110,6,1,57
1110,6,2,2
1110,6,3,2
1110,5,3,2
1110,4,3,2
1110,3,3,2
1110,2,3,2
1110,1,3,2
1110,0,3,2
1110,0,3,49
1110,1,3,2
1110,1,2,2
1110,2,2,2
1110,3,2,2
1110,4,2,2
1110,5,2,2
1110,6,2,2
1110,6,2,67
1110,6,3,2
1110,7,3,2
1110,7,4,2
1110,7,4,86
1111,7,0,2
1111,6,0,2
1111,5,0,2
1111,4,0,2
1111,3,0,2
1111,2,0,2
1111,1,0,2
1111,0,0,2
1111,0,0,35
1111,1,0,2
1111,2,0,2
1111,3,0,2
1111,3,1,2
1111,3,2,2
1111,4,2,2
1111,4,3,2
1111,5,3,2
1111,5,4,2
1111,6,4,2
1111,7,4,2
1111,7,4,38
1112,7,0,2
1112,7,1,2
1112,7,2,2
1112,7,3,2
1112,7,4,2
1112,7,5,2
1112,6,5,2
1112,5,5,2
1112,4,5,2
1112,3,5,2
1112,2,5,2
1112,2,5,52
1112,2,6,2
1112,3,6,2
1112,3,6,69
1112,3,5,2
1112,3,4,2
1112,4,4,2
1112,5,4,2
1112,6,4,2
1112,7,4,2
1112,7,4,104
1113,7,0,2
1113,7,1,2
1113,6,1,2
1113,5,1,2
1113,5,1,60
1113,4,1,2
1113,4,2,2
1113,4,3,2
1113,3,3,2
1113,2,3,2
1113,2,4,2
1113,2,5,2
1113,2,6,2
1113,1,6,2
1113,1,6,66
1113,2,6,2
1113,2,6,87
1113,3,6,2
1113,4,6,2
1113,4,5,2
1113,4,4,2
1113,4,3,2
1113,4,2,2
1113,4,1,2
1113,4,0,2
1113,4,0,31
1113,5,0,2
1113,6,0,2
1113,6,1,2
1113,7,1,2
1113,7,2,2
1113,7,3,2
1113,7,4,2
1113,7,4,49
1114,7,0,2
1114,6,0,2
1114,5,0,2
1114,5,1,2
1114,4,1,2
1114,4,2,2
1114,4,3,2
1114,4,4,2
1114,4,5,2
1114,4,6,2
1114,4,6,65
1114,3,6,2
1114,3,5,2
1114,2,5,2
1114,1,5,2
1114,0,5,2
1114,0,5,69
1114,1,5,2
1114,1,4,2
1114,1,3,2
1114,2,3,2
1114,3,3,2
1114,3,2,2
1114,3,1,2
1114,4,1,2
1114,5,1,2
1114,5,1,36
1114,6,1,2
1114,7,1,2
1114,7,2,2
1114,7,3,2
1114,7,4,2
1114,7,4,52
1115,7,0,2
1115,6,0,2
1115,5,0,2
1115,5,1,2
1115,5,2,2
1115,4,2,2
1115,4,3,2
1115,4,4,2
1115,4,5,2
1115,4,6,2
1115,4,7,2
1115,4,8,2
1115,4,9,2
1115,4,9,87
1115,4,8,2
1115,4,7,2
1115,4,6,2
1115,4,5,2
1115,5,5,2
1115,5,4,2
1115,6,4,2
1115,7,4,2
1115,7,4,78
1116,7,0,2
1116,6,0,2
1116,5,0,2
1116,4,0,2
1116,3,0,2
1116,2,0,2
1116,2,0,52
1116,1,0,2
1116,0,0,2
1116,0,0,34
1116,0,1,2
1116,0,2,2
1116,0,3,2
1116,1,3,2
1116,1,4,2
1116,2,4,2
1116,3,4,2
1116,4,4,2
1116,5,4,2
1116,6,4,2
1116,7,4,2
1116,7,4,103
1117,7,0,2
1117,6,0,2
1117,6,1,2
1117,5,1,2
1117,4,1,2
1117,4,1,42
1117,3,1,2
1117,3,2,2
1117,3,3,2
1117,2,3,2
1117,1,3,2
1117,1,4,2
1117,0,4,2
1117,0,5,2
1117,0,6,2
1117,0,6,75
1117,1,6,2
1117,1,5,2
1117,1,4,2
1117,1,3,2
1117,1,2,2
1117,1,1,2
1117,1,0,2
1117,1,0,86
1117,1,1,2
1117,2,1,2
1117,2,2,2
1117,3,2,2
1117,4,2,2
1117,5,2,2
1117,6,2,2
1117,7,2,2
1117,7,3,2
1117,7,4,2
1117,7,4,45
1118,7,0,2
1118,6,0,2
1118,5,0,2
1118,5,1,2
1118,4,1,2
1118,3,1,2
1118,3,2,2
1118,3,3,2
1118,3,4,2
1118,2,4,2
1118,1,4,2
1118,1,5,2
1118,1,6,2
1118,1,7,2
1118,1,7,89
1118,2,7,2
1118,2,6,2
1118,2,5,2
1118,2,4,2
1118,3,4,2
1118,3,3,2
1118,3,2,2
1118,3,1,2
1118,4,1,2
1118,5,1,2
1118,6,1,2
1118,6,1,73
1118,5,1,2
1118,4,1,2
1118,3,1,2
1118,2,1,2
1118,1,1,2
1118,0,1,2
1118,0,1,70
1118,1,1,2
1118,1,2,2
1118,1,3,2
1118,1,4,2
1118,2,4,2
1118,3,4,2
1118,4,4,2
1118,5,4,2
1118,6,4,2
1118,7,4,2
1118,7,4,109
1119,7,0,2
1119,6,0,2
1119,5,0,2
1119,4,0,2
1119,3,0,2
1119,2,0,2
1119,1,0,2
1119,1,0,78
1119,1,1,2
1119,1,2,2
1119,2,2,2
1119,3,2,2
1119,4,2,2
1119,5,2,2
1119,6,2,2
1119,7,2,2
1119,7,3,2
1119,7,4,2
1119,7,4,101
1120,7,0,2
1120,6,0,2
1120,6,1,2
1120,6,2,2
1120,5,2,2
1120,5,3,2
1120,5,4,2
1120,5,5,2
1120,5,5,67
1120,6,5,2
1120,7,5,2
1120,7,4,2
1120,7,4,52
1121,7,0,2
1121,7,1,2
1121,6,1,2
1121,5,1,2
1121,4,1,2
1121,3,1,2
1121,2,1,2
1121,1,1,2
1121,1,1,37
1121,1,2,2
1121,2,2,2
1121,3,2,2
1121,4,2,2
1121,5,2,2
1121,5,3,2
1121,5,4,2
1121,6,4,2
1121,7,4,2
1121,7,4,85
1122,7,0,2
1122,7,1,2
1122,6,1,2
1122,5,1,2
1122,4,1,2
1122,3,1,2
1122,2,1,2
1122,1,1,2
1122,1,2,2
1122,1,2,64
1122,2,2,2
1122,2,3,2
1122,3,3,2
1122,4,3,2
1122,4,4,2
1122,5,4,2
1122,6,4,2
1122,7,4,2
1122,7,4,73
1123,7,0,2
1123,7,1,2
1123,7,2,2
1123,6,2,2
1123,6,3,2
1123,6,4,2
1123,5,4,2
1123,4,4,2
1123,3,4,2
1123,2,4,2
1123,2,4,73
1123,3,4,2
1123,4,4,2
1123,5,4,2
1123,6,4,2
1123,7,4,2
1123,7,4,103
1124,7,0,2
1124,6,0,2
1124,5,0,2
1124,4,0,2
1124,3,0,2
1124,2,0,2
1124,2,1,2
1124,2,2,2
1124,2,3,2
1124,2,3,70
1124,2,4,2
1124,2,5,2
1124,3,5,2
1124,4,5,2
1124,4,6,2
1124,4,7,2
1124,4,7,85
1124,4,6,2
1124,4,5,2
1124,5,5,2
1124,5,4,2
1124,6,4,2
1124,7,4,2
1124,7,4,98
1125,7,0,2
1125,7,1,2
1125,7,2,2
1125,7,3,2
1125,7,4,2
1125,6,4,2
1125,5,4,2
1125,5,5,2
1125,5,6,2
1125,5,7,2
1125,5,8,2
1125,4,8,2
1125,3,8,2
1125,2,8,2
1125,1,8,2
1125,0,8,2
1125,0,8,38
1125,1,8,2
1125,1,7,2
1125,1,6,2
1125,1,5,2
1125,1,4,2
1125,1,3,2
1125,1,2,2
1125,1,1,2
1125,1,0,2
1125,1,0,35
1125,1,1,2
1125,1,2,2
1125,1,3,2
1125,2,3,2
1125,3,3,2
1125,4,3,2
1125,5,3,2
1125,5,4,2
1125,6,4,2
1125,7,4,2
1125,7,4,37
1126,7,0,2
1126,6,0,2
1126,6,0,38
1126,7,0,2
1126,7,1,2
1126,7,2,2
1126,7,3,2
1126,7,4,2
1126,7,4,53
1127,7,0,2
1127,7,1,2
1127,7,2,2
1127,6,2,2
1127,5,2,2
1127,5,3,2
1127,5,4,2
1127,5,5,2
1127,5,6,2
1127,5,7,2
1127,4,7,2
1127,4,8,2
1127,3,8,2
1127,3,9,2
1127,3,9,46
1127,3,8,2
1127,3,7,2
1127,3,6,2
1127,4,6,2
1127,4,5,2
1127,4,4,2
1127,4,3,2
1127,5,3,2
1127,5,2,2
1127,5,1,2
1127,5,1,35
1127,4,1,2
1127,4,0,2
1127,3,0,2
1127,2,0,2
1127,1,0,2
1127,1,0,67
1127,1,1,2
1127,2,1,2
1127,2,2,2
1127,3,2,2
1127,4,2,2
1127,5,2,2
1127,5,3,2
1127,6,3,2
1127,7,3,2
1127,7,4,2
1127,7,4,55
1128,7,0,2
1128,6,0,2
1128,5,0,2
1128,5,1,2
1128,5,2,2
1128,4,2,2
1128,3,2,2
1128,3,2,89
1128,2,2,2
1128,2,3,2
1128,1,3,2
1128,1,4,2
1128,1,5,2
1128,1,5,88
1128,2,5,2
1128,2,6,2
1128,2,7,2
1128,3,7,2
1128,4,7,2
1128,4,8,2
1128,5,8,2
1128,6,8,2
1128,6,8,64
1128,6,7,2
1128,6,6,2
1128,5,6,2
1128,4,6,2
1128,3,6,2
1128,2,6,2
1128,1,6,2
1128,1,6,73
1128,2,6,2
1128,3,6,2
1128,4,6,2
1128,5,6,2
1128,5,5,2
1128,6,5,2
1128,7,5,2
1128,7,4,2
1128,7,4,78
1129,7,0,2
1129,7,1,2
1129,6,1,2
1129,5,1,2
1129,5,2,2
1129,4,2,2
1129,4,3,2
1129,4,4,2
1129,3,4,2
1129,3,5,2
1129,3,6,2
1129,2,6,2
1129,2,6,36
1129,2,5,2
1129,3,5,2
1129,3,4,2
1129,4,4,2
1129,5,4,2
1129,6,4,2
1129,7,4,2
1129,7,4,102
1130,7,0,2
1130,7,1,2
1130,6,1,2
1130,5,1,2
1130,4,1,2
1130,3,1,2
1130,2,1,2
1130,1,1,2
1130,0,1,2
1130,0,1,65
1130,1,1,2
1130,1,0,2
1130,2,0,2
1130,3,0,2
1130,4,0,2
1130,5,0,2
1130,6,0,2
1130,6,0,54
1130,6,1,2
1130,6,2,2
1130,7,2,2
1130,7,3,2
1130,7,4,2
1130,7,4,114
1131,7,0,2
1131,6,0,2
1131,6,1,2
1131,5,1,2
1131,5,2,2
1131,5,3,2
1131,4,3,2
1131,3,3,2
1131,2,3,2
1131,1,3,2
1131,1,3,61
1131,2,3,2
1131,3,3,2
1131,3,4,2
1131,4,4,2
1131,5,4,2
1131,6,4,2
1131,7,4,2
1131,7,4,62
1132,7,0,2
1132,7,1,2
1132,6,1,2
1132,5,1,2
1132,4,1,2
1132,3,1,2
1132,2,1,2
1132,1,1,2
1132,1,1,55
1132,1,2,2
1132,0,2,2
1132,0,3,2
1132,0,4,2
1132,0,5,2
1132,0,5,45
1132,0,4,2
1132,1,4,2
1132,2,4,2
1132,3,4,2
1132,4,4,2
1132,5,4,2
1132,6,4,2
1132,7,4,2
1132,7,4,99
1133,7,0,2
1133,7,1,2
1133,7,2,2
1133,6,2,2
1133,5,2,2
1133,4,2,2
1133,3,2,2
1133,2,2,2
1133,1,2,2
1133,1,3,2
1133,1,3,57
1133,1,4,2
1133,2,4,2
1133,3,4,2
1133,4,4,2
1133,5,4,2
1133,5,4,24
1133,5,5,2
1133,5,6,2
1133,6,6,2
1133,6,7,2
1133,6,8,2
1133,6,9,2
1133,6,9,24
1133,7,9,2
1133,7,8,2
1133,7,7,2
1133,7,6,2
1133,7,5,2
1133,7,4,2
1133,7,4,80
1134,7,0,2
1134,6,0,2
1134,6,1,2
1134,5,1,2
1134,4,1,2
1134,3,1,2
1134,3,1,33
1134,3,2,2
1134,3,3,2
1134,4,3,2
1134,4,4,2
1134,5,4,2
1134,5,5,2
1134,5,6,2
1134,5,7,2
1134,5,7,79
1134,6,7,2
1134,6,6,2
1134,7,6,2
1134,7,5,2
1134,7,4,2
1134,7,4,30
1135,7,0,2
1135,7,1,2
1135,7,2,2
1135,6,2,2
1135,6,3,2
1135,5,3,2
1135,4,3,2
1135,4,4,2
1135,4,5,2
1135,4,6,2
1135,4,7,2
1135,4,7,80
1135,3,7,2
1135,3,6,2
1135,2,6,2
1135,1,6,2
1135,0,6,2
1135,0,5,2
1135,0,4,2
1135,0,3,2
1135,0,2,2
1135,0,1,2
1135,0,1,32
1135,0,2,2
1135,1,2,2
1135,2,2,2
1135,3,2,2
1135,3,3,2
1135,3,4,2
1135,3,5,2
1135,3,6,2
1135,3,6,59
1135,4,6,2
1135,4,5,2
1135,5,5,2
1135,5,4,2
1135,6,4,2
1135,7,4,2
1135,7,4,83
1136,7,0,2
1136,6,0,2
1136,5,0,2
1136,5,1,2
1136,5,2,2
1136,5,3,2
1136,5,4,2
1136,5,5,2
1136,5,6,2
1136,5,7,2
1136,5,8,2
1136,5,9,2
1136,5,9,29
1136,5,8,2
1136,4,8,2
1136,4,7,2
1136,4,6,2
1136,4,5,2
1136,3,5,2
1136,3,4,2
1136,3,3,2
1136,2,3,2
1136,2,2,2
1136,1,2,2
1136,0,2,2
1136,0,1,2
1136,0,1,28
1136,0,0,2
1136,1,0,2
1136,2,0,2
1136,3,0,2
1136,4,0,2
1136,5,0,2
1136,6,0,2
1136,6,0,39
1136,6,1,2
1136,7,1,2
1136,7,2,2
1136,7,3,2
1136,7,4,2
1136,7,4,49
1137,7,0,2
1137,7,1,2
1137,7,2,2
1137,7,3,2
1137,6,3,2
1137,5,3,2
1137,4,3,2
1137,3,3,2
1137,2,3,2
1137,1,3,2
1137,0,3,2
1137,0,3,43
1137,1,3,2
1137,1,2,2
1137,2,2,2
1137,3,2,2
1137,4,2,2
1137,5,2,2
1137,6,2,2
1137,6,2,66
1137,5,2,2
1137,5,3,2
1137,4,3,2
1137,3,3,2
1137,3,4,2
1137,2,4,2
1137,1,4,2
1137,1,4,49
1137,2,4,2
1137,2,3,2
1137,2,2,2
1137,2,1,2
1137,2,1,27
1137,2,2,2
1137,2,3,2
1137,3,3,2
1137,3,3,32
1137,4,3,2
1137,4,4,2
1137,4,5,2
1137,4,6,2
1137,4,6,52
1137,5,6,2
1137,5,5,2
1137,5,4,2
1137,6,4,2
1137,7,4,2
1137,7,4,113
1138,7,0,2
1138,6,0,2
1138,5,0,2
1138,5,1,2
1138,5,2,2
1138,5,3,2
1138,5,4,2
1138,5,5,2
1138,5,6,2
1138,5,7,2
1138,5,7,80
1138,4,7,2
1138,4,6,2
1138,3,6,2
1138,2,6,2
1138,1,6,2
1138,1,5,2
1138,0,5,2
1138,0,4,2
1138,0,3,2
1138,0,2,2
1138,0,1,2
1138,0,0,2
1138,0,0,40
1138,1,0,2
1138,2,0,2
1138,2,1,2
1138,3,1,2
1138,3,2,2
1138,3,3,2
1138,4,3,2
1138,4,4,2
1138,5,4,2
1138,6,4,2
1138,6,5,2
1138,6,5,26
1138,5,5,2
1138,5,4,2
1138,4,4,2
1138,4,3,2
1138,3,3,2
1138,2,3,2
1138,1,3,2
1138,1,3,89
1138,1,4,2
1138,2,4,2
1138,3,4,2
1138,4,4,2
1138,5,4,2
1138,6,4,2
1138,7,4,2
1138,7,4,67
1139,7,0,2
1139,6,0,2
1139,6,1,2
1139,5,1,2
1139,4,1,2
1139,4,2,2
1139,3,2,2
1139,3,3,2
1139,2,3,2
1139,1,3,2
1139,1,4,2
1139,1,5,2
1139,1,5,63
1139,1,4,2
1139,2,4,2
1139,3,4,2
1139,4,4,2
1139,5,4,2
1139,6,4,2
1139,7,4,2
1139,7,4,69
1140,7,0,2
1140,6,0,2
1140,6,1,2
1140,5,1,2
1140,4,1,2
1140,3,1,2
1140,2,1,2
1140,1,1,2
1140,0,1,2
1140,0,1,23
1140,0,2,2
1140,0,3,2
1140,0,4,2
1140,0,5,2
1140,0,5,37
1140,1,5,2
1140,1,4,2
1140,2,4,2
1140,3,4,2
1140,4,4,2
1140,5,4,2
1140,6,4,2
1140,7,4,2
1140,7,4,35
1141,7,0,2
1141,7,1,2
1141,6,1,2
1141,6,2,2
1141,5,2,2
1141,4,2,2
1141,4,3,2
1141,4,4,2
1141,4,4,43
1141,5,4,2
1141,6,4,2
1141,7,4,2
1141,7,4,62
1142,7,0,2
1142,7,1,2
1142,7,2,2
1142,7,3,2
1142,6,3,2
1142,5,3,2
1142,4,3,2
1142,4,3,21
1142,4,4,2
1142,4,5,2
1142,3,5,2
1142,2,5,2
1142,1,5,2
1142,1,5,35
1142,1,4,2
1142,1,3,2
1142,1,3,67
1142,2,3,2
1142,3,3,2
1142,3,4,2
1142,4,4,2
1142,5,4,2
1142,6,4,2
1142,7,4,2
1142,7,4,95
1143,7,0,2
1143,7,1,2
1143,7,2,2
1143,7,3,2
1143,7,4,2
1143,7,5,2
1143,6,5,2
1143,5,5,2
1143,5,6,2
1143,5,7,2
1143,5,8,2
1143,5,8,77
1143,6,8,2
1143,6,7,2
1143,6,6,2
1143,6,5,2
1143,6,4,2
1143,6,3,2
1143,6,2,2
1143,6,1,2
1143,6,1,57
1143,6,2,2
1143,6,3,2
1143,5,3,2
1143,5,4,2
1143,5,4,52
1143,6,4,2
1143,7,4,2
1143,7,4,45
1144,7,0,2
1144,7,1,2
1144,7,2,2
1144,6,2,2
1144,6,3,2
1144,5,3,2
1144,4,3,2
1144,4,4,2
1144,4,5,2
1144,4,6,2
1144,4,7,2
1144,4,8,2
1144,4,9,2
1144,4,9,87
1144,3,9,2
1144,3,8,2
1144,3,7,2
1144,3,6,2
1144,2,6,2
1144,1,6,2
1144,0,6,2
1144,0,6,58
1144,1,6,2
1144,2,6,2
1144,3,6,2
1144,3,5,2
1144,3,5,46
1144,3,6,2
1144,3,7,2
1144,3,8,2
1144,3,9,2
1144,2,9,2
1144,1,9,2
1144,0,9,2
1144,0,9,85
1144,1,9,2
1144,1,8,2
1144,1,7,2
1144,2,7,2
1144,2,6,2
1144,2,5,2
1144,2,4,2
1144,3,4,2
1144,4,4,2
1144,5,4,2
1144,6,4,2
1144,7,4,2
1144,7,4,84
1145,7,0,2
1145,6,0,2
1145,6,1,2
1145,5,1,2
1145,5,2,2
1145,4,2,2
1145,3,2,2
1145,3,3,2
1145,2,3,2
1145,1,3,2
1145,0,3,2
1145,0,4,2
1145,0,5,2
1145,0,6,2
1145,0,7,2
1145,0,8,2
1145,0,8,42
1145,0,7,2
1145,0,6,2
1145,1,6,2
1145,2,6,2
1145,2,5,2
1145,3,5,2
1145,3,4,2
1145,3,3,2
1145,3,2,2
1145,3,1,2
1145,3,1,71
1145,2,1,2
1145,1,1,2
1145,0,1,2
1145,0,1,62
1145,0,2,2
1145,1,2,2
1145,1,3,2
1145,2,3,2
1145,2,4,2
1145,3,4,2
1145,4,4,2
1145,5,4,2
1145,6,4,2
1145,7,4,2
1145,7,4,54
1146,7,0,2
1146,7,1,2
1146,6,1,2
1146,5,1,2
1146,4,1,2
1146,3,1,2
1146,2,1,2
1146,1,1,2
1146,1,1,53
1146,2,1,2
1146,3,1,2
1146,4,1,2
1146,5,1,2
1146,5,1,70
1146,6,1,2
1146,6,2,2
1146,6,2,52
1146,6,3,2
1146,7,3,2
1146,7,4,2
1146,7,4,71
1147,7,0,2
1147,7,1,2
1147,7,2,2
1147,6,2,2
1147,6,3,2
1147,6,4,2
1147,5,4,2
1147,5,5,2
1147,5,6,2
1147,5,6,58
1147,5,5,2
1147,6,5,2
1147,6,4,2
1147,6,3,2
1147,6,2,2
1147,6,2,62
1147,6,1,2
1147,5,1,2
1147,4,1,2
1147,4,1,75
1147,4,2,2
1147,5,2,2
1147,5,2,31
1147,4,2,2
1147,3,2,2
1147,2,2,2
1147,1,2,2
1147,0,2,2
1147,0,2,88
1147,1,2,2
1147,1,3,2
1147,1,4,2
1147,2,4,2
1147,3,4,2
1147,4,4,2
1147,5,4,2
1147,6,4,2
1147,7,4,2
1147,7,4,94
1148,7,0,2
1148,6,0,2
1148,6,1,2
1148,6,2,2
1148,6,3,2
1148,5,3,2
1148,5,4,2
1148,4,4,2
1148,3,4,2
1148,2,4,2
1148,2,5,2
1148,2,6,2
1148,1,6,2
1148,1,7,2
1148,1,7,25
1148,2,7,2
1148,2,6,2
1148,2,5,2
1148,3,5,2
1148,4,5,2
1148,5,5,2
1148,5,4,2
1148,5,3,2
1148,5,3,33
1148,4,3,2
1148,3,3,2
1148,3,4,2
1148,3,5,2
1148,2,5,2
1148,1,5,2
1148,0,5,2
1148,0,5,49
1148,0,4,2
1148,0,3,2
1148,1,3,2
1148,2,3,2
1148,3,3,2
1148,4,3,2
1148,5,3,2
1148,5,2,2
1148,5,1,2
1148,5,0,2
1148,5,0,35
1148,5,1,2
1148,6,1,2
1148,7,1,2
1148,7,2,2
1148,7,3,2
1148,7,4,2
1148,7,4,59
1149,7,0,2
1149,7,1,2
1149,6,1,2
1149,6,1,45
1149,5,1,2
1149,4,1,2
1149,3,1,2
1149,3,2,2
1149,3,3,2
1149,3,4,2
1149,3,5,2
1149,3,6,2
1149,3,7,2
1149,3,8,2
1149,3,8,33
1149,3,7,2
1149,3,6,2
1149,4,6,2
1149,5,6,2
1149,6,6,2
1149,7,6,2
1149,7,5,2
1149,7,4,2
1149,7,4,115
1150,7,0,2
1150,7,1,2
1150,6,1,2
1150,6,2,2
1150,5,2,2
1150,4,2,2
1150,3,2,2
1150,2,2,2
1150,2,2,34
1150,1,2,2
1150,0,2,2
1150,0,3,2
1150,0,4,2
1150,0,5,2
1150,0,6,2
1150,0,7,2
1150,0,7,28
1150,0,8,2
1150,0,9,2
1150,1,9,2
1150,2,9,2
1150,3,9,2
1150,4,9,2
1150,4,9,22
1150,4,8,2
1150,5,8,2
1150,5,7,2
1150,5,6,2
1150,6,6,2
1150,7,6,2
1150,7,5,2
1150,7,4,2
1150,7,4,94
1151,7,0,2
1151,6,0,2
1151,6,1,2
1151,5,1,2
1151,4,1,2
1151,4,1,30
1151,4,2,2
1151,4,3,2
1151,4,4,2
1151,4,5,2
1151,3,5,2
1151,2,5,2
1151,1,5,2
1151,0,5,2
1151,0,5,29
1151,0,4,2
1151,1,4,2
1151,2,4,2
1151,3,4,2
1151,4,4,2
1151,5,4,2
1151,6,4,2
1151,7,4,2
1151,7,4,70
1152,7,0,2
1152,6,0,2
1152,5,0,2
1152,4,0,2
1152,3,0,2
1152,2,0,2
1152,2,0,72
1152,2,1,2
1152,2,2,2
1152,2,3,2
1152,2,4,2
1152,1,4,2
1152,0,4,2
1152,0,4,44
1152,0,5,2
1152,0,6,2
1152,0,7,2
1152,0,7,53
1152,1,7,2
1152,1,6,2
1152,1,5,2
1152,1,4,2
1152,1,3,2
1152,1,2,2
1152,1,1,2
1152,1,1,52
1152,2,1,2
1152,3,1,2
1152,4,1,2
1152,4,2,2
1152,4,3,2
1152,4,4,2
1152,5,4,2
1152,6,4,2
1152,7,4,2
1152,7,4,51
1153,7,0,2
1153,7,1,2
1153,7,2,2
1153,7,3,2
1153,6,3,2
1153,5,3,2
1153,5,3,55
1153,5,4,2
1153,5,5,2
1153,6,5,2
1153,6,5,27
1153,7,5,2
1153,7,4,2
1153,7,4,49
1154,7,0,2
1154,7,1,2
1154,6,1,2
1154,5,1,2
1154,4,1,2
1154,3,1,2
1154,2,1,2
1154,1,1,2
1154,1,1,47
1154,2,1,2
1154,3,1,2
1154,4,1,2
1154,5,1,2
1154,5,2,2
1154,5,3,2
1154,6,3,2
1154,7,3,2
1154,7,4,2
1154,7,4,65
1155,7,0,2
1155,6,0,2
1155,6,1,2
1155,6,2,2
1155,6,3,2
1155,5,3,2
1155,5,4,2
1155,4,4,2
1155,3,4,2
1155,2,4,2
1155,1,4,2
1155,0,4,2
1155,0,4,35
1155,1,4,2
1155,2,4,2
1155,3,4,2
1155,4,4,2
1155,5,4,2
1155,6,4,2
1155,7,4,2
1155,7,4,103
1156,7,0,2
1156,6,0,2
1156,5,0,2
1156,4,0,2
1156,4,1,2
1156,4,2,2
1156,4,3,2
1156,3,3,2
1156,3,4,2
1156,2,4,2
1156,2,5,2
1156,2,6,2
1156,2,7,2
1156,2,7,38
1156,2,6,2
1156,3,6,2
1156,3,5,2
1156,3,4,2
1156,4,4,2
1156,4,3,2
1156,4,2,2
1156,4,1,2
1156,4,0,2
1156,4,0,27
1156,5,0,2
1156,5,1,2
1156,5,2,2
1156,5,3,2
1156,5,3,24
1156,6,3,2
1156,7,3,2
1156,7,4,2
1156,7,4,98
1157,7,0,2
1157,6,0,2
1157,6,1,2
1157,5,1,2
1157,5,2,2
1157,5,3,2
1157,4,3,2
1157,3,3,2
1157,3,4,2
1157,2,4,2
1157,2,4,68
1157,2,5,2
1157,3,5,2
1157,3,6,2
1157,4,6,2
1157,5,6,2
1157,6,6,2
1157,6,6,79
1157,6,5,2
1157,6,4,2
1157,6,3,2
1157,6,2,2
1157,6,1,2
1157,6,0,2
1157,6,0,47
1157,6,1,2
1157,5,1,2
1157,4,1,2
1157,3,1,2
1157,2,1,2
1157,1,1,2
1157,0,1,2
1157,0,1,42
1157,0,2,2
1157,0,3,2
1157,0,4,2
1157,1,4,2
1157,2,4,2
1157,3,4,2
1157,4,4,2
1157,5,4,2
1157,6,4,2
1157,7,4,2
1157,7,4,109
1158,7,0,2
1158,6,0,2
1158,6,1,2
1158,6,2,2
1158,6,3,2
1158,5,3,2
1158,5,4,2
1158,4,4,2
1158,3,4,2
1158,2,4,2
1158,1,4,2
1158,1,5,2
1158,1,6,2
1158,1,7,2
1158,1,7,51
1158,0,7,2
1158,0,8,2
1158,0,9,2
1158,0,9,59
1158,1,9,2
1158,2,9,2
1158,3,9,2
1158,4,9,2
1158,4,8,2
1158,4,7,2
1158,4,6,2
1158,4,5,2
1158,4,4,2
1158,4,3,2
1158,4,2,2
1158,4,1,2
1158,4,1,85
1158,3,1,2
1158,3,2,2
1158,2,2,2
1158,1,2,2
1158,0,2,2
1158,0,3,2
1158,0,4,2
1158,0,4,77
1158,0,3,2
1158,0,2,2
1158,0,1,2
1158,0,0,2
1158,0,0,50
1158,0,1,2
1158,1,1,2
1158,1,2,2
1158,1,3,2
1158,1,4,2
1158,2,4,2
1158,3,4,2
1158,4,4,2
1158,5,4,2
1158,6,4,2
1158,7,4,2
1158,7,4,70
1159,7,0,2
1159,6,0,2
1159,5,0,2
1159,5,1,2
1159,4,1,2
1159,4,2,2
1159,4,3,2
1159,4,4,2
1159,4,5,2
1159,4,6,2
1159,4,6,61
1159,3,6,2
1159,2,6,2
1159,2,5,2
1159,2,4,2
1159,1,4,2
1159,0,4,2
1159,0,4,66
1159,0,3,2
1159,0,2,2
1159,1,2,2
1159,2,2,2
1159,3,2,2
1159,3,2,74
1159,3,3,2
1159,4,3,2
1159,4,4,2
1159,5,4,2
1159,6,4,2
1159,7,4,2
1159,7,4,41
1160,7,0,2
1160,7,1,2
1160,6,1,2
1160,6,2,2
1160,5,2,2
1160,4,2,2
1160,3,2,2
1160,2,2,2
1160,2,3,2
1160,1,3,2
1160,1,3,83
1160,1,4,2
1160,1,5,2
1160,1,6,2
1160,1,7,2
1160,1,8,2
1160,1,8,58
1160,1,7,2
1160,1,6,2
1160,1,5,2
1160,1,4,2
1160,1,3,2
1160,1,2,2
1160,1,1,2
1160,1,1,45
1160,1,2,2
1160,2,2,2
1160,2,3,2
1160,3,3,2
1160,4,3,2
1160,5,3,2
1160,6,3,2
1160,7,3,2
1160,7,4,2
1160,7,4,40
1161,7,0,2
1161,6,0,2
1161,6,1,2
1161,6,2,2
1161,6,3,2
1161,6,4,2
1161,6,5,2
1161,6,5,86
1161,6,4,2
1161,6,3,2
1161,5,3,2
1161,4,3,2
1161,3,3,2
1161,2,3,2
1161,2,3,31
1161,2,2,2
1161,2,2,59
1161,2,3,2
1161,2,4,2
1161,2,5,2
1161,2,6,2
1161,2,7,2
1161,2,8,2
1161,2,9,2
1161,2,9,59
1161,1,9,2
1161,0,9,2
1161,0,8,2
1161,0,7,2
1161,0,6,2
1161,0,5,2
1161,0,4,2
1161,0,3,2
1161,0,2,2
1161,0,1,2
1161,0,0,2
1161,0,0,73
1161,1,0,2
1161,2,0,2
1161,2,1,2
1161,2,2,2
1161,2,3,2
1161,3,3,2
1161,4,3,2
1161,4,4,2
1161,5,4,2
1161,6,4,2
1161,7,4,2
1161,7,4,77
1162,7,0,2
1162,6,0,2
1162,6,1,2
1162,6,2,2
1162,5,2,2
1162,4,2,2
1162,3,2,2
1162,2,2,2
1162,2,2,28
1162,1,2,2
1162,0,2,2
1162,0,1,2
1162,0,0,2
1162,0,0,30
1162,0,1,2
1162,1,1,2
1162,1,2,2
1162,2,2,2
1162,2,3,2
1162,2,4,2
1162,3,4,2
1162,4,4,2
1162,5,4,2
1162,6,4,2
1162,7,4,2
1162,7,4,57
1163,7,0,2
1163,6,0,2
1163,6,1,2
1163,5,1,2
1163,4,1,2
1163,4,2,2
1163,3,2,2
1163,3,3,2
1163,2,3,2
1163,2,3,24
1163,3,3,2
1163,3,4,2
1163,3,5,2
1163,3,6,2
1163,4,6,2
1163,4,6,48
1163,5,6,2
1163,5,5,2
1163,5,4,2
1163,5,3,2
1163,5,2,2
1163,5,1,2
1163,5,0,2
1163,5,0,29
1163,5,1,2
1163,4,1,2
1163,3,1,2
1163,2,1,2
1163,1,1,2
1163,0,1,2
1163,0,1,66
1163,1,1,2
1163,1,2,2
1163,1,3,2
1163,2,3,2
1163,2,4,2
1163,3,4,2
1163,4,4,2
1163,5,4,2
1163,6,4,2
1163,7,4,2
1163,7,4,91
1164,7,0,2
1164,6,0,2
1164,5,0,2
1164,4,0,2
1164,4,0,59
1164,4,1,2
1164,4,2,2
1164,4,3,2
1164,4,4,2
1164,4,5,2
1164,4,6,2
1164,4,7,2
1164,4,8,2
1164,4,8,47
1164,4,7,2
1164,5,7,2
1164,6,7,2
1164,6,6,2
1164,7,6,2
1164,7,5,2
1164,7,4,2
1164,7,4,90
1165,7,0,2
1165,7,1,2
1165,6,1,2
1165,6,1,59
1165,6,0,2
1165,5,0,2
1165,4,0,2
1165,4,0,55
1165,5,0,2
1165,6,0,2
1165,6,1,2
1165,6,2,2
1165,7,2,2
1165,7,3,2
1165,7,4,2
1165,7,4,117
1166,7,0,2
1166,6,0,2
1166,5,0,2
1166,4,0,2
1166,3,0,2
1166,2,0,2
1166,1,0,2
1166,1,1,2
1166,1,2,2
1166,1,3,2
1166,1,4,2
1166,1,5,2
1166,1,5,80
1166,1,4,2
1166,2,4,2
1166,3,4,2
1166,4,4,2
1166,5,4,2
1166,6,4,2
1166,7,4,2
1166,7,4,58
1167,7,0,2
1167,6,0,2
1167,6,1,2
1167,6,2,2
1167,6,3,2
1167,5,3,2
1167,5,4,2
1167,4,4,2
1167,3,4,2
1167,2,4,2
1167,1,4,2
1167,0,4,2
1167,0,4,70
1167,0,3,2
1167,1,3,2
1167,1,3,86
1167,0,3,2
1167,0,2,2
1167,0,1,2
1167,0,0,2
1167,0,0,64
1167,1,0,2
1167,2,0,2
1167,3,0,2
1167,3,1,2
1167,4,1,2
1167,5,1,2
1167,5,2,2
1167,6,2,2
1167,6,3,2
1167,7,3,2
1167,7,4,2
1167,7,4,53
1168,7,0,2
1168,6,0,2
1168,5,0,2
1168,5,0,32
1168,4,0,2
1168,4,1,2
1168,4,2,2
1168,4,3,2
1168,4,4,2
1168,3,4,2
1168,2,4,2
1168,2,4,46
1168,3,4,2
1168,4,4,2
1168,5,4,2
1168,6,4,2
1168,7,4,2
1168,7,4,98
1169,7,0,2
1169,6,0,2
1169,5,0,2
1169,4,0,2
1169,3,0,2
1169,2,0,2
1169,1,0,2
1169,0,0,2
1169,0,0,78
1169,1,0,2
1169,1,1,2
1169,1,2,2
1169,2,2,2
1169,2,3,2
1169,3,3,2
1169,3,4,2
1169,4,4,2
1169,5,4,2
1169,5,5,2
1169,6,5,2
1169,6,5,57
1169,6,4,2
1169,6,3,2
1169,6,2,2
1169,6,2,41
1169,6,3,2
1169,7,3,2
1169,7,4,2
1169,7,4,39
1170,7,0,2
1170,7,1,2
1170,6,1,2
1170,6,2,2
1170,6,3,2
1170,6,4,2
1170,5,4,2
1170,4,4,2
1170,3,4,2
1170,2,4,2
1170,1,4,2
1170,0,4,2
1170,0,4,32
1170,0,3,2
1170,0,2,2
1170,0,1,2
1170,0,0,2
1170,0,0,76
1170,1,0,2
1170,1,1,2
1170,2,1,2
1170,3,1,2
1170,3,2,2
1170,3,3,2
1170,4,3,2
1170,4,4,2
1170,5,4,2
1170,6,4,2
1170,7,4,2
1170,7,4,45
1171,7,0,2
1171,6,0,2
1171,5,0,2
1171,5,1,2
1171,4,1,2
1171,3,1,2
1171,3,2,2
1171,3,3,2
1171,2,3,2
1171,1,3,2
1171,1,3,65
1171,1,2,2
1171,2,2,2
1171,3,2,2
1171,3,2,78
1171,2,2,2
1171,2,3,2
1171,2,4,2
1171,2,5,2
1171,1,5,2
1171,0,5,2
1171,0,6,2
1171,0,7,2
1171,0,7,77
1171,1,7,2
1171,2,7,2
1171,2,6,2
1171,3,6,2
1171,4,6,2
1171,4,5,2
1171,5,5,2
1171,6,5,2
1171,7,5,2
1171,7,4,2
1171,7,4,58
1172,7,0,2
1172,7,1,2
1172,6,1,2
1172,6,2,2
1172,5,2,2
1172,4,2,2
1172,3,2,2
1172,2,2,2
1172,1,2,2
1172,0,2,2
1172,0,2,75
1172,0,3,2
1172,0,4,2
1172,0,5,2
1172,1,5,2
1172,2,5,2
1172,2,6,2
1172,3,6,2
1172,4,6,2
1172,4,6,64
1172,4,7,2
1172,4,8,2
1172,3,8,2
1172,2,8,2
1172,2,9,2
1172,2,9,68
1172,3,9,2
1172,3,8,2
1172,4,8,2
1172,5,8,2
1172,5,7,2
1172,6,7,2
1172,6,6,2
1172,6,5,2
1172,6,4,2
1172,7,4,2
1172,7,4,112
1173,7,0,2
1173,7,1,2
1173,6,1,2
1173,5,1,2
1173,4,1,2
1173,4,1,22
1173,3,1,2
1173,3,2,2
1173,3,3,2
1173,3,4,2
1173,3,5,2
1173,3,5,55
1173,3,4,2
1173,2,4,2
1173,1,4,2
1173,1,4,36
1173,1,3,2
1173,1,2,2
1173,1,2,57
1173,1,3,2
1173,2,3,2
1173,2,4,2
1173,3,4,2
1173,4,4,2
1173,5,4,2
1173,6,4,2
1173,7,4,2
1173,7,4,105
1174,7,0,2
1174,6,0,2
1174,6,1,2
1174,6,2,2
1174,5,2,2
1174,5,3,2
1174,5,4,2
1174,5,5,2
1174,5,6,2
1174,5,6,42
1174,6,6,2
1174,7,6,2
1174,7,5,2
1174,7,4,2
1174,7,4,89
1175,7,0,2
1175,6,0,2
1175,5,0,2
1175,4,0,2
1175,3,0,2
1175,2,0,2
1175,1,0,2
1175,0,0,2
1175,0,0,75
1175,1,0,2
1175,2,0,2
1175,3,0,2
1175,4,0,2
1175,5,0,2
1175,6,0,2
1175,6,0,54
1175,6,1,2
1175,6,2,2
1175,6,3,2
1175,6,4,2
1175,7,4,2
1175,7,4,82
1176,7,0,2
1176,6,0,2
1176,5,0,2
1176,4,0,2
1176,3,0,2
1176,3,1,2
1176,2,1,2
1176,2,2,2
1176,2,3,2
1176,2,4,2
1176,2,5,2
1176,1,5,2
1176,0,5,2
1176,0,5,81
1176,1,5,2
1176,2,5,2
1176,2,4,2
1176,3,4,2
1176,4,4,2
1176,5,4,2
1176,6,4,2
1176,7,4,2
1176,7,4,110
1177,7,0,2
1177,6,0,2
1177,5,0,2
1177,4,0,2
1177,3,0,2
1177,3,1,2
1177,2,1,2
1177,2,2,2
1177,1,2,2
1177,1,3,2
1177,1,4,2
1177,1,5,2
1177,1,6,2
1177,1,7,2
1177,1,7,82
1177,1,6,2
1177,1,5,2
1177,2,5,2
1177,2,5,38
1177,2,4,2
1177,2,3,2
1177,3,3,2
1177,3,2,2
1177,3,1,2
1177,3,0,2
1177,3,0,48
1177,2,0,2
1177,1,0,2
1177,1,0,44
1177,2,0,2
1177,3,0,2
1177,3,1,2
1177,3,2,2
1177,3,3,2
1177,3,4,2
1177,4,4,2
1177,5,4,2
1177,6,4,2
1177,7,4,2
1177,7,4,113
1178,7,0,2
1178,6,0,2
1178,6,1,2
1178,6,2,2
1178,6,3,2
1178,5,3,2
1178,5,4,2
1178,4,4,2
1178,3,4,2
1178,2,4,2
1178,1,4,2
1178,0,4,2
1178,0,4,27
1178,0,5,2
1178,1,5,2
1178,1,6,2
1178,1,7,2
1178,2,7,2
1178,2,8,2
1178,2,9,2
1178,2,9,51
1178,2,8,2
1178,2,7,2
1178,3,7,2
1178,3,6,2
1178,3,5,2
1178,3,4,2
1178,3,3,2
1178,3,2,2
1178,3,1,2
1178,3,0,2
1178,3,0,49
1178,4,0,2
1178,5,0,2
1178,6,0,2
1178,6,1,2
1178,6,2,2
1178,6,3,2
1178,6,4,2
1178,7,4,2
1178,7,4,99
1179,7,0,2
1179,7,1,2
1179,6,1,2
1179,6,2,2
1179,6,3,2
1179,5,3,2
1179,4,3,2
1179,3,3,2
1179,3,4,2
1179,3,5,2
1179,3,6,2
1179,3,7,2
1179,3,8,2
1179,3,9,2
1179,3,9,62
1179,2,9,2
1179,2,8,2
1179,2,7,2
1179,1,7,2
1179,1,6,2
1179,1,5,2
1179,1,4,2
1179,1,3,2
1179,1,2,2
1179,1,1,2
1179,1,1,80
1179,0,1,2
1179,0,2,2
1179,0,3,2
1179,0,4,2
1179,0,5,2
1179,0,6,2
1179,0,7,2
1179,0,8,2
1179,0,8,31
1179,0,7,2
1179,0,6,2
1179,0,5,2
1179,0,4,2
1179,1,4,2
1179,2,4,2
1179,3,4,2
1179,4,4,2
1179,5,4,2
1179,6,4,2
1179,7,4,2
1179,7,4,85
1180,7,0,2
1180,7,1,2
1180,7,2,2
1180,7,3,2
1180,6,3,2
1180,5,3,2
1180,5,4,2
1180,4,4,2
1180,4,5,2
1180,4,6,2
1180,3,6,2
1180,3,7,2
1180,3,8,2
1180,2,8,2
1180,1,8,2
1180,1,8,69
1180,2,8,2
1180,3,8,2
1180,3,7,2
1180,3,6,2
1180,3,5,2
1180,3,4,2
1180,4,4,2
1180,5,4,2
1180,6,4,2
1180,7,4,2
1180,7,4,46
1181,7,0,2
1181,7,1,2
1181,7,2,2
1181,6,2,2
1181,5,2,2
1181,4,2,2
1181,3,2,2
1181,2,2,2
1181,1,2,2
1181,0,2,2
1181,0,2,65
1181,1,2,2
1181,2,2,2
1181,2,3,2
1181,3,3,2
1181,4,3,2
1181,5,3,2
1181,5,4,2
1181,5,5,2
1181,5,6,2
1181,5,7,2
1181,5,7,65
1181,6,7,2
1181,7,7,2
1181,7,6,2
1181,7,5,2
1181,7,4,2
1181,7,4,87
1182,7,0,2
1182,6,0,2
1182,5,0,2
1182,4,0,2
1182,3,0,2
1182,3,0,73
1182,2,0,2
1182,1,0,2
1182,0,0,2
1182,0,1,2
1182,0,2,2
1182,0,3,2
1182,0,4,2
1182,0,5,2
1182,0,5,20
1182,0,4,2
1182,1,4,2
1182,2,4,2
1182,3,4,2
1182,4,4,2
1182,5,4,2
1182,6,4,2
1182,7,4,2
1182,7,4,64
1183,7,0,2
1183,6,0,2
1183,5,0,2
1183,4,0,2
1183,4,1,2
1183,3,1,2
1183,3,2,2
1183,3,2,54
1183,4,2,2
1183,4,3,2
1183,4,4,2
1183,4,5,2
1183,4,5,68
1183,4,4,2
1183,3,4,2
1183,2,4,2
1183,2,3,2
1183,2,2,2
1183,1,2,2
1183,0,2,2
1183,0,1,2
1183,0,1,22
1183,1,1,2
1183,1,2,2
1183,1,3,2
1183,1,4,2
1183,2,4,2
1183,3,4,2
1183,4,4,2
1183,5,4,2
1183,6,4,2
1183,7,4,2
1183,7,4,48
1184,7,0,2
1184,7,1,2
1184,7,2,2
1184,6,2,2
1184,5,2,2
1184,4,2,2
1184,3,2,2
1184,2,2,2
1184,1,2,2
1184,1,2,51
1184,1,3,2
1184,1,4,2
1184,2,4,2
1184,3,4,2
1184,4,4,2
1184,5,4,2
1184,6,4,2
1184,7,4,2
1184,7,4,33
1185,7,0,2
1185,6,0,2
1185,6,1,2
1185,5,1,2
1185,4,1,2
1185,3,1,2
1185,2,1,2
1185,1,1,2
1185,1,1,76
1185,2,1,2
1185,2,2,2
1185,2,3,2
1185,2,3,23
1185,2,4,2
1185,3,4,2
1185,4,4,2
1185,5,4,2
1185,6,4,2
1185,7,4,2
1185,7,4,89
1186,7,0,2
1186,6,0,2
1186,6,1,2
1186,5,1,2
1186,5,2,2
1186,5,3,2
1186,5,4,2
1186,5,4,78
1186,4,4,2
1186,4,4,31
1186,4,5,2
1186,4,6,2
1186,4,7,2
1186,3,7,2
1186,2,7,2
1186,1,7,2
1186,0,7,2
1186,0,7,30
1186,0,6,2
1186,0,5,2
1186,0,4,2
1186,0,3,2
1186,0,2,2
1186,0,1,2
1186,0,0,2
1186,0,0,77
1186,1,0,2
1186,1,1,2
1186,1,2,2
1186,1,3,2
1186,1,4,2
1186,1,5,2
1186,1,5,56
1186,2,5,2
1186,2,4,2
1186,3,4,2
1186,4,4,2
1186,5,4,2
1186,6,4,2
1186,7,4,2
1186,7,4,61
1187,7,0,2
1187,6,0,2
1187,5,0,2
1187,5,1,2
1187,5,2,2
1187,4,2,2
1187,3,2,2
1187,2,2,2
1187,1,2,2
1187,0,2,2
1187,0,2,23
1187,0,1,2
1187,0,0,2
1187,0,0,50
1187,1,0,2
1187,2,0,2
1187,2,1,2
1187,3,1,2
1187,4,1,2
1187,4,2,2
1187,5,2,2
1187,5,3,2
1187,5,4,2
1187,5,5,2
1187,6,5,2
1187,6,6,2
1187,6,7,2
1187,6,8,2
1187,6,8,69
1187,7,8,2
1187,7,7,2
1187,7,6,2
1187,7,5,2
1187,7,4,2
1187,7,4,43
1188,7,0,2
1188,6,0,2
1188,6,1,2
1188,6,1,55
1188,5,1,2
1188,5,0,2
1188,4,0,2
1188,3,0,2
1188,2,0,2
1188,2,0,60
1188,2,1,2
1188,3,1,2
1188,4,1,2
1188,5,1,2
1188,5,2,2
1188,6,2,2
1188,6,3,2
1188,6,4,2
1188,7,4,2
1188,7,4,48
1189,7,0,2
1189,6,0,2
1189,6,1,2
1189,5,1,2
1189,4,1,2
1189,4,2,2
1189,4,3,2
1189,4,4,2
1189,4,5,2
1189,4,6,2
1189,4,6,77
1189,3,6,2
1189,2,6,2
1189,2,5,2
1189,2,4,2
1189,2,3,2
1189,2,2,2
1189,2,2,88
1189,3,2,2
1189,4,2,2
1189,5,2,2
1189,6,2,2
1189,7,2,2
1189,7,3,2
1189,7,4,2
1189,7,4,80
1190,7,0,2
1190,7,1,2
1190,6,1,2
1190,5,1,2
1190,4,1,2
1190,3,1,2
1190,3,2,2
1190,3,2,37
1190,2,2,2
1190,1,2,2
1190,0,2,2
1190,0,3,2
1190,0,4,2
1190,0,5,2
1190,0,6,2
1190,0,7,2
1190,0,8,2
1190,0,9,2
1190,0,9,68
1190,1,9,2
1190,1,8,2
1190,2,8,2
1190,3,8,2
1190,4,8,2
1190,4,7,2
1190,4,6,2
1190,4,5,2
1190,4,4,2
1190,5,4,2
1190,6,4,2
1190,7,4,2
1190,7,4,115
1191,7,0,2
1191,6,0,2
1191,6,1,2
1191,6,1,89
1191,6,2,2
1191,5,2,2
1191,5,3,2
1191,5,4,2
1191,5,5,2
1191,5,6,2
1191,5,7,2
1191,5,8,2
1191,5,8,62
1191,4,8,2
1191,3,8,2
1191,3,8,69
1191,3,7,2
1191,3,6,2
1191,3,5,2
1191,3,4,2
1191,4,4,2
1191,5,4,2
1191,6,4,2
1191,7,4,2
1191,7,4,78
1192,7,0,2
1192,7,1,2
1192,6,1,2
1192,6,2,2
1192,6,3,2
1192,6,4,2
1192,6,5,2
1192,6,6,2
1192,6,7,2
1192,6,8,2
1192,6,9,2
1192,6,9,51
1192,5,9,2
1192,5,8,2
1192,5,7,2
1192,4,7,2
1192,4,6,2
1192,4,5,2
1192,3,5,2
1192,3,4,2
1192,3,3,2
1192,3,3,26
1192,3,2,2
1192,3,1,2
1192,2,1,2
1192,1,1,2
1192,0,1,2
1192,0,1,82
1192,0,2,2
1192,0,3,2
1192,1,3,2
1192,2,3,2
1192,3,3,2
1192,4,3,2
1192,4,4,2
1192,5,4,2
1192,6,4,2
1192,7,4,2
1192,7,4,113
1193,7,0,2
1193,7,1,2
1193,6,1,2
1193,6,2,2
1193,6,3,2
1193,5,3,2
1193,5,4,2
1193,5,5,2
1193,5,6,2
1193,5,7,2
1193,5,7,37
1193,5,6,2
1193,6,6,2
1193,6,5,2
1193,6,4,2
1193,6,3,2
1193,6,2,2
1193,6,1,2
1193,6,1,56
1193,6,2,2
1193,5,2,2
1193,4,2,2
1193,4,3,2
1193,4,4,2
1193,4,5,2
1193,4,6,2
1193,4,6,73
1193,4,5,2
1193,4,4,2
1193,4,3,2
1193,4,3,37
1193,5,3,2
1193,6,3,2
1193,6,4,2
1193,7,4,2
1193,7,4,115
1194,7,0,2
1194,6,0,2
1194,6,1,2
1194,5,1,2
1194,5,2,2
1194,5,3,2
1194,5,4,2
1194,5,5,2
1194,5,6,2
1194,5,7,2
1194,5,8,2
1194,5,8,53
1194,4,8,2
1194,4,7,2
1194,3,7,2
1194,3,6,2
1194,3,5,2
1194,3,4,2
1194,2,4,2
1194,2,3,2
1194,2,2,2
1194,1,2,2
1194,1,1,2
1194,1,0,2
1194,1,0,50
1194,1,1,2
1194,1,2,2
1194,2,2,2
1194,3,2,2
1194,4,2,2
1194,5,2,2
1194,5,2,44
1194,5,3,2
1194,6,3,2
1194,7,3,2
1194,7,4,2
1194,7,4,75
1195,7,0,2
1195,6,0,2
1195,5,0,2
1195,5,0,55
1195,5,1,2
1195,6,1,2
1195,6,2,2
1195,6,3,2
1195,7,3,2
1195,7,4,2
1195,7,4,42
1196,7,0,2
1196,6,0,2
1196,5,0,2
1196,5,0,35
1196,5,1,2
1196,5,2,2
1196,5,3,2
1196,5,4,2
1196,4,4,2
1196,3,4,2
1196,2,4,2
1196,1,4,2
1196,1,4,25
1196,2,4,2
1196,2,3,2
1196,2,2,2
1196,2,1,2
1196,2,1,57
1196,3,1,2
1196,4,1,2
1196,5,1,2
1196,6,1,2
1196,7,1,2
1196,7,2,2
1196,7,3,2
1196,7,4,2
1196,7,4,69
1197,7,0,2
1197,6,0,2
1197,6,1,2
1197,5,1,2
1197,4,1,2
1197,3,1,2
1197,3,2,2
1197,2,2,2
1197,1,2,2
1197,1,3,2
1197,1,3,78
1197,2,3,2
1197,2,4,2
1197,3,4,2
1197,4,4,2
1197,5,4,2
1197,6,4,2
1197,7,4,2
1197,7,4,83
1198,7,0,2
1198,6,0,2
1198,5,0,2
1198,4,0,2
1198,4,1,2
1198,4,2,2
1198,4,3,2
1198,4,4,2
1198,4,5,2
1198,4,5,79
1198,5,5,2
1198,5,4,2
1198,6,4,2
1198,7,4,2
1198,7,4,40
1199,7,0,2
1199,7,1,2
1199,7,2,2
1199,6,2,2
1199,5,2,2
1199,4,2,2
1199,3,2,2
1199,2,2,2
1199,1,2,2
1199,0,2,2
1199,0,2,75
1199,1,2,2
1199,1,3,2
1199,1,4,2
1199,2,4,2
1199,3,4,2
1199,4,4,2
1199,5,4,2
1199,6,4,2
1199,7,4,2
1199,7,4,101
1200,7,0,2
1200,7,1,2
1200,6,1,2
1200,5,1,2
1200,5,2,2
1200,5,3,2
1200,4,3,2
1200,4,4,2
1200,4,5,2
1200,3,5,2
1200,2,5,2
1200,1,5,2
1200,0,5,2
1200,0,5,70
1200,1,5,2
1200,2,5,2
1200,3,5,2
1200,3,5,56
1200,3,4,2
1200,3,3,2
1200,3,2,2
1200,3,1,2
1200,3,1,78
1200,2,1,2
1200,1,1,2
1200,1,1,51
1200,2,1,2
1200,3,1,2
1200,3,2,2
1200,4,2,2
1200,5,2,2
1200,6,2,2
1200,7,2,2
1200,7,3,2
1200,7,4,2
1200,7,4,80
1201,7,0,2
1201,7,1,2
1201,7,2,2
1201,7,3,2
1201,6,3,2
1201,5,3,2
1201,4,3,2
1201,4,3,60
1201,5,3,2
1201,5,4,2
1201,5,5,2
1201,5,6,2
1201,5,7,2
1201,5,8,2
1201,5,9,2
1201,5,9,62
1201,4,9,2
1201,3,9,2
1201,2,9,2
1201,1,9,2
1201,1,8,2
1201,1,7,2
1201,1,6,2
1201,1,6,30
1201,1,7,2
1201,2,7,2
1201,2,8,2
1201,2,8,47
1201,3,8,2
1201,4,8,2
1201,5,8,2
1201,6,8,2
1201,6,7,2
1201,6,6,2
1201,6,5,2
1201,6,4,2
1201,6,3,2
1201,6,2,2
1201,6,1,2
1201,6,0,2
1201,6,0,33
1201,7,0,2
1201,7,1,2
1201,7,2,2
1201,7,3,2
1201,7,4,2
1201,7,4,36
1202,7,0,2
1202,6,0,2
1202,5,0,2
1202,4,0,2
1202,3,0,2
1202,2,0,2
1202,1,0,2
1202,0,0,2
1202,0,0,32
1202,0,1,2
1202,1,1,2
1202,1,2,2
1202,1,3,2
1202,1,4,2
1202,1,5,2
1202,1,6,2
1202,1,7,2
1202,1,8,2
1202,1,9,2
1202,1,9,37
1202,1,8,2
1202,1,7,2
1202,1,6,2
1202,2,6,2
1202,3,6,2
1202,4,6,2
1202,5,6,2
1202,6,6,2
1202,6,5,2
1202,6,5,32
1202,6,4,2
1202,7,4,2
1202,7,4,90
1203,7,0,2
1203,6,0,2
1203,6,1,2
1203,5,1,2
1203,5,2,2
1203,4,2,2
1203,3,2,2
1203,2,2,2
1203,1,2,2
1203,0,2,2
1203,0,2,81
1203,1,2,2
1203,2,2,2
1203,2,1,2
1203,2,1,35
1203,2,2,2
1203,1,2,2
1203,0,2,2
1203,0,3,2
1203,0,4,2
1203,0,4,22
1203,1,4,2
1203,2,4,2
1203,3,4,2
1203,4,4,2
1203,5,4,2
1203,6,4,2
1203,7,4,2
1203,7,4,106
1204,7,0,2
1204,7,1,2
1204,7,2,2
1204,7,3,2
1204,6,3,2
1204,6,4,2
1204,5,4,2
1204,4,4,2
1204,3,4,2
1204,3,4,80
1204,3,5,2
1204,3,6,2
1204,3,7,2
1204,2,7,2
1204,1,7,2
1204,0,7,2
1204,0,7,20
1204,1,7,2
1204,2,7,2
1204,3,7,2
1204,3,6,2
1204,3,5,2
1204,3,4,2
1204,4,4,2
1204,5,4,2
1204,6,4,2
1204,7,4,2
1204,7,4,87
1205,7,0,2
1205,6,0,2
1205,5,0,2
1205,5,1,2
1205,5,2,2
1205,5,3,2
1205,4,3,2
1205,3,3,2
1205,3,4,2
1205,2,4,2
1205,1,4,2
1205,1,5,2
1205,1,6,2
1205,1,7,2
1205,0,7,2
1205,0,7,29
1205,1,7,2
1205,1,6,2
1205,1,5,2
1205,2,5,2
1205,3,5,2
1205,3,5,66
1205,3,4,2
1205,3,3,2
1205,3,2,2
1205,2,2,2
1205,2,2,40
1205,2,3,2
1205,2,4,2
1205,2,5,2
1205,2,6,2
1205,2,6,85
1205,2,5,2
1205,3,5,2
1205,3,4,2
1205,4,4,2
1205,5,4,2
1205,6,4,2
1205,7,4,2
1205,7,4,115
1206,7,0,2
1206,6,0,2
1206,5,0,2
1206,5,1,2
1206,5,2,2
1206,4,2,2
1206,3,2,2
1206,3,3,2
1206,2,3,2
1206,2,4,2
1206,2,5,2
1206,2,6,2
1206,2,6,49
1206,2,5,2
1206,3,5,2
1206,4,5,2
1206,5,5,2
1206,6,5,2
1206,6,5,25
1206,5,5,2
1206,5,4,2
1206,5,3,2
1206,5,2,2
1206,5,1,2
1206,5,0,2
1206,5,0,50
1206,6,0,2
1206,6,1,2
1206,6,2,2
1206,7,2,2
1206,7,3,2
1206,7,4,2
1206,7,4,46
1207,7,0,2
1207,6,0,2
1207,5,0,2
1207,4,0,2
1207,4,1,2
1207,4,2,2
1207,4,2,23
1207,4,3,2
1207,5,3,2
1207,5,4,2
1207,6,4,2
1207,7,4,2
1207,7,4,108
1208,7,0,2
1208,6,0,2
1208,6,1,2
1208,6,2,2
1208,6,3,2
1208,6,4,2
1208,6,4,20
1208,5,4,2
1208,5,3,2
1208,5,2,2
1208,5,1,2
1208,5,1,82
1208,6,1,2
1208,6,1,69
1208,6,2,2
1208,7,2,2
1208,7,3,2
1208,7,4,2
1208,7,4,105
1209,7,0,2
1209,7,1,2
1209,7,2,2
1209,6,2,2
1209,5,2,2
1209,4,2,2
1209,3,2,2
1209,2,2,2
1209,1,2,2
1209,1,2,28
1209,0,2,2
1209,0,3,2
1209,0,4,2
1209,0,5,2
1209,0,5,59
1209,0,4,2
1209,1,4,2
1209,2,4,2
1209,3,4,2
1209,4,4,2
1209,5,4,2
1209,6,4,2
1209,7,4,2
1209,7,4,100
1210,7,0,2
1210,6,0,2
1210,5,0,2
1210,4,0,2
1210,3,0,2
1210,3,0,38
1210,2,0,2
1210,2,1,2
1210,2,2,2
1210,2,3,2
1210,2,4,2
1210,2,4,56
1210,3,4,2
1210,4,4,2
1210,5,4,2
1210,6,4,2
1210,7,4,2
1210,7,4,46
1211,7,0,2
1211,6,0,2
1211,6,1,2
1211,5,1,2
1211,5,2,2
1211,5,3,2
1211,4,3,2
1211,4,4,2
1211,3,4,2
1211,2,4,2
1211,2,4,58
1211,3,4,2
1211,4,4,2
1211,5,4,2
1211,6,4,2
1211,7,4,2
1211,7,4,101
1212,7,0,2
1212,7,1,2
1212,7,2,2
1212,6,2,2
1212,6,3,2
1212,6,4,2
1212,6,5,2
1212,5,5,2
1212,5,6,2
1212,5,7,2
1212,4,7,2
1212,3,7,2
1212,3,7,47
1212,3,6,2
1212,3,5,2
1212,2,5,2
1212,2,4,2
1212,1,4,2
1212,1,3,2
1212,0,3,2
1212,0,2,2
1212,0,1,2
1212,0,0,2
1212,0,0,72
1212,0,1,2
1212,1,1,2
1212,1,2,2
1212,2,2,2
1212,3,2,2
1212,3,3,2
1212,3,4,2
1212,3,5,2
1212,3,6,2
1212,3,7,2
1212,4,7,2
1212,5,7,2
1212,5,7,76
1212,6,7,2
1212,6,6,2
1212,6,5,2
1212,6,4,2
1212,7,4,2
1212,7,4,43
1213,7,0,2
1213,7,1,2
1213,6,1,2
1213,5,1,2
1213,5,2,2
1213,5,3,2
1213,5,4,2
1213,4,4,2
1213,3,4,2
1213,2,4,2
1213,1,4,2
1213,0,4,2
1213,0,4,59
1213,0,3,2
1213,0,2,2
1213,0,1,2
1213,0,1,81
1213,0,2,2
1213,1,2,2
1213,2,2,2
1213,2,3,2
1213,2,4,2
1213,2,5,2
1213,2,6,2
1213,2,7,2
1213,2,8,2
1213,2,8,35
1213,3,8,2
1213,3,7,2
1213,4,7,2
1213,5,7,2
1213,6,7,2
1213,6,6,2
1213,6,5,2
1213,7,5,2
1213,7,4,2
1213,7,4,92
1214,7,0,2
1214,6,0,2
1214,6,1,2
1214,6,2,2
1214,6,3,2
1214,5,3,2
1214,4,3,2
1214,4,3,60
1214,4,4,2
1214,5,4,2
1214,6,4,2
1214,7,4,2
1214,7,4,100
1215,7,0,2
1215,6,0,2
1215,5,0,2
1215,5,1,2
1215,5,2,2
1215,5,3,2
1215,5,4,2
1215,5,5,2
1215,5,5,66
1215,4,5,2
1215,3,5,2
1215,3,4,2
1215,2,4,2
1215,2,3,2
1215,2,2,2
1215,2,2,49
1215,3,2,2
1215,4,2,2
1215,5,2,2
1215,5,3,2
1215,5,4,2
1215,5,5,2
1215,5,6,2
1215,5,7,2
1215,5,8,2
1215,5,9,2
1215,5,9,42
1215,5,8,2
1215,5,7,2
1215,4,7,2
1215,3,7,2
1215,3,6,2
1215,3,5,2
1215,2,5,2
1215,1,5,2
1215,1,4,2
1215,0,4,2
1215,0,4,22
1215,1,4,2
1215,1,5,2
1215,1,6,2
1215,1,7,2
1215,1,8,2
1215,1,9,2
1215,1,9,26
1215,1,8,2
1215,1,7,2
1215,1,6,2
1215,1,5,2
1215,1,4,2
1215,1,3,2
1215,1,2,2
1215,1,2,44
1215,1,1,2
1215,1,0,2
1215,0,0,2
1215,0,0,28
1215,0,1,2
1215,1,1,2
1215,2,1,2
1215,2,2,2
1215,2,3,2
1215,3,3,2
1215,3,4,2
1215,4,4,2
1215,5,4,2
1215,6,4,2
1215,7,4,2
1215,7,4,110
1216,7,0,2
1216,6,0,2
1216,6,1,2
1216,5,1,2
1216,4,1,2
1216,4,2,2
1216,4,3,2
1216,3,3,2
1216,3,4,2
1216,3,4,29
1216,4,4,2
1216,5,4,2
1216,5,5,2
1216,5,5,61
1216,4,5,2
1216,3,5,2
1216,2,5,2
1216,1,5,2
1216,0,5,2
1216,0,5,81
1216,0,4,2
1216,0,3,2
1216,0,2,2
1216,0,1,2
1216,0,1,68
1216,0,2,2
1216,0,3,2
1216,0,4,2
1216,1,4,2
1216,2,4,2
1216,3,4,2
1216,4,4,2
1216,5,4,2
1216,6,4,2
1216,7,4,2
1216,7,4,85
1217,7,0,2
1217,6,0,2
1217,6,1,2
1217,5,1,2
1217,5,2,2
1217,4,2,2
1217,4,3,2
1217,4,3,73
1217,5,3,2
1217,5,4,2
1217,6,4,2
1217,6,4,60
1217,7,4,2
1217,7,4,87
1218,7,0,2
1218,7,1,2
1218,7,2,2
1218,6,2,2
1218,6,3,2
1218,5,3,2
1218,5,4,2
1218,5,5,2
1218,5,6,2
1218,4,6,2
1218,3,6,2
1218,3,7,2
1218,3,8,2
1218,3,8,28
1218,3,7,2
1218,3,6,2
1218,3,5,2
1218,3,4,2
1218,3,4,45
1218,3,3,2
1218,3,2,2
1218,3,1,2
1218,3,1,27
1218,3,2,2
1218,3,3,2
1218,3,4,2
1218,4,4,2
1218,5,4,2
1218,6,4,2
1218,7,4,2
1218,7,4,33
1219,7,0,2
1219,6,0,2
1219,6,1,2
1219,6,2,2
1219,6,3,2
1219,5,3,2
1219,5,4,2
1219,4,4,2
1219,3,4,2
1219,2,4,2
1219,1,4,2
1219,0,4,2
1219,0,4,87
1219,0,3,2
1219,0,2,2
1219,0,1,2
1219,0,0,2
1219,0,0,87
1219,1,0,2
1219,1,1,2
1219,1,2,2
1219,2,2,2
1219,3,2,2
1219,3,3,2
1219,3,4,2
1219,4,4,2
1219,5,4,2
1219,6,4,2
1219,7,4,2
1219,7,4,78
1220,7,0,2
1220,6,0,2
1220,5,0,2
1220,4,0,2
1220,4,1,2
1220,3,1,2
1220,2,1,2
1220,1,1,2
1220,1,2,2
1220,0,2,2
1220,0,3,2
1220,0,4,2
1220,0,5,2
1220,0,5,58
1220,1,5,2
1220,1,4,2
1220,1,3,2
1220,1,2,2
1220,2,2,2
1220,3,2,2
1220,4,2,2
1220,5,2,2
1220,6,2,2
1220,6,2,26
1220,5,2,2
1220,4,2,2
1220,4,3,2
1220,3,3,2
1220,2,3,2
1220,2,4,2
1220,2,4,47
1220,3,4,2
1220,4,4,2
1220,5,4,2
1220,6,4,2
1220,7,4,2
1220,7,4,36
1221,7,0,2
1221,6,0,2
1221,5,0,2
1221,4,0,2
1221,4,0,70
1221,4,1,2
1221,5,1,2
1221,6,1,2
1221,6,2,2
1221,6,3,2
1221,6,4,2
1221,6,5,2
1221,6,6,2
1221,6,7,2
1221,6,8,2
1221,6,8,21
1221,5,8,2
1221,4,8,2
1221,3,8,2
1221,2,8,2
1221,1,8,2
1221,0,8,2
1221,0,8,75
1221,0,7,2
1221,0,6,2
1221,0,5,2
1221,0,4,2
1221,0,3,2
1221,0,2,2
1221,0,1,2
1221,0,1,82
1221,0,2,2
1221,1,2,2
1221,1,3,2
1221,1,4,2
1221,2,4,2
1221,3,4,2
1221,4,4,2
1221,5,4,2
1221,6,4,2
1221,7,4,2
1221,7,4,117
1222,7,0,2
1222,7,1,2
1222,6,1,2
1222,6,2,2
1222,6,3,2
1222,5,3,2
1222,4,3,2
1222,3,3,2
1222,2,3,2
1222,2,4,2
1222,1,4,2
1222,1,5,2
1222,1,6,2
1222,1,7,2
1222,1,7,74
1222,2,7,2
1222,3,7,2
1222,4,7,2
1222,4,6,2
1222,4,5,2
1222,4,4,2
1222,4,3,2
1222,4,2,2
1222,4,1,2
1222,4,0,2
1222,4,0,52
1222,5,0,2
1222,6,0,2
1222,6,0,88
1222,6,1,2
1222,6,2,2
1222,6,3,2
1222,5,3,2
1222,5,4,2
1222,4,4,2
1222,3,4,2
1222,3,5,2
1222,2,5,2
1222,1,5,2
1222,1,6,2
1222,1,7,2
1222,1,8,2
1222,1,9,2
1222,1,9,89
1222,1,8,2
1222,2,8,2
1222,3,8,2
1222,3,7,2
1222,4,7,2
1222,5,7,2
1222,6,7,2
1222,7,7,2
1222,7,6,2
1222,7,5,2
1222,7,4,2
1222,7,4,50
1223,7,0,2
1223,6,0,2
1223,6,1,2
1223,5,1,2
1223,5,2,2
1223,5,3,2
1223,4,3,2
1223,4,4,2
1223,4,5,2
1223,4,5,42
1223,4,4,2
1223,3,4,2
1223,3,3,2
1223,3,2,2
1223,2,2,2
1223,2,2,20
1223,1,2,2
1223,0,2,2
1223,0,1,2
1223,0,0,2
1223,0,0,69
1223,1,0,2
1223,2,0,2
1223,3,0,2
1223,4,0,2
1223,5,0,2
1223,5,0,36
1223,5,1,2
1223,5,2,2
1223,5,3,2
1223,5,4,2
1223,5,5,2
1223,5,6,2
1223,5,7,2
1223,5,7,61
1223,5,6,2
1223,5,5,2
1223,5,4,2
1223,4,4,2
1223,4,4,78
1223,5,4,2
1223,6,4,2
1223,7,4,2
1223,7,4,81
1224,7,0,2
1224,6,0,2
1224,6,1,2
1224,5,1,2
1224,4,1,2
1224,4,2,2
1224,3,2,2
1224,3,3,2
1224,2,3,2
1224,1,3,2
1224,1,4,2
1224,1,4,81
1224,1,5,2
1224,2,5,2
1224,3,5,2
1224,4,5,2
1224,5,5,2
1224,6,5,2
1224,6,5,57
1224,6,4,2
1224,5,4,2
1224,5,3,2
1224,4,3,2
1224,4,2,2
1224,4,1,2
1224,4,0,2
1224,3,0,2
1224,2,0,2
1224,1,0,2
1224,0,0,2
1224,0,0,77
1224,0,1,2
1224,0,2,2
1224,0,3,2
1224,1,3,2
1224,2,3,2
1224,2,4,2
1224,3,4,2
1224,4,4,2
1224,5,4,2
1224,6,4,2
1224,7,4,2
1224,7,4,49
1225,7,0,2
1225,6,0,2
1225,5,0,2
1225,5,1,2
1225,4,1,2
1225,3,1,2
1225,3,1,49
1225,3,2,2
1225,3,3,2
1225,3,3,79
1225,4,3,2
1225,5,3,2
1225,6,3,2
1225,7,3,2
1225,7,4,2
1225,7,4,43
1226,7,0,2
1226,7,1,2
1226,6,1,2
1226,5,1,2
1226,4,1,2
1226,4,1,49
1226,3,1,2
1226,3,0,2
1226,2,0,2
1226,1,0,2
1226,1,0,85
1226,1,1,2
1226,1,2,2
1226,1,3,2
1226,1,4,2
1226,1,5,2
1226,1,5,59
1226,2,5,2
1226,2,4,2
1226,3,4,2
1226,4,4,2
1226,5,4,2
1226,6,4,2
1226,7,4,2
1226,7,4,97
1227,7,0,2
1227,7,1,2
1227,7,2,2
1227,6,2,2
1227,5,2,2
1227,4,2,2
1227,3,2,2
1227,2,2,2
1227,1,2,2
1227,1,3,2
1227,1,4,2
1227,1,4,52
1227,2,4,2
1227,3,4,2
1227,4,4,2
1227,5,4,2
1227,5,4,28
1227,6,4,2
1227,7,4,2
1227,7,4,118
1228,7,0,2
1228,6,0,2
1228,6,0,31
1228,6,1,2
1228,5,1,2
1228,5,2,2
1228,4,2,2
1228,4,3,2
1228,3,3,2
1228,2,3,2
1228,1,3,2
1228,1,3,58
1228,1,4,2
1228,2,4,2
1228,3,4,2
1228,4,4,2
1228,5,4,2
1228,6,4,2
1228,7,4,2
1228,7,4,76
1229,7,0,2
1229,7,1,2
1229,6,1,2
1229,5,1,2
1229,4,1,2
1229,3,1,2
1229,2,1,2
1229,1,1,2
1229,1,1,61
1229,1,2,2
1229,1,3,2
1229,2,3,2
1229,3,3,2
1229,3,4,2
1229,4,4,2
1229,4,5,2
1229,5,5,2
1229,5,6,2
1229,5,7,2
1229,5,8,2
1229,5,9,2
1229,5,9,47
1229,5,8,2
1229,6,8,2
1229,7,8,2
1229,7,7,2
1229,7,6,2
1229,7,5,2
1229,7,4,2
1229,7,4,91
1230,7,0,2
1230,6,0,2
1230,6,1,2
1230,5,1,2
1230,4,1,2
1230,3,1,2
1230,3,2,2
1230,3,3,2
1230,3,4,2
1230,3,5,2
1230,3,6,2
1230,3,7,2
1230,3,8,2
1230,3,8,25
1230,4,8,2
1230,4,7,2
1230,4,6,2
1230,4,5,2
1230,4,4,2
1230,4,3,2
1230,4,2,2
1230,4,1,2
1230,4,1,20
1230,4,2,2
1230,3,2,2
1230,3,3,2
1230,3,4,2
1230,3,4,60
1230,4,4,2
1230,5,4,2
1230,6,4,2
1230,7,4,2
1230,7,4,86
1231,7,0,2
1231,7,1,2
1231,7,2,2
1231,6,2,2
1231,6,3,2
1231,5,3,2
1231,4,3,2
1231,3,3,2
1231,2,3,2
1231,1,3,2
1231,0,3,2
1231,0,3,40
1231,1,3,2
1231,2,3,2
1231,3,3,2
1231,3,4,2
1231,4,4,2
1231,5,4,2
1231,6,4,2
1231,7,4,2
1231,7,4,65
1232,7,0,2
1232,7,1,2
1232,6,1,2
1232,5,1,2
1232,5,2,2
1232,5,3,2
1232,4,3,2
1232,4,4,2
1232,3,4,2
1232,3,5,2
1232,3,6,2
1232,2,6,2
1232,1,6,2
1232,0,6,2
1232,0,6,55
1232,0,5,2
1232,1,5,2
1232,1,4,2
1232,2,4,2
1232,3,4,2
1232,4,4,2
1232,5,4,2
1232,6,4,2
1232,7,4,2
1232,7,4,73
1233,7,0,2
1233,6,0,2
1233,5,0,2
1233,5,1,2
1233,4,1,2
1233,3,1,2
1233,3,2,2
1233,3,3,2
1233,3,3,25
1233,3,4,2
1233,4,4,2
1233,5,4,2
1233,6,4,2
1233,7,4,2
1233,7,4,61
1234,7,0,2
1234,6,0,2
1234,6,1,2
1234,6,2,2
1234,5,2,2
1234,4,2,2
1234,3,2,2
1234,3,3,2
1234,3,4,2
1234,3,5,2
1234,3,6,2
1234,3,7,2
1234,3,8,2
1234,2,8,2
1234,1,8,2
1234,1,8,71
1234,1,7,2
1234,1,6,2
1234,1,5,2
1234,1,4,2
1234,1,3,2
1234,0,3,2
1234,0,2,2
1234,0,1,2
1234,0,1,37
1234,1,1,2
1234,1,2,2
1234,1,3,2
1234,2,3,2
1234,3,3,2
1234,3,4,2
1234,4,4,2
1234,5,4,2
1234,6,4,2
1234,7,4,2
1234,7,4,57
1235,7,0,2
1235,7,1,2
1235,6,1,2
1235,6,2,2
1235,6,3,2
1235,6,4,2
1235,6,4,74
1235,5,4,2
1235,4,4,2
1235,3,4,2
1235,2,4,2
1235,1,4,2
1235,0,4,2
1235,0,4,43
1235,1,4,2
1235,2,4,2
1235,3,4,2
1235,4,4,2
1235,5,4,2
1235,6,4,2
1235,7,4,2
1235,7,4,65
1236,7,0,2
1236,6,0,2
1236,6,1,2
1236,5,1,2
1236,4,1,2
1236,3,1,2
1236,2,1,2
1236,1,1,2
1236,1,2,2
1236,1,3,2
1236,1,4,2
1236,1,5,2
1236,1,5,41
1236,1,4,2
1236,2,4,2
1236,3,4,2
1236,4,4,2
1236,5,4,2
1236,6,4,2
1236,7,4,2
1236,7,4,39
1237,7,0,2
1237,7,1,2
1237,6,1,2
1237,5,1,2
1237,5,2,2
1237,4,2,2
1237,3,2,2
1237,3,3,2
1237,3,4,2
1237,3,5,2
1237,3,6,2
1237,3,7,2
1237,3,8,2
1237,3,8,74
1237,3,7,2
1237,4,7,2
1237,4,6,2
1237,4,5,2
1237,4,4,2
1237,4,3,2
1237,4,2,2
1237,4,1,2
1237,4,0,2
1237,4,0,20
1237,4,1,2
1237,4,2,2
1237,5,2,2
1237,6,2,2
1237,7,2,2
1237,7,3,2
1237,7,4,2
1237,7,4,68
1238,7,0,2
1238,6,0,2
1238,5,0,2
1238,5,1,2
1238,5,2,2
1238,5,3,2
1238,5,4,2
1238,5,5,2
1238,5,5,27
1238,5,4,2
1238,6,4,2
1238,7,4,2
1238,7,4,100
1239,7,0,2
1239,7,1,2
1239,6,1,2
1239,5,1,2
1239,4,1,2
1239,3,1,2
1239,2,1,2
1239,1,1,2
1239,1,1,40
1239,1,2,2
1239,1,3,2
1239,1,4,2
1239,2,4,2
1239,2,5,2
1239,2,6,2
1239,2,7,2
1239,2,8,2
1239,2,8,29
1239,3,8,2
1239,3,7,2
1239,3,6,2
1239,4,6,2
1239,4,5,2
1239,4,4,2
1239,4,3,2
1239,5,3,2
1239,5,2,2
1239,6,2,2
1239,6,1,2
1239,6,1,86
1239,6,2,2
1239,6,3,2
1239,7,3,2
1239,7,4,2
1239,7,4,39
1240,7,0,2
1240,7,1,2
1240,7,2,2
1240,7,3,2
1240,7,4,2
1240,7,5,2
1240,7,6,2
1240,6,6,2
1240,6,7,2
1240,6,7,76
1240,6,6,2
1240,5,6,2
1240,5,5,2
1240,5,4,2
1240,5,3,2
1240,5,2,2
1240,5,1,2
1240,5,0,2
1240,5,0,23
1240,5,1,2
1240,5,2,2
1240,5,3,2
1240,5,4,2
1240,6,4,2
1240,7,4,2
1240,7,4,89
1241,7,0,2
1241,7,1,2
1241,7,2,2
1241,6,2,2
1241,5,2,2
1241,4,2,2
1241,4,3,2
1241,3,3,2
1241,3,4,2
1241,3,4,63
1241,3,3,2
1241,2,3,2
1241,2,2,2
1241,2,1,2
1241,1,1,2
1241,1,1,85
1241,2,1,2
1241,2,1,26
1241,2,2,2
1241,2,3,2
1241,2,4,2
1241,3,4,2
1241,4,4,2
1241,5,4,2
1241,6,4,2
1241,7,4,2
1241,7,4,41
1242,7,0,2
1242,6,0,2
1242,5,0,2
1242,4,0,2
1242,3,0,2
1242,3,1,2
1242,3,2,2
1242,3,3,2
1242,2,3,2
1242,2,4,2
1242,2,5,2
1242,2,5,66
1242,3,5,2
1242,3,6,2
1242,3,6,37
1242,3,5,2
1242,3,4,2
1242,3,3,2
1242,3,2,2
1242,3,1,2
1242,3,0,2
1242,3,0,83
1242,2,0,2
1242,1,0,2
1242,0,0,2
1242,0,0,73
1242,1,0,2
1242,2,0,2
1242,2,1,2
1242,2,2,2
1242,2,3,2
1242,2,4,2
1242,2,5,2
1242,2,6,2
1242,2,7,2
1242,2,8,2
1242,2,9,2
1242,2,9,45
1242,2,8,2
1242,1,8,2
1242,1,7,2
1242,1,7,53
1242,2,7,2
1242,2,6,2
1242,2,5,2
1242,3,5,2
1242,3,4,2
1242,4,4,2
1242,5,4,2
1242,6,4,2
1242,7,4,2
1242,7,4,51
1243,7,0,2
1243,6,0,2
1243,6,1,2
1243,5,1,2
1243,4,1,2
1243,3,1,2
1243,2,1,2
1243,1,1,2
1243,1,1,50
1243,2,1,2
1243,3,1,2
1243,4,1,2
1243,4,0,2
1243,5,0,2
1243,6,0,2
1243,6,0,85
1243,6,1,2
1243,5,1,2
1243,5,2,2
1243,4,2,2
1243,4,3,2
1243,3,3,2
1243,3,4,2
1243,2,4,2
1243,2,5,2
1243,2,6,2
1243,2,6,46
1243,3,6,2
1243,4,6,2
1243,5,6,2
1243,5,5,2
1243,6,5,2
1243,6,4,2
1243,7,4,2
1243,7,4,59
1244,7,0,2
1244,6,0,2
1244,6,1,2
1244,5,1,2
1244,4,1,2
1244,3,1,2
1244,3,2,2
1244,3,3,2
1244,3,4,2
1244,3,5,2
1244,3,6,2
1244,3,7,2
1244,3,8,2
1244,3,9,2
1244,3,9,73
1244,3,8,2
1244,3,7,2
1244,2,7,2
1244,2,6,2
1244,2,5,2
1244,2,4,2
1244,2,3,2
1244,2,2,2
1244,2,2,63
1244,2,3,2
1244,2,4,2
1244,1,4,2
1244,0,4,2
1244,0,4,62
1244,1,4,2
1244,2,4,2
1244,3,4,2
1244,4,4,2
1244,5,4,2
1244,6,4,2
1244,7,4,2
1244,7,4,98
1245,7,0,2
1245,7,1,2
1245,7,2,2
1245,6,2,2
1245,6,3,2
1245,5,3,2
1245,5,4,2
1245,5,5,2
1245,5,6,2
1245,4,6,2
1245,3,6,2
1245,2,6,2
1245,1,6,2
1245,1,6,81
1245,2,6,2
1245,2,7,2
1245,3,7,2
1245,3,8,2
1245,3,9,2
1245,3,9,30
1245,2,9,2
1245,1,9,2
1245,0,9,2
1245,0,8,2
1245,0,7,2
1245,0,6,2
1245,0,5,2
1245,0,4,2
1245,0,3,2
1245,0,2,2
1245,0,1,2
1245,0,0,2
1245,0,0,79
1245,1,0,2
1245,2,0,2
1245,2,1,2
1245,3,1,2
1245,4,1,2
1245,4,2,2
1245,5,2,2
1245,5,3,2
1245,5,4,2
1245,6,4,2
1245,7,4,2
1245,7,4,91
1246,7,0,2
1246,6,0,2
1246,5,0,2
1246,4,0,2
1246,3,0,2
1246,2,0,2
1246,1,0,2
1246,1,0,54
1246,1,1,2
1246,1,2,2
1246,2,2,2
1246,3,2,2
1246,3,3,2
1246,4,3,2
1246,5,3,2
1246,6,3,2
1246,7,3,2
1246,7,4,2
1246,7,4,100
1247,7,0,2
1247,7,1,2
1247,7,2,2
1247,7,3,2
1247,6,3,2
1247,6,4,2
1247,6,5,2
1247,6,6,2
1247,6,6,77
1247,6,5,2
1247,6,4,2
1247,7,4,2
1247,7,4,88
1248,7,0,2
1248,7,1,2
1248,7,2,2
1248,6,2,2
1248,6,3,2
1248,5,3,2
1248,4,3,2
1248,3,3,2
1248,2,3,2
1248,1,3,2
1248,1,3,68
1248,1,4,2
1248,2,4,2
1248,3,4,2
1248,4,4,2
1248,5,4,2
1248,6,4,2
1248,7,4,2
1248,7,4,56
1249,7,0,2
1249,7,1,2
1249,7,2,2
1249,7,3,2
1249,7,4,2
1249,6,4,2
1249,5,4,2
1249,4,4,2
1249,3,4,2
1249,2,4,2
1249,1,4,2
1249,0,4,2
1249,0,4,81
1249,1,4,2
1249,1,3,2
1249,2,3,2
1249,2,3,22
1249,2,2,2
1249,3,2,2
1249,4,2,2
1249,4,1,2
1249,4,0,2
1249,4,0,41
1249,5,0,2
1249,5,1,2
1249,6,1,2
1249,6,2,2
1249,6,3,2
1249,6,4,2
1249,7,4,2
1249,7,4,51
1250,7,0,2
1250,6,0,2
1250,6,1,2
1250,5,1,2
1250,5,2,2
1250,5,3,2
1250,4,3,2
1250,4,4,2
1250,4,5,2
1250,4,5,40
1250,3,5,2
1250,2,5,2
1250,1,5,2
1250,0,5,2
1250,0,5,73
1250,1,5,2
1250,1,4,2
1250,2,4,2
1250,3,4,2
1250,3,3,2
1250,4,3,2
1250,4,3,58
1250,4,2,2
1250,3,2,2
1250,3,2,80
1250,4,2,2
1250,5,2,2
1250,6,2,2
1250,6,3,2
1250,6,3,34
1250,5,3,2
1250,4,3,2
1250,3,3,2
1250,3,4,2
1250,3,5,2
1250,2,5,2
1250,1,5,2
1250,1,6,2
1250,0,6,2
1250,0,6,23
1250,1,6,2
1250,1,7,2
1250,2,7,2
1250,3,7,2
1250,3,8,2
1250,4,8,2
1250,4,9,2
1250,4,9,56
1250,4,8,2
1250,4,7,2
1250,4,6,2
1250,5,6,2
1250,5,5,2
1250,5,4,2
1250,6,4,2
1250,7,4,2
1250,7,4,68
1251,7,0,2
1251,6,0,2
1251,5,0,2
1251,4,0,2
1251,3,0,2
1251,2,0,2
1251,1,0,2
1251,1,1,2
1251,1,2,2
1251,1,3,2
1251,1,4,2
1251,1,5,2
1251,1,6,2
1251,1,6,59
1251,2,6,2
1251,3,6,2
1251,4,6,2
1251,5,6,2
1251,5,6,24
1251,5,5,2
1251,5,4,2
1251,6,4,2
1251,7,4,2
1251,7,4,83
1252,7,0,2
1252,7,1,2
1252,6,1,2
1252,5,1,2
1252,5,2,2
1252,4,2,2
1252,3,2,2
1252,2,2,2
1252,1,2,2
1252,0,2,2
1252,0,2,24
1252,0,1,2
1252,1,1,2
1252,2,1,2
1252,3,1,2
1252,3,0,2
1252,3,0,80
1252,3,1,2
1252,2,1,2
1252,1,1,2
1252,1,1,22
1252,1,2,2
1252,2,2,2
1252,3,2,2
1252,3,3,2
1252,3,4,2
1252,4,4,2
1252,4,5,2
1252,4,6,2
1252,4,7,2
1252,4,8,2
1252,4,9,2
1252,5,9,2
1252,6,9,2
1252,6,9,74
1252,6,8,2
1252,6,7,2
1252,6,6,2
1252,5,6,2
1252,4,6,2
1252,3,6,2
1252,2,6,2
1252,1,6,2
1252,1,5,2
1252,1,4,2
1252,1,4,26
1252,2,4,2
1252,3,4,2
1252,4,4,2
1252,5,4,2
1252,6,4,2
1252,7,4,2
1252,7,4,45
1253,7,0,2
1253,6,0,2
1253,5,0,2
1253,4,0,2
1253,3,0,2
1253,2,0,2
1253,1,0,2
1253,0,0,2
1253,0,0,61
1253,0,1,2
1253,0,2,2
1253,0,3,2
1253,0,4,2
1253,0,5,2
1253,0,5,33
1253,0,4,2
1253,1,4,2
1253,2,4,2
1253,3,4,2
1253,4,4,2
1253,5,4,2
1253,6,4,2
1253,6,4,53
1253,7,4,2
1253,7,4,79
1254,7,0,2
1254,7,1,2
1254,6,1,2
1254,5,1,2
1254,5,2,2
1254,5,3,2
1254,5,4,2
1254,4,4,2
1254,3,4,2
1254,2,4,2
1254,2,5,2
1254,1,5,2
1254,1,5,70
1254,2,5,2
1254,3,5,2
1254,4,5,2
1254,5,5,2
1254,6,5,2
1254,7,5,2
1254,7,4,2
1254,7,4,103
1255,7,0,2
1255,7,1,2
1255,7,2,2
1255,7,3,2
1255,7,4,2
1255,6,4,2
1255,6,5,2
1255,5,5,2
1255,4,5,2
1255,4,6,2
1255,4,7,2
1255,4,8,2
1255,3,8,2
1255,3,8,88
1255,2,8,2
1255,2,7,2
1255,2,6,2
1255,2,5,2
1255,2,4,2
1255,1,4,2
1255,0,4,2
1255,0,3,2
1255,0,2,2
1255,0,1,2
1255,0,0,2
1255,0,0,67
1255,1,0,2
1255,2,0,2
1255,3,0,2
1255,4,0,2
1255,4,0,77
1255,4,1,2
1255,4,2,2
1255,3,2,2
1255,3,3,2
1255,3,4,2
1255,3,5,2
1255,3,5,49
1255,2,5,2
1255,2,6,2
1255,2,7,2
1255,1,7,2
1255,1,7,41
1255,2,7,2
1255,3,7,2
1255,4,7,2
1255,5,7,2
1255,6,7,2
1255,6,6,2
1255,7,6,2
1255,7,5,2
1255,7,4,2
1255,7,4,51
1256,7,0,2
1256,6,0,2
1256,5,0,2
1256,5,1,2
1256,5,2,2
1256,5,3,2
1256,4,3,2
1256,4,4,2
1256,3,4,2
1256,2,4,2
1256,1,4,2
1256,1,4,62
1256,2,4,2
1256,3,4,2
1256,4,4,2
1256,4,3,2
1256,5,3,2
1256,5,2,2
1256,6,2,2
1256,6,2,37
1256,6,3,2
1256,6,4,2
1256,7,4,2
1256,7,4,59
1257,7,0,2
1257,7,1,2
1257,6,1,2
1257,6,2,2
1257,6,3,2
1257,5,3,2
1257,5,4,2
1257,5,5,2
1257,4,5,2
1257,3,5,2
1257,3,6,2
1257,3,7,2
1257,2,7,2
1257,1,7,2
1257,1,7,59
1257,1,6,2
1257,2,6,2
1257,3,6,2
1257,3,5,2
1257,4,5,2
1257,4,4,2
1257,4,4,59
1257,5,4,2
1257,6,4,2
1257,7,4,2
1257,7,4,119
1258,7,0,2
1258,6,0,2
1258,5,0,2
1258,4,0,2
1258,3,0,2
1258,2,0,2
1258,1,0,2
1258,0,0,2
1258,0,0,28
1258,0,1,2
1258,0,2,2
1258,0,3,2
1258,0,3,76
1258,1,3,2
1258,1,4,2
1258,1,5,2
1258,2,5,2
1258,3,5,2
1258,4,5,2
1258,5,5,2
1258,5,5,75
1258,5,4,2
1258,6,4,2
1258,7,4,2
1258,7,4,81
1259,7,0,2
1259,7,1,2
1259,6,1,2
1259,6,2,2
1259,5,2,2
1259,4,2,2
1259,4,3,2
1259,4,4,2
1259,3,4,2
1259,2,4,2
1259,2,4,59
1259,3,4,2
1259,4,4,2
1259,5,4,2
1259,6,4,2
1259,7,4,2
1259,7,4,58
1260,7,0,2
1260,6,0,2
1260,6,0,68
1260,6,1,2
1260,6,2,2
1260,6,2,43
1260,5,2,2
1260,5,3,2
1260,5,4,2
1260,5,5,2
1260,5,6,2
1260,4,6,2
1260,4,7,2
1260,4,7,75
1260,5,7,2
1260,6,7,2
1260,6,6,2
1260,6,5,2
1260,7,5,2
1260,7,4,2
1260,7,4,97
1261,7,0,2
1261,7,1,2
1261,7,2,2
1261,6,2,2
1261,6,3,2
1261,6,4,2
1261,6,5,2
1261,5,5,2
1261,5,6,2
1261,5,7,2
1261,4,7,2
1261,3,7,2
1261,2,7,2
1261,1,7,2
1261,0,7,2
1261,0,7,41
1261,1,7,2
1261,2,7,2
1261,3,7,2
1261,4,7,2
1261,4,6,2
1261,5,6,2
1261,5,5,2
1261,5,4,2
1261,6,4,2
1261,7,4,2
1261,7,4,91
1262,7,0,2
1262,7,1,2
1262,6,1,2
1262,5,1,2
1262,5,2,2
1262,5,3,2
1262,4,3,2
1262,4,4,2
1262,3,4,2
1262,2,4,2
1262,2,5,2
1262,2,6,2
1262,2,6,73
1262,1,6,2
1262,1,5,2
1262,1,4,2
1262,1,3,2
1262,0,3,2
1262,0,3,54
1262,1,3,2
1262,2,3,2
1262,2,2,2
1262,3,2,2
1262,4,2,2
1262,4,1,2
1262,4,1,77
1262,5,1,2
1262,6,1,2
1262,6,1,26
1262,6,0,2
1262,5,0,2
1262,4,0,2
1262,3,0,2
1262,2,0,2
1262,1,0,2
1262,1,0,61
1262,2,0,2
1262,2,1,2
1262,2,2,2
1262,3,2,2
1262,4,2,2
1262,5,2,2
1262,6,2,2
1262,6,3,2
1262,7,3,2
1262,7,4,2
1262,7,4,90
1263,7,0,2
1263,7,1,2
1263,6,1,2
1263,5,1,2
1263,4,1,2
1263,3,1,2
1263,3,2,2
1263,2,2,2
1263,2,3,2
1263,2,4,2
1263,2,5,2
1263,2,6,2
1263,2,6,70
1263,2,7,2
1263,3,7,2
1263,4,7,2
1263,4,7,87
1263,3,7,2
1263,2,7,2
1263,1,7,2
1263,1,7,32
1263,2,7,2
1263,3,7,2
1263,3,6,2
1263,3,5,2
1263,3,4,2
1263,4,4,2
1263,5,4,2
1263,6,4,2
1263,7,4,2
1263,7,4,39
1264,7,0,2
1264,6,0,2
1264,5,0,2
1264,4,0,2
1264,3,0,2
1264,2,0,2
1264,1,0,2
1264,0,0,2
1264,0,0,67
1264,0,1,2
1264,1,1,2
1264,1,2,2
1264,1,2,21
1264,1,3,2
1264,2,3,2
1264,2,4,2
1264,3,4,2
1264,4,4,2
1264,5,4,2
1264,6,4,2
1264,7,4,2
1264,7,4,53
1265,7,0,2
1265,6,0,2
1265,5,0,2
1265,4,0,2
1265,4,1,2
1265,3,1,2
1265,2,1,2
1265,2,2,2
1265,1,2,2
1265,1,3,2
1265,0,3,2
1265,0,4,2
1265,0,4,82
1265,0,3,2
1265,0,2,2
1265,0,1,2
1265,0,0,2
1265,0,0,57
1265,1,0,2
1265,2,0,2
1265,3,0,2
1265,3,1,2
1265,4,1,2
1265,4,2,2
1265,4,3,2
1265,5,3,2
1265,5,4,2
1265,5,5,2
1265,5,6,2
1265,6,6,2
1265,6,6,72
1265,7,6,2
1265,7,5,2
1265,7,4,2
1265,7,4,114
1266,7,0,2
1266,6,0,2
1266,5,0,2
1266,5,1,2
1266,5,2,2
1266,4,2,2
1266,4,2,54
1266,4,1,2
1266,3,1,2
1266,3,0,2
1266,2,0,2
1266,1,0,2
1266,0,0,2
1266,0,0,78
1266,0,1,2
1266,1,1,2
1266,2,1,2
1266,2,1,74
1266,2,2,2
1266,2,3,2
1266,3,3,2
1266,4,3,2
1266,5,3,2
1266,6,3,2
1266,7,3,2
1266,7,4,2
1266,7,4,79
1267,7,0,2
1267,7,1,2
1267,7,2,2
1267,7,3,2
1267,6,3,2
1267,5,3,2
1267,4,3,2
1267,3,3,2
1267,2,3,2
1267,2,3,64
1267,3,3,2
1267,3,4,2
1267,3,5,2
1267,3,6,2
1267,3,6,61
1267,3,5,2
1267,4,5,2
1267,4,4,2
1267,5,4,2
1267,6,4,2
1267,7,4,2
1267,7,4,36
1268,7,0,2
1268,6,0,2
1268,5,0,2
1268,4,0,2
1268,4,1,2
1268,4,2,2
1268,4,2,20
1268,4,1,2
1268,5,1,2
1268,5,1,85
1268,4,1,2
1268,3,1,2
1268,3,0,2
1268,2,0,2
1268,1,0,2
1268,1,0,47
1268,2,0,2
1268,3,0,2
1268,3,1,2
1268,4,1,2
1268,5,1,2
1268,6,1,2
1268,7,1,2
1268,7,2,2
1268,7,3,2
1268,7,4,2
1268,7,4,62
1269,7,0,2
1269,6,0,2
1269,5,0,2
1269,5,0,55
1269,5,1,2
1269,4,1,2
1269,4,2,2
1269,4,3,2
1269,4,4,2
1269,3,4,2
1269,3,5,2
1269,2,5,2
1269,2,6,2
1269,2,7,2
1269,2,8,2
1269,2,8,37
1269,3,8,2
1269,4,8,2
1269,5,8,2
1269,5,7,2
1269,5,6,2
1269,6,6,2
1269,7,6,2
1269,7,5,2
1269,7,4,2
1269,7,4,31
1270,7,0,2
1270,6,0,2
1270,5,0,2
1270,4,0,2
1270,3,0,2
1270,2,0,2
1270,1,0,2
1270,0,0,2
1270,0,0,45
1270,1,0,2
1270,1,1,2
1270,1,2,2
1270,1,3,2
1270,1,4,2
1270,1,4,22
1270,1,5,2
1270,1,6,2
1270,1,7,2
1270,1,8,2
1270,1,9,2
1270,1,9,28
1270,2,9,2
1270,2,8,2
1270,2,7,2
1270,3,7,2
1270,4,7,2
1270,4,6,2
1270,5,6,2
1270,5,5,2
1270,5,4,2
1270,5,3,2
1270,5,2,2
1270,5,2,89
1270,5,3,2
1270,6,3,2
1270,6,4,2
1270,7,4,2
1270,7,4,102
1271,7,0,2
1271,6,0,2
1271,5,0,2
1271,4,0,2
1271,4,1,2
1271,3,1,2
1271,2,1,2
1271,1,1,2
1271,1,1,45
1271,2,1,2
1271,3,1,2
1271,3,0,2
1271,4,0,2
1271,5,0,2
1271,6,0,2
1271,6,0,63
1271,5,0,2
1271,4,0,2
1271,4,1,2
1271,3,1,2
1271,3,2,2
1271,3,3,2
1271,3,4,2
1271,3,5,2
1271,3,5,54
1271,3,4,2
1271,2,4,2
1271,2,3,2
1271,1,3,2
1271,0,3,2
1271,0,3,67
1271,0,4,2
1271,1,4,2
1271,2,4,2
1271,3,4,2
1271,4,4,2
1271,5,4,2
1271,6,4,2
1271,7,4,2
1271,7,4,53
1272,7,0,2
1272,6,0,2
1272,6,1,2
1272,6,2,2
1272,6,3,2
1272,6,4,2
1272,6,5,2
1272,6,6,2
1272,6,7,2
1272,5,7,2
1272,5,8,2
1272,5,9,2
1272,4,9,2
1272,3,9,2
1272,3,9,64
1272,4,9,2
1272,4,8,2
1272,4,7,2
1272,5,7,2
1272,5,6,2
1272,6,6,2
1272,6,5,2
1272,6,4,2
1272,7,4,2
1272,7,4,76
1273,7,0,2
1273,7,1,2
1273,7,2,2
1273,7,3,2
1273,7,4,2
1273,7,5,2
1273,6,5,2
1273,6,6,2
1273,5,6,2
1273,4,6,2
1273,4,6,81
1273,3,6,2
1273,2,6,2
1273,2,5,2
1273,2,4,2
1273,2,3,2
1273,2,2,2
1273,2,1,2
1273,2,0,2
1273,2,0,22
1273,2,1,2
1273,3,1,2
1273,3,2,2
1273,4,2,2
1273,4,3,2
1273,5,3,2
1273,5,4,2
1273,6,4,2
1273,7,4,2
1273,7,4,116
1274,7,0,2
1274,7,1,2
1274,7,2,2
1274,7,3,2
1274,6,3,2
1274,6,4,2
1274,6,5,2
1274,6,6,2
1274,6,7,2
1274,6,8,2
1274,6,9,2
1274,6,9,24
1274,5,9,2
1274,5,8,2
1274,4,8,2
1274,3,8,2
1274,3,7,2
1274,3,6,2
1274,3,5,2
1274,3,4,2
1274,3,3,2
1274,3,2,2
1274,3,2,20
1274,4,2,2
1274,4,3,2
1274,5,3,2
1274,5,4,2
1274,6,4,2
1274,7,4,2
1274,7,4,32
1275,7,0,2
1275,7,1,2
1275,7,2,2
1275,6,2,2
1275,6,3,2
1275,6,4,2
1275,6,5,2
1275,6,6,2
1275,5,6,2
1275,5,7,2
1275,4,7,2
1275,3,7,2
1275,2,7,2
1275,1,7,2
1275,1,7,29
1275,2,7,2
1275,3,7,2
1275,4,7,2
1275,5,7,2
1275,5,6,2
1275,5,5,2
1275,5,4,2
1275,6,4,2
1275,6,3,2
1275,6,3,68
1275,5,3,2
1275,4,3,2
1275,4,4,2
1275,3,4,2
1275,2,4,2
1275,1,4,2
1275,1,4,54
1275,2,4,2
1275,3,4,2
1275,4,4,2
1275,5,4,2
1275,6,4,2
1275,7,4,2
1275,7,4,30
1276,7,0,2
1276,6,0,2
1276,5,0,2
1276,4,0,2
1276,3,0,2
1276,2,0,2
1276,1,0,2
1276,1,0,51
1276,1,1,2
1276,2,1,2
1276,2,2,2
1276,3,2,2
1276,3,3,2
1276,3,4,2
1276,4,4,2
1276,5,4,2
1276,5,4,74
1276,4,4,2
1276,4,3,2
1276,3,3,2
1276,3,2,2
1276,2,2,2
1276,2,1,2
1276,2,0,2
1276,2,0,44
1276,2,1,2
1276,3,1,2
1276,4,1,2
1276,5,1,2
1276,6,1,2
1276,7,1,2
1276,7,2,2
1276,7,3,2
1276,7,4,2
1276,7,4,74
1277,7,0,2
1277,6,0,2
1277,6,1,2
1277,5,1,2
1277,4,1,2
1277,4,2,2
1277,4,3,2
1277,4,4,2
1277,4,5,2
1277,3,5,2
1277,2,5,2
1277,2,6,2
1277,2,7,2
1277,2,8,2
1277,2,9,2
1277,2,9,53
1277,2,8,2
1277,3,8,2
1277,4,8,2
1277,5,8,2
1277,5,7,2
1277,5,6,2
1277,5,5,2
1277,5,4,2
1277,5,3,2
1277,5,2,2
1277,5,1,2
1277,5,1,77
1277,6,1,2
1277,7,1,2
1277,7,2,2
1277,7,3,2
1277,7,4,2
1277,7,4,107
1278,7,0,2
1278,6,0,2
1278,5,0,2
1278,4,0,2
1278,3,0,2
1278,2,0,2
1278,1,0,2
1278,0,0,2
1278,0,0,89
1278,1,0,2
1278,2,0,2
1278,3,0,2
1278,3,0,88
1278,3,1,2
1278,3,2,2
1278,3,3,2
1278,3,4,2
1278,3,5,2
1278,3,6,2
1278,3,6,53
1278,3,5,2
1278,4,5,2
1278,5,5,2
1278,5,4,2
1278,5,3,2
1278,6,3,2
1278,6,2,2
1278,6,1,2
1278,6,0,2
1278,6,0,60
1278,6,1,2
1278,6,2,2
1278,6,3,2
1278,6,4,2
1278,7,4,2
1278,7,4,61
1279,7,0,2
1279,6,0,2
1279,6,0,78
1279,6,1,2
1279,6,2,2
1279,6,3,2
1279,7,3,2
1279,7,4,2
1279,7,4,80
1280,7,0,2
1280,7,1,2
1280,7,2,2
1280,6,2,2
1280,6,3,2
1280,6,4,2
1280,6,4,51
1280,5,4,2
1280,4,4,2
1280,3,4,2
1280,3,4,28
1280,3,5,2
1280,4,5,2
1280,4,5,82
1280,4,4,2
1280,4,3,2
1280,4,2,2
1280,3,2,2
1280,3,2,39
1280,3,3,2
1280,3,4,2
1280,4,4,2
1280,5,4,2
1280,6,4,2
1280,7,4,2
1280,7,4,109
1281,7,0,2
1281,7,1,2
1281,6,1,2
1281,6,2,2
1281,5,2,2
1281,4,2,2
1281,3,2,2
1281,2,2,2
1281,1,2,2
1281,0,2,2
1281,0,2,72
1281,0,3,2
1281,1,3,2
1281,2,3,2
1281,2,4,2
1281,2,4,55
1281,3,4,2
1281,4,4,2
1281,5,4,2
1281,6,4,2
1281,7,4,2
1281,7,4,61
1282,7,0,2
1282,7,1,2
1282,7,2,2
1282,6,2,2
1282,5,2,2
1282,4,2,2
1282,3,2,2
1282,2,2,2
1282,1,2,2
1282,1,2,49
1282,1,1,2
1282,1,0,2
1282,1,0,77
1282,2,0,2
1282,3,0,2
1282,4,0,2
1282,4,1,2
1282,4,2,2
1282,5,2,2
1282,6,2,2
1282,6,3,2
1282,6,4,2
1282,6,5,2
1282,6,6,2
1282,6,6,79
1282,6,5,2
1282,6,4,2
1282,7,4,2
1282,7,4,111
1283,7,0,2
1283,6,0,2
1283,5,0,2
1283,4,0,2
1283,4,0,35
1283,4,1,2
1283,5,1,2
1283,6,1,2
1283,7,1,2
1283,7,2,2
1283,7,3,2
1283,7,4,2
1283,7,4,108
1284,7,0,2
1284,6,0,2
1284,5,0,2
1284,5,1,2
1284,5,2,2
1284,4,2,2
1284,3,2,2
1284,3,3,2
1284,3,4,2
1284,2,4,2
1284,2,5,2
1284,2,5,82
1284,2,4,2
1284,3,4,2
1284,3,3,2
1284,3,2,2
1284,3,1,2
1284,3,0,2
1284,3,0,85
1284,3,1,2
1284,4,1,2
1284,5,1,2
1284,6,1,2
1284,6,2,2
1284,6,3,2
1284,6,4,2
1284,7,4,2
1284,7,4,40
1285,7,0,2
1285,6,0,2
1285,5,0,2
1285,4,0,2
1285,4,0,71
1285,4,1,2
1285,3,1,2
1285,2,1,2
1285,1,1,2
1285,0,1,2
1285,0,1,48
1285,1,1,2
1285,1,2,2
1285,1,3,2
1285,2,3,2
1285,3,3,2
1285,3,4,2
1285,4,4,2
1285,5,4,2
1285,6,4,2
1285,7,4,2
1285,7,4,61
1286,7,0,2
1286,6,0,2
1286,6,0,51
1286,7,0,2
1286,7,1,2
1286,7,2,2
1286,7,3,2
1286,7,4,2
1286,7,4,46
1287,7,0,2
1287,7,1,2
1287,6,1,2
1287,6,2,2
1287,6,3,2
1287,6,4,2
1287,5,4,2
1287,4,4,2
1287,3,4,2
1287,2,4,2
1287,2,4,22
1287,2,3,2
1287,1,3,2
1287,1,3,29
1287,1,2,2
1287,0,2,2
1287,0,1,2
1287,0,1,67
1287,0,0,2
1287,1,0,2
1287,2,0,2
1287,3,0,2
1287,4,0,2
1287,4,0,64
1287,4,1,2
1287,4,2,2
1287,5,2,2
1287,6,2,2
1287,7,2,2
1287,7,3,2
1287,7,4,2
1287,7,4,32
1288,7,0,2
1288,6,0,2
1288,6,1,2
1288,5,1,2
1288,4,1,2
1288,3,1,2
1288,3,2,2
1288,2,2,2
1288,1,2,2
1288,1,3,2
1288,0,3,2
1288,0,4,2
1288,0,5,2
1288,0,5,43
1288,0,4,2
1288,1,4,2
1288,2,4,2
1288,3,4,2
1288,4,4,2
1288,5,4,2
1288,6,4,2
1288,7,4,2
1288,7,4,63
1289,7,0,2
1289,6,0,2
1289,6,1,2
1289,6,2,2
1289,6,3,2
1289,6,4,2
1289,6,5,2
1289,6,5,56
1289,6,4,2
1289,5,4,2
1289,5,4,80
1289,6,4,2
1289,7,4,2
1289,7,4,63
1290,7,0,2
1290,6,0,2
1290,5,0,2
1290,4,0,2
1290,3,0,2
1290,2,0,2
1290,1,0,2
1290,1,0,87
1290,2,0,2
1290,3,0,2
1290,4,0,2
1290,5,0,2
1290,5,1,2
1290,5,2,2
1290,5,3,2
1290,6,3,2
1290,6,4,2
1290,6,5,2
1290,6,6,2
1290,6,7,2
1290,6,7,76
1290,5,7,2
1290,4,7,2
1290,4,8,2
1290,4,9,2
1290,4,9,64
1290,4,8,2
1290,3,8,2
1290,3,7,2
1290,2,7,2
1290,1,7,2
1290,0,7,2
1290,0,6,2
1290,0,5,2
1290,0,4,2
1290,0,3,2
1290,0,3,43
1290,1,3,2
1290,2,3,2
1290,3,3,2
1290,4,3,2
1290,5,3,2
1290,5,4,2
1290,6,4,2
1290,7,4,2
1290,7,4,88
1291,7,0,2
1291,6,0,2
1291,6,1,2
1291,5,1,2
1291,5,2,2
1291,4,2,2
1291,4,3,2
1291,4,4,2
1291,3,4,2
1291,3,5,2
1291,2,5,2
1291,1,5,2
1291,1,5,66
1291,0,5,2
1291,0,6,2
1291,0,6,43
1291,0,5,2
1291,0,4,2
1291,0,3,2
1291,0,2,2
1291,0,1,2
1291,0,1,24
1291,1,1,2
1291,2,1,2
1291,3,1,2
1291,3,2,2
1291,4,2,2
1291,5,2,2
1291,5,3,2
1291,5,4,2
1291,6,4,2
1291,7,4,2
1291,7,4,83
1292,7,0,2
1292,7,1,2
1292,6,1,2
1292,6,1,51
1292,6,2,2
1292,6,3,2
1292,5,3,2
1292,5,4,2
1292,5,5,2
1292,4,5,2
1292,4,6,2
1292,4,7,2
1292,4,8,2
1292,3,8,2
1292,2,8,2
1292,2,9,2
1292,1,9,2
1292,0,9,2
1292,0,9,51
1292,1,9,2
1292,2,9,2
1292,2,8,2
1292,2,7,2
1292,3,7,2
1292,4,7,2
1292,5,7,2
1292,5,6,2
1292,6,6,2
1292,6,5,2
1292,6,4,2
1292,7,4,2
1292,7,4,48
1293,7,0,2
1293,7,1,2
1293,7,2,2
1293,6,2,2
1293,5,2,2
1293,4,2,2
1293,3,2,2
1293,2,2,2
1293,2,2,54
1293,2,1,2
1293,2,0,2
1293,1,0,2
1293,1,0,32
1293,1,1,2
1293,2,1,2
1293,2,2,2
1293,2,3,2
1293,3,3,2
1293,3,4,2
1293,4,4,2
1293,5,4,2
1293,6,4,2
1293,7,4,2
1293,7,4,30
1294,7,0,2
1294,7,1,2
1294,6,1,2
1294,5,1,2
1294,4,1,2
1294,3,1,2
1294,2,1,2
1294,1,1,2
1294,0,1,2
1294,0,1,45
1294,1,1,2
1294,2,1,2
1294,2,0,2
1294,2,0,79
1294,2,1,2
1294,1,1,2
1294,0,1,2
1294,0,2,2
1294,0,3,2
1294,0,4,2
1294,0,5,2
1294,0,5,57
1294,0,4,2
1294,1,4,2
1294,2,4,2
1294,3,4,2
1294,4,4,2
1294,5,4,2
1294,6,4,2
1294,7,4,2
1294,7,4,114
1295,7,0,2
1295,7,1,2
1295,7,2,2
1295,7,3,2
1295,7,4,2
1295,7,5,2
1295,6,5,2
1295,6,6,2
1295,5,6,2
1295,4,6,2
1295,3,6,2
1295,2,6,2
1295,2,7,2
1295,2,8,2
1295,1,8,2
1295,1,9,2
1295,0,9,2
1295,0,9,21
1295,0,8,2
1295,1,8,2
1295,2,8,2
1295,2,7,2
1295,2,6,2
1295,3,6,2
1295,4,6,2
1295,4,6,63
1295,4,5,2
1295,4,4,2
1295,4,3,2
1295,3,3,2
1295,3,2,2
1295,3,1,2
1295,2,1,2
1295,2,0,2
1295,1,0,2
1295,0,0,2
1295,0,0,41
1295,1,0,2
1295,2,0,2
1295,2,1,2
1295,2,2,2
1295,3,2,2
1295,3,3,2
1295,3,4,2
1295,4,4,2
1295,4,5,2
1295,4,6,2
1295,4,7,2
1295,4,8,2
1295,4,9,2
1295,4,9,81
1295,4,8,2
1295,3,8,2
1295,3,7,2
1295,2,7,2
1295,1,7,2
1295,1,6,2
1295,1,5,2
1295,1,5,80
1295,1,4,2
1295,2,4,2
1295,3,4,2
1295,4,4,2
1295,5,4,2
1295,6,4,2
1295,7,4,2
1295,7,4,103
1296,7,0,2
1296,6,0,2
1296,6,1,2
1296,5,1,2
1296,4,1,2
1296,3,1,2
1296,3,2,2
1296,3,3,2
1296,2,3,2
1296,2,4,2
1296,2,5,2
1296,2,6,2
1296,1,6,2
1296,1,6,39
1296,1,5,2
1296,1,4,2
1296,1,3,2
1296,1,2,2
1296,1,1,2
1296,1,0,2
1296,1,0,41
1296,1,1,2
1296,2,1,2
1296,3,1,2
1296,3,2,2
1296,3,3,2
1296,4,3,2
1296,4,4,2
1296,5,4,2
1296,6,4,2
1296,7,4,2
1296,7,4,44
1297,7,0,2
1297,7,1,2
1297,6,1,2
1297,5,1,2
1297,5,2,2
1297,4,2,2
1297,3,2,2
1297,3,3,2
1297,2,3,2
1297,2,3,20
1297,1,3,2
1297,0,3,2
1297,0,4,2
1297,0,5,2
1297,0,6,2
1297,0,7,2
1297,0,7,47
1297,1,7,2
1297,2,7,2
1297,2,6,2
1297,2,5,2
1297,2,4,2
1297,3,4,2
1297,4,4,2
1297,5,4,2
1297,6,4,2
1297,7,4,2
1297,7,4,39
1298,7,0,2
1298,6,0,2
1298,5,0,2
1298,4,0,2
1298,3,0,2
1298,3,1,2
1298,3,2,2
1298,3,3,2
1298,2,3,2
1298,1,3,2
1298,1,4,2
1298,0,4,2
1298,0,5,2
1298,0,5,24
1298,1,5,2
1298,2,5,2
1298,3,5,2
1298,3,6,2
1298,3,7,2
1298,3,8,2
1298,3,9,2
1298,3,9,89
1298,3,8,2
1298,3,7,2
1298,3,6,2
1298,3,5,2
1298,3,4,2
1298,3,3,2
1298,3,3,34
1298,3,4,2
1298,4,4,2
1298,5,4,2
1298,6,4,2
1298,7,4,2
1298,7,4,66
1299,7,0,2
1299,6,0,2
1299,6,0,26
1299,5,0,2
1299,4,0,2
1299,3,0,2
1299,2,0,2
1299,1,0,2
1299,0,0,2
1299,0,0,38
1299,1,0,2
1299,2,0,2
1299,3,0,2
1299,3,1,2
1299,4,1,2
1299,4,2,2
1299,5,2,2
1299,6,2,2
1299,6,3,2
1299,6,3,72
1299,6,4,2
1299,7,4,2
1299,7,4,82
1300,7,0,2
1300,6,0,2
1300,6,1,2
1300,6,2,2
1300,6,3,2
1300,6,3,62
1300,6,2,2
1300,6,1,2
1300,5,1,2
1300,4,1,2
1300,4,0,2
1300,3,0,2
1300,2,0,2
1300,1,0,2
1300,1,0,65
1300,1,1,2
1300,2,1,2
1300,2,2,2
1300,2,3,2
1300,3,3,2
1300,4,3,2
1300,4,4,2
1300,4,5,2
1300,4,6,2
1300,4,7,2
1300,4,8,2
1300,4,9,2
1300,4,9,74
1300,5,9,2
1300,5,8,2
1300,6,8,2
1300,6,7,2
1300,6,6,2
1300,6,5,2
1300,6,4,2
1300,7,4,2
1300,7,4,36
1301,7,0,2
1301,7,1,2
1301,7,2,2
1301,7,3,2
1301,7,4,2
1301,7,5,2
1301,6,5,2
1301,5,5,2
1301,4,5,2
1301,3,5,2
1301,3,5,61
1301,2,5,2
1301,2,4,2
1301,2,3,2
1301,2,2,2
1301,1,2,2
1301,1,1,2
1301,1,0,2
1301,1,0,24
1301,1,1,2
1301,2,1,2
1301,3,1,2
1301,3,2,2
1301,3,3,2
1301,4,3,2
1301,5,3,2
1301,5,4,2
1301,6,4,2
1301,7,4,2
1301,7,4,97
1302,7,0,2
1302,6,0,2
1302,5,0,2
1302,4,0,2
1302,3,0,2
1302,2,0,2
1302,2,0,85
1302,2,1,2
1302,1,1,2
1302,0,1,2
1302,0,2,2
1302,0,3,2
1302,0,4,2
1302,0,5,2
1302,0,5,40
1302,0,4,2
1302,0,3,2
1302,0,2,2
1302,1,2,2
1302,1,2,62
1302,2,2,2
1302,3,2,2
1302,4,2,2
1302,5,2,2
1302,5,2,33
1302,5,1,2
1302,4,1,2
1302,3,1,2
1302,2,1,2
1302,1,1,2
1302,0,1,2
1302,0,1,27
1302,1,1,2
1302,2,1,2
1302,3,1,2
1302,3,2,2
1302,4,2,2
1302,5,2,2
1302,5,3,2
1302,5,4,2
1302,6,4,2
1302,7,4,2
1302,7,4,96
1303,7,0,2
1303,7,1,2
1303,6,1,2
1303,6,2,2
1303,5,2,2
1303,5,3,2
1303,5,4,2
1303,5,5,2
1303,4,5,2
1303,3,5,2
1303,2,5,2
1303,1,5,2
1303,0,5,2
1303,0,5,48
1303,1,5,2
1303,1,6,2
1303,2,6,2
1303,3,6,2
1303,4,6,2
1303,5,6,2
1303,6,6,2
1303,6,6,46
1303,5,6,2
1303,5,5,2
1303,5,4,2
1303,4,4,2
1303,3,4,2
1303,3,3,2
1303,2,3,2
1303,2,2,2
1303,2,2,76
1303,2,3,2
1303,1,3,2
1303,1,4,2
1303,0,4,2
1303,0,5,2
1303,0,6,2
1303,0,7,2
1303,0,8,2
1303,0,9,2
1303,0,9,55
1303,1,9,2
1303,1,8,2
1303,1,7,2
1303,2,7,2
1303,2,6,2
1303,3,6,2
1303,4,6,2
1303,5,6,2
1303,5,5,2
1303,6,5,2
1303,6,4,2
1303,7,4,2
1303,7,4,48
1304,7,0,2
1304,7,1,2
1304,6,1,2
1304,5,1,2
1304,5,2,2
1304,4,2,2
1304,3,2,2
1304,2,2,2
1304,1,2,2
1304,0,2,2
1304,0,2,48
1304,0,3,2
1304,1,3,2
1304,1,4,2
1304,2,4,2
1304,3,4,2
1304,4,4,2
1304,5,4,2
1304,6,4,2
1304,7,4,2
1304,7,4,107
1305,7,0,2
1305,7,1,2
1305,6,1,2
1305,5,1,2
1305,4,1,2
1305,3,1,2
1305,2,1,2
1305,1,1,2
1305,0,1,2
1305,0,1,54
1305,0,2,2
1305,0,3,2
1305,0,4,2
1305,1,4,2
1305,1,5,2
1305,1,6,2
1305,1,7,2
1305,1,8,2
1305,1,8,70
1305,2,8,2
1305,2,7,2
1305,2,6,2
1305,2,5,2
1305,3,5,2
1305,3,4,2
1305,4,4,2
1305,5,4,2
1305,6,4,2
1305,7,4,2
1305,7,4,89
1306,7,0,2
1306,6,0,2
1306,6,0,45
1306,6,1,2
1306,6,2,2
1306,5,2,2
1306,4,2,2
1306,4,3,2
1306,3,3,2
1306,3,4,2
1306,3,5,2
1306,2,5,2
1306,2,6,2
1306,2,6,70
1306,2,5,2
1306,3,5,2
1306,3,5,20
1306,2,5,2
1306,2,4,2
1306,1,4,2
1306,1,3,2
1306,0,3,2
1306,0,2,2
1306,0,1,2
1306,0,0,2
1306,0,0,28
1306,0,1,2
1306,0,2,2
1306,0,2,66
1306,1,2,2
1306,2,2,2
1306,2,3,2
1306,3,3,2
1306,4,3,2
1306,4,4,2
1306,5,4,2
1306,6,4,2
1306,7,4,2
1306,7,4,45
1307,7,0,2
1307,6,0,2
1307,5,0,2
1307,5,1,2
1307,4,1,2
1307,3,1,2
1307,2,1,2
1307,1,1,2
1307,1,1,46
1307,2,1,2
1307,3,1,2
1307,4,1,2
1307,5,1,2
1307,5,1,24
1307,5,2,2
1307,5,3,2
1307,4,3,2
1307,4,4,2
1307,3,4,2
1307,3,5,2
1307,3,6,2
1307,2,6,2
1307,2,6,59
1307,3,6,2
1307,3,7,2
1307,4,7,2
1307,5,7,2
1307,5,8,2
1307,5,8,87
1307,6,8,2
1307,6,7,2
1307,7,7,2
1307,7,6,2
1307,7,5,2
1307,7,4,2
1307,7,4,112
1308,7,0,2
1308,6,0,2
1308,5,0,2
1308,4,0,2
1308,3,0,2
1308,3,0,68
1308,2,0,2
1308,1,0,2
1308,1,0,73
1308,1,1,2
1308,1,2,2
1308,2,2,2
1308,2,3,2
1308,2,4,2
1308,3,4,2
1308,4,4,2
1308,5,4,2
1308,6,4,2
1308,7,4,2
1308,7,4,30
1309,7,0,2
1309,6,0,2
1309,5,0,2
1309,4,0,2
1309,3,0,2
1309,2,0,2
1309,1,0,2
1309,0,0,2
1309,0,0,73
1309,0,1,2
1309,0,2,2
1309,0,3,2
1309,0,4,2
1309,1,4,2
1309,1,5,2
1309,1,6,2
1309,2,6,2
1309,3,6,2
1309,4,6,2
1309,4,7,2
1309,4,8,2
1309,5,8,2
1309,5,9,2
1309,5,9,47
1309,5,8,2
1309,5,7,2
1309,5,6,2
1309,5,5,2
1309,5,4,2
1309,5,3,2
1309,5,3,20
1309,6,3,2
1309,7,3,2
1309,7,4,2
1309,7,4,59
1310,7,0,2
1310,6,0,2
1310,6,1,2
1310,6,2,2
1310,6,3,2
1310,6,4,2
1310,5,4,2
1310,5,5,2
1310,4,5,2
1310,4,6,2
1310,3,6,2
1310,2,6,2
1310,1,6,2
1310,1,6,81
1310,1,5,2
1310,2,5,2
1310,2,5,84
1310,2,4,2
1310,3,4,2
1310,4,4,2
1310,5,4,2
1310,6,4,2
1310,7,4,2
1310,7,4,61
1311,7,0,2
1311,6,0,2
1311,6,1,2
1311,5,1,2
1311,5,2,2
1311,5,3,2
1311,5,4,2
1311,5,5,2
1311,5,6,2
1311,5,7,2
1311,5,7,86
1311,6,7,2
1311,7,7,2
1311,7,6,2
1311,7,5,2
1311,7,4,2
1311,7,4,76
1312,7,0,2
1312,7,1,2
1312,6,1,2
1312,5,1,2
1312,4,1,2
1312,4,2,2
1312,4,3,2
1312,4,3,85
1312,4,2,2
1312,4,1,2
1312,3,1,2
1312,3,1,62
1312,4,1,2
1312,5,1,2
1312,5,2,2
1312,5,3,2
1312,5,4,2
1312,6,4,2
1312,7,4,2
1312,7,4,85
1313,7,0,2
1313,7,1,2
1313,6,1,2
1313,5,1,2
1313,5,2,2
1313,5,3,2
1313,5,4,2
1313,4,4,2
1313,4,5,2
1313,3,5,2
1313,2,5,2
1313,1,5,2
1313,1,5,67
1313,2,5,2
1313,3,5,2
1313,3,5,48
1313,2,5,2
1313,2,6,2
1313,1,6,2
1313,1,7,2
1313,1,8,2
1313,1,8,31
1313,1,7,2
1313,1,6,2
1313,1,5,2
1313,1,4,2
1313,2,4,2
1313,3,4,2
1313,4,4,2
1313,5,4,2
1313,6,4,2
1313,7,4,2
1313,7,4,87
1314,7,0,2
1314,6,0,2
1314,6,1,2
1314,5,1,2
1314,5,2,2
1314,4,2,2
1314,4,3,2
1314,4,4,2
1314,4,5,2
1314,4,5,50
1314,3,5,2
1314,2,5,2
1314,1,5,2
1314,1,4,2
1314,1,3,2
1314,1,2,2
1314,0,2,2
1314,0,1,2
1314,0,1,72
1314,1,1,2
1314,2,1,2
1314,2,0,2
1314,2,0,77
1314,2,1,2
1314,2,2,2
1314,2,3,2
1314,2,4,2
1314,3,4,2
1314,4,4,2
1314,5,4,2
1314,6,4,2
1314,7,4,2
1314,7,4,105
1315,7,0,2
1315,6,0,2
1315,5,0,2
1315,4,0,2
1315,3,0,2
1315,2,0,2
1315,1,0,2
1315,0,0,2
1315,0,0,88
1315,1,0,2
1315,1,1,2
1315,1,2,2
1315,1,3,2
1315,2,3,2
1315,2,4,2
1315,3,4,2
1315,4,4,2
1315,5,4,2
1315,6,4,2
1315,7,4,2
1315,7,4,70
1316,7,0,2
1316,7,1,2
1316,6,1,2
1316,5,1,2
1316,4,1,2
1316,3,1,2
1316,2,1,2
1316,1,1,2
1316,1,1,81
1316,2,1,2
1316,3,1,2
1316,3,1,52
1316,3,2,2
1316,4,2,2
1316,5,2,2
1316,5,3,2
1316,5,4,2
1316,6,4,2
1316,7,4,2
1316,7,4,94
1317,7,0,2
1317,7,1,2
1317,6,1,2
1317,5,1,2
1317,5,2,2
1317,4,2,2
1317,4,3,2
1317,4,4,2
1317,3,4,2
1317,2,4,2
1317,2,4,84
1317,1,4,2
1317,1,5,2
1317,0,5,2
1317,0,6,2
1317,0,6,30
1317,0,5,2
1317,1,5,2
1317,2,5,2
1317,2,4,2
1317,2,3,2
1317,2,2,2
1317,3,2,2
1317,3,2,74
1317,4,2,2
1317,4,3,2
1317,4,4,2
1317,5,4,2
1317,6,4,2
1317,7,4,2
1317,7,4,34
1318,7,0,2
1318,6,0,2
1318,5,0,2
1318,5,1,2
1318,4,1,2
1318,3,1,2
1318,3,2,2
1318,3,3,2
1318,3,4,2
1318,3,4,20
1318,3,3,2
1318,2,3,2
1318,1,3,2
1318,1,2,2
1318,1,1,2
1318,1,0,2
1318,0,0,2
1318,0,0,61
1318,0,1,2
1318,0,2,2
1318,1,2,2
1318,2,2,2
1318,3,2,2
1318,3,3,2
1318,4,3,2
1318,4,4,2
1318,4,5,2
1318,4,6,2
1318,4,7,2
1318,4,7,67
1318,4,8,2
1318,4,9,2
1318,3,9,2
1318,2,9,2
1318,2,9,35
1318,2,8,2
1318,3,8,2
1318,4,8,2
1318,5,8,2
1318,5,7,2
1318,6,7,2
1318,7,7,2
1318,7,6,2
1318,7,5,2
1318,7,4,2
1318,7,4,92
1319,7,0,2
1319,6,0,2
1319,5,0,2
1319,4,0,2
1319,3,0,2
1319,2,0,2
1319,1,0,2
1319,0,0,2
1319,0,0,69
1319,1,0,2
1319,1,1,2
1319,2,1,2
1319,2,2,2
1319,2,3,2
1319,3,3,2
1319,4,3,2
1319,5,3,2
1319,6,3,2
1319,6,4,2
1319,7,4,2
1319,7,4,102
1320,7,0,2
1320,6,0,2
1320,5,0,2
1320,4,0,2
1320,4,1,2
1320,4,1,40
1320,4,2,2
1320,4,3,2
1320,5,3,2
1320,6,3,2
1320,7,3,2
1320,7,4,2
1320,7,4,56
1321,7,0,2
1321,7,1,2
1321,7,2,2
1321,7,3,2
1321,7,4,2
1321,6,4,2
1321,6,5,2
1321,5,5,2
1321,5,5,44
1321,4,5,2
1321,3,5,2
1321,3,4,2
1321,3,4,61
1321,3,3,2
1321,3,2,2
1321,2,2,2
1321,1,2,2
1321,1,1,2
1321,1,0,2
1321,1,0,56
1321,2,0,2
1321,3,0,2
1321,4,0,2
1321,4,1,2
1321,5,1,2
1321,6,1,2
1321,7,1,2
1321,7,2,2
1321,7,3,2
1321,7,4,2
1321,7,4,95
1322,7,0,2
1322,7,1,2
1322,7,2,2
1322,6,2,2
1322,5,2,2
1322,4,2,2
1322,4,3,2
1322,4,4,2
1322,3,4,2
1322,3,5,2
1322,3,5,34
1322,3,4,2
1322,3,3,2
1322,3,2,2
1322,3,1,2
1322,2,1,2
1322,1,1,2
1322,1,1,28
1322,2,1,2
1322,3,1,2
1322,3,2,2
1322,3,3,2
1322,3,4,2
1322,4,4,2
1322,5,4,2
1322,6,4,2
1322,7,4,2
1322,7,4,72
1323,7,0,2
1323,7,1,2
1323,7,2,2
1323,6,2,2
1323,6,3,2
1323,5,3,2
1323,4,3,2
1323,4,4,2
1323,3,4,2
1323,3,5,2
1323,3,6,2
1323,3,7,2
1323,3,7,78
1323,3,6,2
1323,3,5,2
1323,2,5,2
1323,1,5,2
1323,0,5,2
1323,0,5,51
1323,0,6,2
1323,1,6,2
1323,2,6,2
1323,3,6,2
1323,4,6,2
1323,5,6,2
1323,6,6,2
1323,6,6,38
1323,5,6,2
1323,5,5,2
1323,4,5,2
1323,3,5,2
1323,2,5,2
1323,2,4,2
1323,2,3,2
1323,2,2,2
1323,2,2,40
1323,3,2,2
1323,3,3,2
1323,3,4,2
1323,4,4,2
1323,5,4,2
1323,6,4,2
1323,7,4,2
1323,7,4,52
1324,7,0,2
1324,7,1,2
1324,6,1,2
1324,5,1,2
1324,4,1,2
1324,3,1,2
1324,2,1,2
1324,1,1,2
1324,1,1,59
1324,2,1,2
1324,3,1,2
1324,4,1,2
1324,5,1,2
1324,6,1,2
1324,6,1,73
1324,6,2,2
1324,6,3,2
1324,6,4,2
1324,7,4,2
1324,7,4,63
1325,7,0,2
1325,7,1,2
1325,7,2,2
1325,6,2,2
1325,6,3,2
1325,6,4,2
1325,6,4,25
1325,5,4,2
1325,5,3,2
1325,4,3,2
1325,4,2,2
1325,3,2,2
1325,2,2,2
1325,1,2,2
1325,1,1,2
1325,1,0,2
1325,1,0,71
1325,1,1,2
1325,1,2,2
1325,2,2,2
1325,2,3,2
1325,2,4,2
1325,2,5,2
1325,2,6,2
1325,2,7,2
1325,2,7,43
1325,2,6,2
1325,2,5,2
1325,2,4,2
1325,3,4,2
1325,4,4,2
1325,5,4,2
1325,6,4,2
1325,7,4,2
1325,7,4,105
1326,7,0,2
1326,7,1,2
1326,7,2,2
1326,6,2,2
1326,6,3,2
1326,6,4,2
1326,6,5,2
1326,5,5,2
1326,4,5,2
1326,3,5,2
1326,3,5,79
1326,3,6,2
1326,3,7,2
1326,2,7,2
1326,2,8,2
1326,2,8,64
1326,1,8,2
1326,1,7,2
1326,1,6,2
1326,1,5,2
1326,1,4,2
1326,1,3,2
1326,1,2,2
1326,1,1,2
1326,1,1,54
1326,2,1,2
1326,2,0,2
1326,3,0,2
1326,4,0,2
1326,5,0,2
1326,6,0,2
1326,6,0,37
1326,6,1,2
1326,6,2,2
1326,7,2,2
1326,7,3,2
1326,7,4,2
1326,7,4,34
1327,7,0,2
1327,7,1,2
1327,6,1,2
1327,6,2,2
1327,5,2,2
1327,5,3,2
1327,5,4,2
1327,4,4,2
1327,4,5,2
1327,3,5,2
1327,2,5,2
1327,1,5,2
1327,1,5,65
1327,2,5,2
1327,3,5,2
1327,3,4,2
1327,3,3,2
1327,4,3,2
1327,5,3,2
1327,5,2,2
1327,5,1,2
1327,5,0,2
1327,5,0,83
1327,4,0,2
1327,3,0,2
1327,2,0,2
1327,1,0,2
1327,0,0,2
1327,0,0,77
1327,1,0,2
1327,1,1,2
1327,2,1,2
1327,2,2,2
1327,2,3,2
1327,2,4,2
1327,3,4,2
1327,4,4,2
1327,5,4,2
1327,6,4,2
1327,7,4,2
1327,7,4,84
1328,7,0,2
1328,6,0,2
1328,6,1,2
1328,6,2,2
1328,6,3,2
1328,5,3,2
1328,4,3,2
1328,4,3,35
1328,3,3,2
1328,2,3,2
1328,2,2,2
1328,2,1,2
1328,1,1,2
1328,1,1,37
1328,1,2,2
1328,0,2,2
1328,0,2,79
1328,0,3,2
1328,1,3,2
1328,2,3,2
1328,3,3,2
1328,4,3,2
1328,4,4,2
1328,5,4,2
1328,6,4,2
1328,7,4,2
1328,7,4,110
1329,7,0,2
1329,7,1,2
1329,6,1,2
1329,5,1,2
1329,5,1,78
1329,6,1,2
1329,7,1,2
1329,7,2,2
1329,7,3,2
1329,7,4,2
1329,7,4,111
1330,7,0,2
1330,6,0,2
1330,6,1,2
1330,6,2,2
1330,5,2,2
1330,4,2,2
1330,3,2,2
1330,3,3,2
1330,3,4,2
1330,2,4,2
1330,1,4,2
1330,1,5,2
1330,0,5,2
1330,0,6,2
1330,0,6,56
1330,0,5,2
1330,1,5,2
1330,2,5,2
1330,3,5,2
1330,4,5,2
1330,5,5,2
1330,6,5,2
1330,7,5,2
1330,7,4,2
1330,7,4,119
1331,7,0,2
1331,7,1,2
1331,6,1,2
1331,6,1,43
1331,6,2,2
1331,5,2,2
1331,4,2,2
1331,4,3,2
1331,3,3,2
1331,3,4,2
1331,2,4,2
1331,2,5,2
1331,2,6,2
1331,2,6,39
1331,2,5,2
1331,2,4,2
1331,3,4,2
1331,3,3,2
1331,3,2,2
1331,3,1,2
1331,3,0,2
1331,3,0,76
1331,4,0,2
1331,4,1,2
1331,4,2,2
1331,4,3,2
1331,4,4,2
1331,4,4,87
1331,5,4,2
1331,6,4,2
1331,7,4,2
1331,7,4,44
1332,7,0,2
1332,6,0,2
1332,6,0,33
1332,6,1,2
1332,6,2,2
1332,6,3,2
1332,7,3,2
1332,7,4,2
1332,7,4,103
1333,7,0,2
1333,6,0,2
1333,6,1,2
1333,5,1,2
1333,4,1,2
1333,3,1,2
1333,3,1,34
1333,4,1,2
1333,4,2,2
1333,4,3,2
1333,4,4,2
1333,4,5,2
1333,4,6,2
1333,4,7,2
1333,5,7,2
1333,6,7,2
1333,6,7,30
1333,6,6,2
1333,6,5,2
1333,7,5,2
1333,7,4,2
1333,7,4,37
1334,7,0,2
1334,6,0,2
1334,6,1,2
1334,5,1,2
1334,5,2,2
1334,5,3,2
1334,5,4,2
1334,4,4,2
1334,3,4,2
1334,3,4,39
1334,3,3,2
1334,2,3,2
1334,2,2,2
1334,2,1,2
1334,1,1,2
1334,0,1,2
1334,0,1,47
1334,0,2,2
1334,0,3,2
1334,0,4,2
1334,0,5,2
1334,1,5,2
1334,2,5,2
1334,2,6,2
1334,3,6,2
1334,3,7,2
1334,4,7,2
1334,4,7,77
1334,3,7,2
1334,2,7,2
1334,2,7,38
1334,2,6,2
1334,2,5,2
1334,2,4,2
1334,3,4,2
1334,4,4,2
1334,5,4,2
1334,6,4,2
1334,7,4,2
1334,7,4,96
1335,7,0,2
1335,6,0,2
1335,6,1,2
1335,5,1,2
1335,5,2,2
1335,4,2,2
1335,3,2,2
1335,2,2,2
1335,2,2,35
1335,2,1,2
1335,1,1,2
1335,1,1,67
1335,1,2,2
1335,2,2,2
1335,3,2,2
1335,3,3,2
1335,3,4,2
1335,4,4,2
1335,5,4,2
1335,6,4,2
1335,7,4,2
1335,7,4,70
1336,7,0,2
1336,6,0,2
1336,5,0,2
1336,4,0,2
1336,3,0,2
1336,2,0,2
1336,2,0,32
1336,3,0,2
1336,3,1,2
1336,4,1,2
1336,4,2,2
1336,4,3,2
1336,4,4,2
1336,4,4,34
1336,5,4,2
1336,6,4,2
1336,7,4,2
1336,7,4,40
1337,7,0,2
1337,6,0,2
1337,5,0,2
1337,4,0,2
1337,3,0,2
1337,2,0,2
1337,1,0,2
1337,1,0,51
1337,2,0,2
1337,2,1,2
1337,3,1,2
1337,3,2,2
1337,4,2,2
1337,5,2,2
1337,6,2,2
1337,6,3,2
1337,6,4,2
1337,6,5,2
1337,6,5,41
1337,7,5,2
1337,7,4,2
1337,7,4,113
1338,7,0,2
1338,6,0,2
1338,5,0,2
1338,5,1,2
1338,5,2,2
1338,5,3,2
1338,5,4,2
1338,5,5,2
1338,5,6,2
1338,5,7,2
1338,5,7,87
1338,4,7,2
1338,4,6,2
1338,4,5,2
1338,4,4,2
1338,3,4,2
1338,3,3,2
1338,2,3,2
1338,1,3,2
1338,1,3,22
1338,1,4,2
1338,1,5,2
1338,1,6,2
1338,1,7,2
1338,1,7,76
1338,1,6,2
1338,2,6,2
1338,3,6,2
1338,4,6,2
1338,4,5,2
1338,5,5,2
1338,6,5,2
1338,6,4,2
1338,6,3,2
1338,6,2,2
1338,6,1,2
1338,6,0,2
1338,6,0,84
1338,5,0,2
1338,5,1,2
1338,5,2,2
1338,5,3,2
1338,5,4,2
1338,5,4,65
1338,6,4,2
1338,7,4,2
1338,7,4,82
1339,7,0,2
1339,6,0,2
1339,6,0,49
1339,5,0,2
1339,4,0,2
1339,3,0,2
1339,2,0,2
1339,1,0,2
1339,1,0,42
1339,1,1,2
1339,0,1,2
1339,0,2,2
1339,0,3,2
1339,0,3,50
1339,0,4,2
1339,1,4,2
1339,2,4,2
1339,3,4,2
1339,4,4,2
1339,5,4,2
1339,6,4,2
1339,7,4,2
1339,7,4,51
1340,7,0,2
1340,6,0,2
1340,5,0,2
1340,5,1,2
1340,5,2,2
1340,5,3,2
1340,5,4,2
1340,5,4,78
1340,6,4,2
1340,7,4,2
1340,7,4,103
1341,7,0,2
1341,6,0,2
1341,6,0,78
1341,6,1,2
1341,7,1,2
1341,7,2,2
1341,7,3,2
1341,7,4,2
1341,7,4,65
1342,7,0,2
1342,6,0,2
1342,6,1,2
1342,5,1,2
1342,5,2,2
1342,5,3,2
1342,5,4,2
1342,5,5,2
1342,5,6,2
1342,5,6,41
1342,6,6,2
1342,6,5,2
1342,6,4,2
1342,6,3,2
1342,6,3,83
1342,7,3,2
1342,7,4,2
1342,7,4,63
1343,7,0,2
1343,6,0,2
1343,6,1,2
1343,6,2,2
1343,6,3,2
1343,5,3,2
1343,4,3,2
1343,4,4,2
1343,4,4,71
1343,4,5,2
1343,4,6,2
1343,4,7,2
1343,3,7,2
1343,2,7,2
1343,1,7,2
1343,0,7,2
1343,0,7,67
1343,0,8,2
1343,1,8,2
1343,1,9,2
1343,1,9,83
1343,1,8,2
1343,2,8,2
1343,2,7,2
1343,3,7,2
1343,3,6,2
1343,3,5,2
1343,3,4,2
1343,4,4,2
1343,5,4,2
1343,6,4,2
1343,7,4,2
1343,7,4,38
1344,7,0,2
1344,6,0,2
1344,5,0,2
1344,5,0,74
1344,4,0,2
1344,4,1,2
1344,3,1,2
1344,2,1,2
1344,2,2,2
1344,1,2,2
1344,1,3,2
1344,1,4,2
1344,0,4,2
1344,0,4,61
1344,0,5,2
1344,0,6,2
1344,0,7,2
1344,0,8,2
1344,0,8,29
1344,0,7,2
1344,0,6,2
1344,0,5,2
1344,0,4,2
1344,0,3,2
1344,0,2,2
1344,0,1,2
1344,0,0,2
1344,0,0,85
1344,0,1,2
1344,0,2,2
1344,0,3,2
1344,1,3,2
1344,2,3,2
1344,3,3,2
1344,4,3,2
1344,5,3,2
1344,6,3,2
1344,6,4,2
1344,7,4,2
1344,7,4,110
1345,7,0,2
1345,6,0,2
1345,5,0,2
1345,4,0,2
1345,3,0,2
1345,2,0,2
1345,2,0,70
1345,2,1,2
1345,3,1,2
1345,4,1,2
1345,5,1,2
1345,6,1,2
1345,6,1,46
1345,5,1,2
1345,4,1,2
1345,3,1,2
1345,3,2,2
1345,3,3,2
1345,2,3,2
1345,2,3,62
1345,2,2,2
1345,2,1,2
1345,2,0,2
1345,1,0,2
1345,0,0,2
1345,0,0,27
1345,0,1,2
1345,0,2,2
1345,0,3,2
1345,0,4,2
1345,0,5,2
1345,0,6,2
1345,0,6,42
1345,1,6,2
1345,2,6,2
1345,3,6,2
1345,3,6,80
1345,3,5,2
1345,3,4,2
1345,4,4,2
1345,5,4,2
1345,6,4,2
1345,7,4,2
1345,7,4,50
1346,7,0,2
1346,7,1,2
1346,7,2,2
1346,6,2,2
1346,5,2,2
1346,4,2,2
1346,3,2,2
1346,2,2,2
1346,1,2,2
1346,0,2,2
1346,0,2,52
1346,0,1,2
1346,0,0,2
1346,0,0,22
1346,1,0,2
1346,2,0,2
1346,2,1,2
1346,2,2,2
1346,3,2,2
1346,3,3,2
1346,4,3,2
1346,4,4,2
1346,5,4,2
1346,6,4,2
1346,7,4,2
1346,7,4,95
1347,7,0,2
1347,7,1,2
1347,6,1,2
1347,5,1,2
1347,4,1,2
1347,3,1,2
1347,2,1,2
1347,1,1,2
1347,0,1,2
1347,0,1,70
1347,1,1,2
1347,2,1,2
1347,2,0,2
1347,3,0,2
1347,3,0,48
1347,3,1,2
1347,2,1,2
1347,1,1,2
1347,1,2,2
1347,0,2,2
1347,0,3,2
1347,0,4,2
1347,0,4,60
1347,1,4,2
1347,2,4,2
1347,3,4,2
1347,4,4,2
1347,5,4,2
1347,6,4,2
1347,7,4,2
1347,7,4,47
1348,7,0,2
1348,6,0,2
1348,5,0,2
1348,5,1,2
1348,5,2,2
1348,4,2,2
1348,3,2,2
1348,2,2,2
1348,2,3,2
1348,2,4,2
1348,2,5,2
1348,1,5,2
1348,0,5,2
1348,0,5,74
1348,0,4,2
1348,1,4,2
1348,2,4,2
1348,3,4,2
1348,3,3,2
1348,3,2,2
1348,4,2,2
1348,5,2,2
1348,5,2,23
1348,6,2,2
1348,6,3,2
1348,7,3,2
1348,7,4,2
1348,7,4,101
1349,7,0,2
1349,6,0,2
1349,6,1,2
1349,6,2,2
1349,6,3,2
1349,5,3,2
1349,4,3,2
1349,3,3,2
1349,2,3,2
1349,1,3,2
1349,0,3,2
1349,0,3,51
1349,0,4,2
1349,1,4,2
1349,2,4,2
1349,3,4,2
1349,4,4,2
1349,5,4,2
1349,6,4,2
1349,7,4,2
1349,7,4,98
1350,7,0,2
1350,7,1,2
1350,7,2,2
1350,6,2,2
1350,6,3,2
1350,5,3,2
1350,5,4,2
1350,4,4,2
1350,4,5,2
1350,3,5,2
1350,2,5,2
1350,1,5,2
1350,1,5,78
1350,1,4,2
1350,2,4,2
1350,3,4,2
1350,4,4,2
1350,5,4,2
1350,6,4,2
1350,7,4,2
1350,7,4,108
1351,7,0,2
1351,6,0,2
1351,6,1,2
1351,5,1,2
1351,4,1,2
1351,3,1,2
1351,2,1,2
1351,1,1,2
1351,1,1,74
1351,2,1,2
1351,3,1,2
1351,4,1,2
1351,4,2,2
1351,4,3,2
1351,4,4,2
1351,4,5,2
1351,4,6,2
1351,4,7,2
1351,4,8,2
1351,4,8,69
1351,5,8,2
1351,6,8,2
1351,6,7,2
1351,6,6,2
1351,6,5,2
1351,6,4,2
1351,6,3,2
1351,6,2,2
1351,6,1,2
1351,6,1,25
1351,6,2,2
1351,6,3,2
1351,6,4,2
1351,7,4,2
1351,7,4,108
1352,7,0,2
1352,6,0,2
1352,6,1,2
1352,5,1,2
1352,5,1,52
1352,6,1,2
1352,6,2,2
1352,6,2,37
1352,7,2,2
1352,7,3,2
1352,7,4,2
1352,7,4,85
1353,7,0,2
1353,6,0,2
1353,6,1,2
1353,6,2,2
1353,6,2,48
1353,5,2,2
1353,5,3,2
1353,4,3,2
1353,3,3,2
1353,2,3,2
1353,1,3,2
1353,0,3,2
1353,0,3,55
1353,0,4,2
1353,0,5,2
1353,1,5,2
1353,1,5,51
1353,1,4,2
1353,2,4,2
1353,3,4,2
1353,4,4,2
1353,5,4,2
1353,6,4,2
1353,7,4,2
1353,7,4,100
1354,7,0,2
1354,6,0,2
1354,6,1,2
1354,5,1,2
1354,5,2,2
1354,4,2,2
1354,4,3,2
1354,4,4,2
1354,4,5,2
1354,4,6,2
1354,4,6,74
1354,4,5,2
1354,4,4,2
1354,3,4,2
1354,2,4,2
1354,1,4,2
1354,0,4,2
1354,0,4,37
1354,0,3,2
1354,0,2,2
1354,1,2,2
1354,1,1,2
1354,2,1,2
1354,2,0,2
1354,3,0,2
1354,3,0,60
1354,3,1,2
1354,3,2,2
1354,3,3,2
1354,3,4,2
1354,3,5,2
1354,3,5,25
1354,4,5,2
1354,4,4,2
1354,5,4,2
1354,6,4,2
1354,7,4,2
1354,7,4,69
1355,7,0,2
1355,6,0,2
1355,6,0,34
1355,6,1,2
1355,5,1,2
1355,5,2,2
1355,5,3,2
1355,5,4,2
1355,5,5,2
1355,5,6,2
1355,5,7,2
1355,5,8,2
1355,5,8,23
1355,5,7,2
1355,4,7,2
1355,3,7,2
1355,3,6,2
1355,3,5,2
1355,2,5,2
1355,2,4,2
1355,1,4,2
1355,0,4,2
1355,0,3,2
1355,0,2,2
1355,0,1,2
1355,0,0,2
1355,0,0,81
1355,0,1,2
1355,1,1,2
1355,2,1,2
1355,3,1,2
1355,3,2,2
1355,3,3,2
1355,4,3,2
1355,4,4,2
1355,5,4,2
1355,6,4,2
1355,7,4,2
1355,7,4,37
1356,7,0,2
1356,6,0,2
1356,5,0,2
1356,5,1,2
1356,5,2,2
1356,4,2,2
1356,3,2,2
1356,2,2,2
1356,1,2,2
1356,1,2,23
1356,0,2,2
1356,0,3,2
1356,0,4,2
1356,0,5,2
1356,0,6,2
1356,0,6,49
1356,1,6,2
1356,1,5,2
1356,1,4,2
1356,1,3,2
1356,1,2,2
1356,1,1,2
1356,1,1,75
1356,2,1,2
1356,3,1,2
1356,4,1,2
1356,5,1,2
1356,6,1,2
1356,6,1,30
1356,6,2,2
1356,7,2,2
1356,7,3,2
1356,7,4,2
1356,7,4,56
1357,7,0,2
1357,7,1,2
1357,7,2,2
1357,6,2,2
1357,6,3,2
1357,5,3,2
1357,4,3,2
1357,4,4,2
1357,3,4,2
1357,3,5,2
1357,3,5,44
1357,2,5,2
1357,1,5,2
1357,0,5,2
1357,0,5,23
1357,1,5,2
1357,1,4,2
1357,1,3,2
1357,1,2,2
1357,1,1,2
1357,1,0,2
1357,1,0,44
1357,1,1,2
1357,1,2,2
1357,1,3,2
1357,0,3,2
1357,0,4,2
1357,0,5,2
1357,0,6,2
1357,0,7,2
1357,0,8,2
1357,0,9,2
1357,0,9,52
1357,0,8,2
1357,0,7,2
1357,1,7,2
1357,2,7,2
1357,3,7,2
1357,4,7,2
1357,5,7,2
1357,6,7,2
1357,6,6,2
1357,7,6,2
1357,7,5,2
1357,7,4,2
1357,7,4,107
1358,7,0,2
1358,6,0,2
1358,5,0,2
1358,5,1,2
1358,4,1,2
1358,4,2,2
1358,3,2,2
1358,2,2,2
1358,2,3,2
1358,2,4,2
1358,1,4,2
1358,0,4,2
1358,0,4,44
1358,0,5,2
1358,0,6,2
1358,1,6,2
1358,2,6,2
1358,2,6,75
1358,2,7,2
1358,2,8,2
1358,2,9,2
1358,3,9,2
1358,4,9,2
1358,4,9,83
1358,4,8,2
1358,4,7,2
1358,3,7,2
1358,3,6,2
1358,2,6,2
1358,2,5,2
1358,2,4,2
1358,2,3,2
1358,1,3,2
1358,1,3,59
1358,0,3,2
1358,0,4,2
1358,0,5,2
1358,0,6,2
1358,0,6,88
1358,0,5,2
1358,1,5,2
1358,1,4,2
1358,2,4,2
1358,3,4,2
1358,4,4,2
1358,5,4,2
1358,6,4,2
1358,7,4,2
1358,7,4,70
1359,7,0,2
1359,7,1,2
1359,6,1,2
1359,6,2,2
1359,6,3,2
1359,5,3,2
1359,4,3,2
1359,3,3,2
1359,2,3,2
1359,1,3,2
1359,1,3,20
1359,1,4,2
1359,2,4,2
1359,3,4,2
1359,4,4,2
1359,5,4,2
1359,5,4,82
1359,6,4,2
1359,7,4,2
1359,7,4,64
1360,7,0,2
1360,7,1,2
1360,6,1,2
1360,6,2,2
1360,5,2,2
1360,5,3,2
1360,4,3,2
1360,3,3,2
1360,3,3,27
1360,3,2,2
1360,4,2,2
1360,4,1,2
1360,4,0,2
1360,4,0,29
1360,4,1,2
1360,4,2,2
1360,5,2,2
1360,6,2,2
1360,7,2,2
1360,7,3,2
1360,7,4,2
1360,7,4,96
1361,7,0,2
1361,6,0,2
1361,6,1,2
1361,6,2,2
1361,6,3,2
1361,6,4,2
1361,6,5,2
1361,6,5,48
1361,6,4,2
1361,7,4,2
1361,7,4,111
1362,7,0,2
1362,7,1,2
1362,7,2,2
1362,7,3,2
1362,6,3,2
1362,6,4,2
1362,6,5,2
1362,6,6,2
1362,6,6,84
1362,6,5,2
1362,5,5,2
1362,4,5,2
1362,3,5,2
1362,2,5,2
1362,2,4,2
1362,1,4,2
1362,0,4,2
1362,0,3,2
1362,0,2,2
1362,0,1,2
1362,0,1,49
1362,1,1,2
1362,1,0,2
1362,2,0,2
1362,3,0,2
1362,4,0,2
1362,4,0,74
1362,4,1,2
1362,4,2,2
1362,4,3,2
1362,5,3,2
1362,5,4,2
1362,6,4,2
1362,7,4,2
1362,7,4,60
1363,7,0,2
1363,7,1,2
1363,7,2,2
1363,6,2,2
1363,6,3,2
1363,6,4,2
1363,5,4,2
1363,4,4,2
1363,3,4,2
1363,2,4,2
1363,1,4,2
1363,1,4,39
1363,1,5,2
1363,2,5,2
1363,3,5,2
1363,3,6,2
1363,3,7,2
1363,4,7,2
1363,4,8,2
1363,4,9,2
1363,4,9,34
1363,5,9,2
1363,5,8,2
1363,5,7,2
1363,5,6,2
1363,5,5,2
1363,5,4,2
1363,5,3,2
1363,5,2,2
1363,5,1,2
1363,5,0,2
1363,5,0,61
1363,5,1,2
1363,4,1,2
1363,3,1,2
1363,2,1,2
1363,2,2,2
1363,2,3,2
1363,2,4,2
1363,2,5,2
1363,2,6,2
1363,2,7,2
1363,2,8,2
1363,2,8,52
1363,2,7,2
1363,3,7,2
1363,3,6,2
1363,3,5,2
1363,3,4,2
1363,4,4,2
1363,5,4,2
1363,6,4,2
1363,7,4,2
1363,7,4,75
1364,7,0,2
1364,6,0,2
1364,5,0,2
1364,4,0,2
1364,3,0,2
1364,2,0,2
1364,1,0,2
1364,0,0,2
1364,0,0,38
1364,1,0,2
1364,1,1,2
1364,1,2,2
1364,2,2,2
1364,2,3,2
1364,2,4,2
1364,3,4,2
1364,4,4,2
1364,5,4,2
1364,6,4,2
1364,7,4,2
1364,7,4,101
1365,7,0,2
1365,6,0,2
1365,6,1,2
1365,5,1,2
1365,4,1,2
1365,4,2,2
1365,3,2,2
1365,2,2,2
1365,1,2,2
1365,1,2,71
1365,1,3,2
1365,1,4,2
1365,1,5,2
1365,1,5,30
1365,1,4,2
1365,2,4,2
1365,3,4,2
1365,3,3,2
1365,3,2,2
1365,3,2,45
1365,4,2,2
1365,5,2,2
1365,5,3,2
1365,5,4,2
1365,5,5,2
1365,5,6,2
1365,5,7,2
1365,6,7,2
1365,6,7,40
1365,6,6,2
1365,6,5,2
1365,6,4,2
1365,7,4,2
1365,7,4,102
1366,7,0,2
1366,6,0,2
1366,5,0,2
1366,4,0,2
1366,3,0,2
1366,3,1,2
1366,3,2,2
1366,3,3,2
1366,3,4,2
1366,3,5,2
1366,2,5,2
1366,2,6,2
1366,2,7,2
1366,1,7,2
1366,1,8,2
1366,1,9,2
1366,1,9,37
1366,1,8,2
1366,1,7,2
1366,1,6,2
1366,1,5,2
1366,1,4,2
1366,1,3,2
1366,1,3,47
1366,1,2,2
1366,1,1,2
1366,2,1,2
1366,2,0,2
1366,2,0,65
1366,3,0,2
1366,3,1,2
1366,4,1,2
1366,4,2,2
1366,5,2,2
1366,5,3,2
1366,6,3,2
1366,6,4,2
1366,6,5,2
1366,6,5,89
1366,5,5,2
1366,5,6,2
1366,5,6,27
1366,6,6,2
1366,7,6,2
1366,7,5,2
1366,7,4,2
1366,7,4,43
1367,7,0,2
1367,6,0,2
1367,5,0,2
1367,4,0,2
1367,3,0,2
1367,3,0,73
1367,2,0,2
1367,2,1,2
1367,1,1,2
1367,1,2,2
1367,1,3,2
1367,1,3,21
1367,1,2,2
1367,1,1,2
1367,1,0,2
1367,1,0,42
1367,1,1,2
1367,1,2,2
1367,1,3,2
1367,1,4,2
1367,2,4,2
1367,3,4,2
1367,4,4,2
1367,5,4,2
1367,6,4,2
1367,7,4,2
1367,7,4,70
1368,7,0,2
1368,7,1,2
1368,6,1,2
1368,6,2,2
1368,6,3,2
1368,6,4,2
1368,6,5,2
1368,6,5,81
1368,6,4,2
1368,6,3,2
1368,6,2,2
1368,5,2,2
1368,5,1,2
1368,4,1,2
1368,3,1,2
1368,3,1,55
1368,3,2,2
1368,3,3,2
1368,3,4,2
1368,3,5,2
1368,3,6,2
1368,3,7,2
1368,3,8,2
1368,3,9,2
1368,3,9,87
1368,3,8,2
1368,3,7,2
1368,4,7,2
1368,5,7,2
1368,6,7,2
1368,7,7,2
1368,7,6,2
1368,7,5,2
1368,7,4,2
1368,7,4,92
1369,7,0,2
1369,6,0,2
1369,6,1,2
1369,6,2,2
1369,5,2,2
1369,4,2,2
1369,3,2,2
1369,3,3,2
1369,3,4,2
1369,3,5,2
1369,2,5,2
1369,1,5,2
1369,0,5,2
1369,0,6,2
1369,0,7,2
1369,0,8,2
1369,0,8,36
1369,1,8,2
1369,2,8,2
1369,2,7,2
1369,3,7,2
1369,3,6,2
1369,3,5,2
1369,3,4,2
1369,4,4,2
1369,5,4,2
1369,6,4,2
1369,7,4,2
1369,7,4,55
1370,7,0,2
1370,7,1,2
1370,7,2,2
1370,6,2,2
1370,5,2,2
1370,4,2,2
1370,3,2,2
1370,2,2,2
1370,2,2,39
1370,2,3,2
1370,2,4,2
1370,3,4,2
1370,4,4,2
1370,5,4,2
1370,6,4,2
1370,7,4,2
1370,7,4,60
1371,7,0,2
1371,6,0,2
1371,6,1,2
1371,6,2,2
1371,5,2,2
1371,5,3,2
1371,5,4,2
1371,4,4,2
1371,3,4,2
1371,3,4,63
1371,2,4,2
1371,1,4,2
1371,1,5,2
1371,1,5,31
1371,2,5,2
1371,2,6,2
1371,2,7,2
1371,2,7,63
1371,2,6,2
1371,2,5,2
1371,3,5,2
1371,4,5,2
1371,5,5,2
1371,5,4,2
1371,6,4,2
1371,7,4,2
1371,7,4,96
1372,7,0,2
1372,6,0,2
1372,5,0,2
1372,5,1,2
1372,5,2,2
1372,5,3,2
1372,5,4,2
1372,4,4,2
1372,3,4,2
1372,2,4,2
1372,1,4,2
1372,0,4,2
1372,0,5,2
1372,0,5,28
1372,1,5,2
1372,2,5,2
1372,2,4,2
1372,2,3,2
1372,2,2,2
1372,3,2,2
1372,3,2,83
1372,3,3,2
1372,2,3,2
1372,2,4,2
1372,1,4,2
1372,1,5,2
1372,1,6,2
1372,1,6,58
1372,2,6,2
1372,3,6,2
1372,4,6,2
1372,4,5,2
1372,4,4,2
1372,5,4,2
1372,6,4,2
1372,7,4,2
1372,7,4,86
1373,7,0,2
1373,7,1,2
1373,6,1,2
1373,6,2,2
1373,6,3,2
1373,5,3,2
1373,4,3,2
1373,4,4,2
1373,4,5,2
1373,3,5,2
1373,2,5,2
1373,1,5,2
1373,1,5,74
1373,0,5,2
1373,0,4,2
1373,0,3,2
1373,0,2,2
1373,0,1,2
1373,0,0,2
1373,0,0,58
1373,1,0,2
1373,1,1,2
1373,2,1,2
1373,3,1,2
1373,4,1,2
1373,4,2,2
1373,5,2,2
1373,5,3,2
1373,5,4,2
1373,5,4,88
1373,6,4,2
1373,7,4,2
1373,7,4,115
1374,7,0,2
1374,7,1,2
1374,7,2,2
1374,7,3,2
1374,6,3,2
1374,5,3,2
1374,4,3,2
1374,3,3,2
1374,2,3,2
1374,2,4,2
1374,2,4,24
1374,1,4,2
1374,1,3,2
1374,0,3,2
1374,0,3,28
1374,0,4,2
1374,1,4,2
1374,2,4,2
1374,3,4,2
1374,4,4,2
1374,5,4,2
1374,6,4,2
1374,7,4,2
1374,7,4,62
1375,7,0,2
1375,6,0,2
1375,5,0,2
1375,4,0,2
1375,3,0,2
1375,2,0,2
1375,1,0,2
1375,1,0,33
1375,2,0,2
1375,2,0,41
1375,1,0,2
1375,1,1,2
1375,1,2,2
1375,1,3,2
1375,1,4,2
1375,1,5,2
1375,1,6,2
1375,1,7,2
1375,1,7,85
1375,1,6,2
1375,2,6,2
1375,2,5,2
1375,3,5,2
1375,3,4,2
1375,3,3,2
1375,4,3,2
1375,5,3,2
1375,5,2,2
1375,5,1,2
1375,6,1,2
1375,6,1,41
1375,5,1,2
1375,4,1,2
1375,4,2,2
1375,4,3,2
1375,4,4,2
1375,4,4,50
1375,5,4,2
1375,5,3,2
1375,5,2,2
1375,5,1,2
1375,5,0,2
1375,5,0,89
1375,5,1,2
1375,5,2,2
1375,5,3,2
1375,6,3,2
1375,6,4,2
1375,7,4,2
1375,7,4,111
1376,7,0,2
1376,7,1,2
1376,7,2,2
1376,7,3,2
1376,7,4,2
1376,6,4,2
1376,5,4,2
1376,4,4,2
1376,3,4,2
1376,2,4,2
1376,1,4,2
1376,1,4,27
1376,2,4,2
1376,3,4,2
1376,4,4,2
1376,4,4,46
1376,4,3,2
1376,4,2,2
1376,3,2,2
1376,3,2,20
1376,4,2,2
1376,5,2,2
1376,5,3,2
1376,5,4,2
1376,5,5,2
1376,5,5,49
1376,5,6,2
1376,5,7,2
1376,4,7,2
1376,4,8,2
1376,4,9,2
1376,3,9,2
1376,2,9,2
1376,1,9,2
1376,1,9,35
1376,1,8,2
1376,1,7,2
1376,2,7,2
1376,2,6,2
1376,3,6,2
1376,3,5,2
1376,4,5,2
1376,5,5,2
1376,6,5,2
1376,6,4,2
1376,7,4,2
1376,7,4,46
1377,7,0,2
1377,6,0,2
1377,5,0,2
1377,4,0,2
1377,3,0,2
1377,2,0,2
1377,1,0,2
1377,0,0,2
1377,0,0,33
1377,0,1,2
1377,1,1,2
1377,2,1,2
1377,2,2,2
1377,2,3,2
1377,2,4,2
1377,2,5,2
1377,2,6,2
1377,2,7,2
1377,2,8,2
1377,2,8,22
1377,3,8,2
1377,4,8,2
1377,5,8,2
1377,6,8,2
1377,6,8,30
1377,7,8,2
1377,7,7,2
1377,7,6,2
1377,7,5,2
1377,7,4,2
1377,7,4,100
1378,7,0,2
1378,6,0,2
1378,5,0,2
1378,4,0,2
1378,3,0,2
1378,2,0,2
1378,1,0,2
1378,0,0,2
1378,0,0,37
1378,0,1,2
1378,0,2,2
1378,1,2,2
1378,2,2,2
1378,3,2,2
1378,3,3,2
1378,3,4,2
1378,4,4,2
1378,4,4,79
1378,4,5,2
1378,4,6,2
1378,4,7,2
1378,3,7,2
1378,2,7,2
1378,1,7,2
1378,0,7,2
1378,0,7,43
1378,1,7,2
1378,1,6,2
1378,2,6,2
1378,2,5,2
1378,3,5,2
1378,3,4,2
1378,4,4,2
1378,5,4,2
1378,6,4,2
1378,7,4,2
1378,7,4,39
1379,7,0,2
1379,6,0,2
1379,5,0,2
1379,4,0,2
1379,3,0,2
1379,3,1,2
1379,2,1,2
1379,2,2,2
1379,2,3,2
1379,2,4,2
1379,2,5,2
1379,2,6,2
1379,2,7,2
1379,2,7,73
1379,3,7,2
1379,4,7,2
1379,4,6,2
1379,5,6,2
1379,5,5,2
1379,6,5,2
1379,6,5,77
1379,5,5,2
1379,4,5,2
1379,3,5,2
1379,2,5,2
1379,1,5,2
1379,1,5,87
1379,1,4,2
1379,2,4,2
1379,3,4,2
1379,4,4,2
1379,4,4,39
1379,4,3,2
1379,3,3,2
1379,3,2,2
1379,2,2,2
1379,2,1,2
1379,2,0,2
1379,2,0,80
1379,2,1,2
1379,3,1,2
1379,3,2,2
1379,3,3,2
1379,3,4,2
1379,4,4,2
1379,5,4,2
1379,6,4,2
1379,7,4,2
1379,7,4,99
1380,7,0,2
1380,6,0,2
1380,6,1,2
1380,6,2,2
1380,5,2,2
1380,5,3,2
1380,4,3,2
1380,3,3,2
1380,3,4,2
1380,3,5,2
1380,3,6,2
1380,3,7,2
1380,3,8,2
1380,3,8,66
1380,3,7,2
1380,3,6,2
1380,3,5,2
1380,3,4,2
1380,3,4,70
1380,2,4,2
1380,1,4,2
1380,0,4,2
1380,0,3,2
1380,0,2,2
1380,0,1,2
1380,0,1,45
1380,1,1,2
1380,2,1,2
1380,3,1,2
1380,4,1,2
1380,5,1,2
1380,5,2,2
1380,5,3,2
1380,5,4,2
1380,6,4,2
1380,7,4,2
1380,7,4,104
1381,7,0,2
1381,7,1,2
1381,6,1,2
1381,6,1,45
1381,5,1,2
1381,4,1,2
1381,4,2,2
1381,3,2,2
1381,2,2,2
1381,1,2,2
1381,1,2,71
1381,2,2,2
1381,2,3,2
1381,2,4,2
1381,3,4,2
1381,4,4,2
1381,5,4,2
1381,6,4,2
1381,7,4,2
1381,7,4,116
1382,7,0,2
1382,6,0,2
1382,6,1,2
1382,6,2,2
1382,6,3,2
1382,6,4,2
1382,6,4,47
1382,6,5,2
1382,5,5,2
1382,4,5,2
1382,4,5,31
1382,4,4,2
1382,3,4,2
1382,2,4,2
1382,1,4,2
1382,0,4,2
1382,0,4,39
1382,0,3,2
1382,0,2,2
1382,0,2,28
1382,1,2,2
1382,1,3,2
1382,1,4,2
1382,2,4,2
1382,3,4,2
1382,4,4,2
1382,5,4,2
1382,6,4,2
1382,7,4,2
1382,7,4,95
1383,7,0,2
1383,7,1,2
1383,6,1,2
1383,5,1,2
1383,4,1,2
1383,3,1,2
1383,2,1,2
1383,2,2,2
1383,2,2,69
1383,2,1,2
1383,1,1,2
1383,0,1,2
1383,0,1,44
1383,0,2,2
1383,1,2,2
1383,1,3,2
1383,2,3,2
1383,2,4,2
1383,3,4,2
1383,4,4,2
1383,5,4,2
1383,6,4,2
1383,7,4,2
1383,7,4,73
1384,7,0,2
1384,6,0,2
1384,5,0,2
1384,5,1,2
1384,4,1,2
1384,3,1,2
1384,2,1,2
1384,1,1,2
1384,1,1,27
1384,1,2,2
1384,1,3,2
1384,1,4,2
1384,2,4,2
1384,3,4,2
1384,4,4,2
1384,5,4,2
1384,6,4,2
1384,7,4,2
1384,7,4,89
1385,7,0,2
1385,6,0,2
1385,6,1,2
1385,5,1,2
1385,5,2,2
1385,4,2,2
1385,4,3,2
1385,3,3,2
1385,3,4,2
1385,2,4,2
1385,2,5,2
1385,2,6,2
1385,2,7,2
1385,2,8,2
1385,1,8,2
1385,1,8,79
1385,2,8,2
1385,2,7,2
1385,3,7,2
1385,3,6,2
1385,4,6,2
1385,4,5,2
1385,4,4,2
1385,4,3,2
1385,4,2,2
1385,4,1,2
1385,4,0,2
1385,4,0,88
1385,5,0,2
1385,5,1,2
1385,6,1,2
1385,6,2,2
1385,6,3,2
1385,6,4,2
1385,7,4,2
1385,7,4,96
1386,7,0,2
1386,7,1,2
1386,6,1,2
1386,5,1,2
1386,5,2,2
1386,5,3,2
1386,5,4,2
1386,4,4,2
1386,3,4,2
1386,3,4,48
1386,4,4,2
1386,5,4,2
1386,6,4,2
1386,7,4,2
1386,7,4,66
1387,7,0,2
1387,6,0,2
1387,6,1,2
1387,5,1,2
1387,4,1,2
1387,3,1,2
1387,3,2,2
1387,3,3,2
1387,3,4,2
1387,3,4,82
1387,3,5,2
1387,2,5,2
1387,2,6,2
1387,1,6,2
1387,1,6,26
1387,1,7,2
1387,1,8,2
1387,2,8,2
1387,2,9,2
1387,2,9,50
1387,3,9,2
1387,4,9,2
1387,5,9,2
1387,5,8,2
1387,5,7,2
1387,5,6,2
1387,5,5,2
1387,5,4,2
1387,5,3,2
1387,5,2,2
1387,5,1,2
1387,5,1,83
1387,6,1,2
1387,7,1,2
1387,7,2,2
1387,7,3,2
1387,7,4,2
1387,7,4,90
1388,7,0,2
1388,7,1,2
1388,7,2,2
1388,7,3,2
1388,6,3,2
1388,5,3,2
1388,5,4,2
1388,4,4,2
1388,3,4,2
1388,3,5,2
1388,3,6,2
1388,3,7,2
1388,3,7,59
1388,3,6,2
1388,3,5,2
1388,3,4,2
1388,3,3,2
1388,3,2,2
1388,3,2,60
1388,3,3,2
1388,2,3,2
1388,1,3,2
1388,0,3,2
1388,0,3,33
1388,1,3,2
1388,2,3,2
1388,2,4,2
1388,3,4,2
1388,4,4,2
1388,5,4,2
1388,6,4,2
1388,7,4,2
1388,7,4,86
1389,7,0,2
1389,7,1,2
1389,7,2,2
1389,7,3,2
1389,6,3,2
1389,5,3,2
1389,5,3,26
1389,6,3,2
1389,6,4,2
1389,6,5,2
1389,6,6,2
1389,6,6,78
1389,7,6,2
1389,7,5,2
1389,7,4,2
1389,7,4,85
1390,7,0,2
1390,7,1,2
1390,6,1,2
1390,6,2,2
1390,5,2,2
1390,4,2,2
1390,4,3,2
1390,3,3,2
1390,3,4,2
1390,2,4,2
1390,1,4,2
1390,0,4,2
1390,0,4,50
1390,0,3,2
1390,1,3,2
1390,1,2,2
1390,1,2,54
1390,1,3,2
1390,1,4,2
1390,2,4,2
1390,2,5,2
1390,2,6,2
1390,2,6,54
1390,2,5,2
1390,2,4,2
1390,3,4,2
1390,4,4,2
1390,5,4,2
1390,6,4,2
1390,7,4,2
1390,7,4,95
1391,7,0,2
1391,7,1,2
1391,7,2,2
1391,6,2,2
1391,5,2,2
1391,4,2,2
1391,4,3,2
1391,3,3,2
1391,2,3,2
1391,2,4,2
1391,2,5,2
1391,1,5,2
1391,0,5,2
1391,0,5,44
1391,0,4,2
1391,1,4,2
1391,2,4,2
1391,3,4,2
1391,4,4,2
1391,5,4,2
1391,6,4,2
1391,7,4,2
1391,7,4,36
1392,7,0,2
1392,7,1,2
1392,7,2,2
1392,6,2,2
1392,6,3,2
1392,6,4,2
1392,5,4,2
1392,4,4,2
1392,3,4,2
1392,2,4,2
1392,1,4,2
1392,0,4,2
1392,0,4,82
1392,0,3,2
1392,1,3,2
1392,1,2,2
1392,2,2,2
1392,2,1,2
1392,3,1,2
1392,4,1,2
1392,5,1,2
1392,5,1,36
1392,6,1,2
1392,6,2,2
1392,7,2,2
1392,7,3,2
1392,7,4,2
1392,7,4,84
1393,7,0,2
1393,7,1,2
1393,7,2,2
1393,6,2,2
1393,6,3,2
1393,6,4,2
1393,6,5,2
1393,6,6,2
1393,6,7,2
1393,6,7,87
1393,6,6,2
1393,5,6,2
1393,4,6,2
1393,3,6,2
1393,2,6,2
1393,2,5,2
1393,1,5,2
1393,1,4,2
1393,0,4,2
1393,0,4,44
1393,0,3,2
1393,1,3,2
1393,1,2,2
1393,1,1,2
1393,1,1,26
1393,2,1,2
1393,2,2,2
1393,3,2,2
1393,3,3,2
1393,3,4,2
1393,4,4,2
1393,5,4,2
1393,6,4,2
1393,7,4,2
1393,7,4,35
1394,7,0,2
1394,6,0,2
1394,5,0,2
1394,5,1,2
1394,5,2,2
1394,5,2,21
1394,5,3,2
1394,5,4,2
1394,6,4,2
1394,7,4,2
1394,7,4,98
1395,7,0,2
1395,6,0,2
1395,5,0,2
1395,4,0,2
1395,4,0,60
1395,4,1,2
1395,4,2,2
1395,5,2,2
1395,5,3,2
1395,5,4,2
1395,5,4,61
1395,4,4,2
1395,3,4,2
1395,2,4,2
1395,2,3,2
1395,1,3,2
1395,0,3,2
1395,0,3,28
1395,0,4,2
1395,0,5,2
1395,0,5,69
1395,0,4,2
1395,1,4,2
1395,2,4,2
1395,3,4,2
1395,4,4,2
1395,5,4,2
1395,6,4,2
1395,7,4,2
1395,7,4,77
1396,7,0,2
1396,7,1,2
1396,7,2,2
1396,7,3,2
1396,7,4,2
1396,7,5,2
1396,6,5,2
1396,5,5,2
1396,4,5,2
1396,3,5,2
1396,2,5,2
1396,1,5,2
1396,1,5,25
1396,2,5,2
1396,2,4,2
1396,3,4,2
1396,4,4,2
1396,5,4,2
1396,6,4,2
1396,7,4,2
1396,7,4,43
1397,7,0,2
1397,6,0,2
1397,6,0,68
1397,7,0,2
1397,7,1,2
1397,7,2,2
1397,7,3,2
1397,7,4,2
1397,7,4,30
1398,7,0,2
1398,7,1,2
1398,7,2,2
1398,7,3,2
1398,6,3,2
1398,5,3,2
1398,5,4,2
1398,5,5,2
1398,5,6,2
1398,4,6,2
1398,4,7,2
1398,3,7,2
1398,3,7,24
1398,4,7,2
1398,5,7,2
1398,5,6,2
1398,6,6,2
1398,6,5,2
1398,6,4,2
1398,6,3,2
1398,6,2,2
1398,6,1,2
1398,6,0,2
1398,6,0,44
1398,6,1,2
1398,5,1,2
1398,5,2,2
1398,5,3,2
1398,5,4,2
1398,5,5,2
1398,5,6,2
1398,5,7,2
1398,5,8,2
1398,5,9,2
1398,5,9,64
1398,5,8,2
1398,5,7,2
1398,5,6,2
1398,5,5,2
1398,5,4,2
1398,5,3,2
1398,5,2,2
1398,5,1,2
1398,5,0,2
1398,4,0,2
1398,3,0,2
1398,2,0,2
1398,1,0,2
1398,1,0,31
1398,1,1,2
1398,2,1,2
1398,2,2,2
1398,3,2,2
1398,4,2,2
1398,4,3,2
1398,4,4,2
1398,5,4,2
1398,6,4,2
1398,7,4,2
1398,7,4,111
1399,7,0,2
1399,7,1,2
1399,6,1,2
1399,5,1,2
1399,5,2,2
1399,4,2,2
1399,3,2,2
1399,2,2,2
1399,1,2,2
1399,1,3,2
1399,1,4,2
1399,1,5,2
1399,0,5,2
1399,0,6,2
1399,0,6,79
1399,0,5,2
1399,0,4,2
1399,1,4,2
1399,2,4,2
1399,3,4,2
1399,4,4,2
1399,5,4,2
1399,6,4,2
1399,7,4,2
1399,7,4,60
1400,7,0,2
1400,6,0,2
1400,5,0,2
1400,5,1,2
1400,5,2,2
1400,5,3,2
1400,4,3,2
1400,3,3,2
1400,2,3,2
1400,1,3,2
1400,0,3,2
1400,0,3,81
1400,0,2,2
1400,1,2,2
1400,2,2,2
1400,3,2,2
1400,4,2,2
1400,5,2,2
1400,5,2,80
1400,5,1,2
1400,5,0,2
1400,4,0,2
1400,3,0,2
1400,2,0,2
1400,2,0,25
1400,2,1,2
1400,3,1,2
1400,3,2,2
1400,4,2,2
1400,5,2,2
1400,6,2,2
1400,7,2,2
1400,7,3,2
1400,7,4,2
1400,7,4,114
1401,7,0,2
1401,6,0,2
1401,6,1,2
1401,5,1,2
1401,5,2,2
1401,5,3,2
1401,5,4,2
1401,5,5,2
1401,5,6,2
1401,5,7,2
1401,5,8,2
1401,5,9,2
1401,5,9,81
1401,6,9,2
1401,6,8,2
1401,6,7,2
1401,6,6,2
1401,6,5,2
1401,6,4,2
1401,6,3,2
1401,6,2,2
1401,6,2,20
1401,6,3,2
1401,6,4,2
1401,5,4,2
1401,4,4,2
1401,3,4,2
1401,2,4,2
1401,1,4,2
1401,1,4,71
1401,2,4,2
1401,3,4,2
1401,4,4,2
1401,5,4,2
1401,6,4,2
1401,7,4,2
1401,7,4,105
1402,7,0,2
1402,7,1,2
1402,7,2,2
1402,6,2,2
1402,6,3,2
1402,5,3,2
1402,5,4,2
1402,5,5,2
1402,4,5,2
1402,3,5,2
1402,2,5,2
1402,1,5,2
1402,0,5,2
1402,0,5,78
1402,0,4,2
1402,0,3,2
1402,0,2,2
1402,0,2,26
1402,1,2,2
1402,1,3,2
1402,2,3,2
1402,3,3,2
1402,4,3,2
1402,4,3,61
1402,5,3,2
1402,5,4,2
1402,6,4,2
1402,7,4,2
1402,7,4,107
1403,7,0,2
1403,6,0,2
1403,6,1,2
1403,5,1,2
1403,5,2,2
1403,5,3,2
1403,5,4,2
1403,5,5,2
1403,4,5,2
1403,3,5,2
1403,2,5,2
1403,1,5,2
1403,1,5,82
1403,1,4,2
1403,1,3,2
1403,1,2,2
1403,2,2,2
1403,3,2,2
1403,3,2,37
1403,4,2,2
1403,5,2,2
1403,6,2,2
1403,7,2,2
1403,7,3,2
1403,7,4,2
1403,7,4,48
1404,7,0,2
1404,6,0,2
1404,5,0,2
1404,4,0,2
1404,3,0,2
1404,3,1,2
1404,3,2,2
1404,2,2,2
1404,2,3,2
1404,1,3,2
1404,1,3,69
1404,1,4,2
1404,2,4,2
1404,3,4,2
1404,4,4,2
1404,5,4,2
1404,6,4,2
1404,6,4,50
1404,7,4,2
1404,7,4,80
1405,7,0,2
1405,6,0,2
1405,5,0,2
1405,5,0,79
1405,5,1,2
1405,6,1,2
1405,6,2,2
1405,6,3,2
1405,6,4,2
1405,6,5,2
1405,6,6,2
1405,6,7,2
1405,6,7,81
1405,6,6,2
1405,6,5,2
1405,5,5,2
1405,4,5,2
1405,4,4,2
1405,4,3,2
1405,4,3,22
1405,4,4,2
1405,5,4,2
1405,6,4,2
1405,7,4,2
1405,7,4,34
1406,7,0,2
1406,6,0,2
1406,5,0,2
1406,5,1,2
1406,4,1,2
1406,3,1,2
1406,2,1,2
1406,2,2,2
1406,1,2,2
1406,0,2,2
1406,0,3,2
1406,0,4,2
1406,0,5,2
1406,0,6,2
1406,0,6,30
1406,0,5,2
1406,1,5,2
1406,1,4,2
1406,2,4,2
1406,3,4,2
1406,4,4,2
1406,5,4,2
1406,5,4,81
1406,4,4,2
1406,3,4,2
1406,3,3,2
1406,2,3,2
1406,2,2,2
1406,2,1,2
1406,2,1,55
1406,3,1,2
1406,4,1,2
1406,4,2,2
1406,5,2,2
1406,6,2,2
1406,7,2,2
1406,7,3,2
1406,7,4,2
1406,7,4,111
1407,7,0,2
1407,6,0,2
1407,5,0,2
1407,4,0,2
1407,3,0,2
1407,2,0,2
1407,2,1,2
1407,1,1,2
1407,1,2,2
1407,1,3,2
1407,1,4,2
1407,1,5,2
1407,1,6,2
1407,1,7,2
1407,1,8,2
1407,1,9,2
1407,1,9,22
1407,1,8,2
1407,1,7,2
1407,2,7,2
1407,2,6,2
1407,2,5,2
1407,2,4,2
1407,3,4,2
1407,4,4,2
1407,5,4,2
1407,6,4,2
1407,7,4,2
1407,7,4,50
1408,7,0,2
1408,6,0,2
1408,5,0,2
1408,4,0,2
1408,3,0,2
1408,3,1,2
1408,3,1,40
1408,2,1,2
1408,1,1,2
1408,1,2,2
1408,1,3,2
1408,1,3,85
1408,2,3,2
1408,2,4,2
1408,3,4,2
1408,4,4,2
1408,5,4,2
1408,6,4,2
1408,7,4,2
1408,7,4,75
1409,7,0,2
1409,6,0,2
1409,6,1,2
1409,6,2,2
1409,6,3,2
1409,6,4,2
1409,5,4,2
1409,4,4,2
1409,3,4,2
1409,2,4,2
1409,1,4,2
1409,1,5,2
1409,1,6,2
1409,1,7,2
1409,1,8,2
1409,1,8,83
1409,2,8,2
1409,2,7,2
1409,3,7,2
1409,3,6,2
1409,3,5,2
1409,4,5,2
1409,5,5,2
1409,6,5,2
1409,7,5,2
1409,7,4,2
1409,7,4,80
1410,7,0,2
1410,7,1,2
1410,7,2,2
1410,6,2,2
1410,6,3,2
1410,5,3,2
1410,5,4,2
1410,4,4,2
1410,3,4,2
1410,2,4,2
1410,1,4,2
1410,1,4,89
1410,2,4,2
1410,3,4,2
1410,4,4,2
1410,5,4,2
1410,6,4,2
1410,7,4,2
1410,7,4,92
1411,7,0,2
1411,6,0,2
1411,6,1,2
1411,5,1,2
1411,5,2,2
1411,5,3,2
1411,5,4,2
1411,5,5,2
1411,5,6,2
1411,5,7,2
1411,5,8,2
1411,5,9,2
1411,5,9,56
1411,5,8,2
1411,5,7,2
1411,5,6,2
1411,5,5,2
1411,5,4,2
1411,5,3,2
1411,5,2,2
1411,5,1,2
1411,5,1,51
1411,5,2,2
1411,5,3,2
1411,4,3,2
1411,4,3,49
1411,4,2,2
1411,4,1,2
1411,4,1,44
1411,5,1,2
1411,5,2,2
1411,6,2,2
1411,6,3,2
1411,7,3,2
1411,7,4,2
1411,7,4,108
1412,7,0,2
1412,6,0,2
1412,6,1,2
1412,6,2,2
1412,6,3,2
1412,6,4,2
1412,6,5,2
1412,6,6,2
1412,6,7,2
1412,5,7,2
1412,4,7,2
1412,4,8,2
1412,3,8,2
1412,2,8,2
1412,1,8,2
1412,1,8,67
1412,1,7,2
1412,1,6,2
1412,2,6,2
1412,3,6,2
1412,3,5,2
1412,4,5,2
1412,5,5,2
1412,5,4,2
1412,6,4,2
1412,7,4,2
1412,7,4,100
1413,7,0,2
1413,6,0,2
1413,5,0,2
1413,4,0,2
1413,4,1,2
1413,3,1,2
1413,3,2,2
1413,3,3,2
1413,3,4,2
1413,3,5,2
1413,3,6,2
1413,3,7,2
1413,3,7,21
1413,3,6,2
1413,3,5,2
1413,3,4,2
1413,4,4,2
1413,5,4,2
1413,6,4,2
1413,7,4,2
1413,7,4,119
1414,7,0,2
1414,7,1,2
1414,7,2,2
1414,6,2,2
1414,6,3,2
1414,5,3,2
1414,5,4,2
1414,5,5,2
1414,5,6,2
1414,5,7,2
1414,4,7,2
1414,3,7,2
1414,2,7,2
1414,1,7,2
1414,1,7,87
1414,1,6,2
1414,1,5,2
1414,1,4,2
1414,1,3,2
1414,1,3,53
1414,1,4,2
1414,1,5,2
1414,2,5,2
1414,2,6,2
1414,2,7,2
1414,2,7,81
1414,2,6,2
1414,2,5,2
1414,3,5,2
1414,3,4,2
1414,4,4,2
1414,5,4,2
1414,6,4,2
1414,7,4,2
1414,7,4,116
1415,7,0,2
1415,7,1,2
1415,6,1,2
1415,6,2,2
1415,5,2,2
1415,5,3,2
1415,5,4,2
1415,4,4,2
1415,4,5,2
1415,4,6,2
1415,4,7,2
1415,4,8,2
1415,4,8,68
1415,4,7,2
1415,3,7,2
1415,3,6,2
1415,3,5,2
1415,3,4,2
1415,2,4,2
1415,1,4,2
1415,1,4,87
1415,2,4,2
1415,3,4,2
1415,4,4,2
1415,5,4,2
1415,6,4,2
1415,7,4,2
1415,7,4,64
1416,7,0,2
1416,6,0,2
1416,6,1,2
1416,6,2,2
1416,5,2,2
1416,4,2,2
1416,4,3,2
1416,4,4,2
1416,4,4,24
1416,5,4,2
1416,6,4,2
1416,7,4,2
1416,7,4,92
1417,7,0,2
1417,7,1,2
1417,6,1,2
1417,6,2,2
1417,6,3,2
1417,6,4,2
1417,5,4,2
1417,4,4,2
1417,3,4,2
1417,2,4,2
1417,2,4,28
1417,3,4,2
1417,4,4,2
1417,5,4,2
1417,6,4,2
1417,7,4,2
1417,7,4,52
1418,7,0,2
1418,7,1,2
1418,7,2,2
1418,6,2,2
1418,5,2,2
1418,4,2,2
1418,3,2,2
1418,2,2,2
1418,1,2,2
1418,1,2,36
1418,2,2,2
1418,3,2,2
1418,4,2,2
1418,5,2,2
1418,6,2,2
1418,6,2,53
1418,6,3,2
1418,6,4,2
1418,5,4,2
1418,5,5,2
1418,5,6,2
1418,4,6,2
1418,4,6,54
1418,4,5,2
1418,4,4,2
1418,5,4,2
1418,6,4,2
1418,7,4,2
1418,7,4,114
1419,7,0,2
1419,7,1,2
1419,6,1,2
1419,6,2,2
1419,5,2,2
1419,4,2,2
1419,4,3,2
1419,3,3,2
1419,2,3,2
1419,1,3,2
1419,1,4,2
1419,1,5,2
1419,1,6,2
1419,1,7,2
1419,1,8,2
1419,1,9,2
1419,1,9,85
1419,2,9,2
1419,3,9,2
1419,4,9,2
1419,4,9,46
1419,5,9,2
1419,5,8,2
1419,6,8,2
1419,6,7,2
1419,6,6,2
1419,6,5,2
1419,7,5,2
1419,7,4,2
1419,7,4,51
1420,7,0,2
1420,7,1,2
1420,6,1,2
1420,5,1,2
1420,4,1,2
1420,3,1,2
1420,2,1,2
1420,1,1,2
1420,1,1,86
1420,1,2,2
1420,1,3,2
1420,2,3,2
1420,2,4,2
1420,3,4,2
1420,4,4,2
1420,5,4,2
1420,6,4,2
1420,6,4,45
1420,6,5,2
1420,5,5,2
1420,4,5,2
1420,3,5,2
1420,2,5,2
1420,1,5,2
1420,1,5,47
1420,1,4,2
1420,2,4,2
1420,3,4,2
1420,4,4,2
1420,5,4,2
1420,6,4,2
1420,7,4,2
1420,7,4,49
1421,7,0,2
1421,6,0,2
1421,5,0,2
1421,5,1,2
1421,5,2,2
1421,4,2,2
1421,3,2,2
1421,2,2,2
1421,1,2,2
1421,0,2,2
1421,0,2,45
1421,0,3,2
1421,0,4,2
1421,0,5,2
1421,0,6,2
1421,0,6,64
1421,0,5,2
1421,1,5,2
1421,1,4,2
1421,1,3,2
1421,1,2,2
1421,1,1,2
1421,1,0,2
1421,1,0,85
1421,2,0,2
1421,3,0,2
1421,3,1,2
1421,4,1,2
1421,4,2,2
1421,5,2,2
1421,6,2,2
1421,7,2,2
1421,7,3,2
1421,7,4,2
1421,7,4,67
1422,7,0,2
1422,6,0,2
1422,6,1,2
1422,6,2,2
1422,6,3,2
1422,6,4,2
1422,6,5,2
1422,6,6,2
1422,6,7,2
1422,6,7,81
1422,5,7,2
1422,5,6,2
1422,4,6,2
1422,3,6,2
1422,2,6,2
1422,2,5,2
1422,1,5,2
1422,0,5,2
1422,0,5,58
1422,0,6,2
1422,0,7,2
1422,1,7,2
1422,2,7,2
1422,2,7,52
1422,3,7,2
1422,3,6,2
1422,4,6,2
1422,5,6,2
1422,5,5,2
1422,6,5,2
1422,7,5,2
1422,7,4,2
1422,7,4,91
1423,7,0,2
1423,6,0,2
1423,5,0,2
1423,5,1,2
1423,5,2,2
1423,5,2,53
1423,4,2,2
1423,3,2,2
1423,3,2,69
1423,4,2,2
1423,4,3,2
1423,5,3,2
1423,6,3,2
1423,6,4,2
1423,7,4,2
1423,7,4,104
1424,7,0,2
1424,6,0,2
1424,6,1,2
1424,6,1,42
1424,5,1,2
1424,5,2,2
1424,4,2,2
1424,4,3,2
1424,3,3,2
1424,2,3,2
1424,1,3,2
1424,0,3,2
1424,0,3,49
1424,1,3,2
1424,1,4,2
1424,2,4,2
1424,3,4,2
1424,4,4,2
1424,5,4,2
1424,6,4,2
1424,6,4,37
1424,7,4,2
1424,7,4,43
1425,7,0,2
1425,6,0,2
1425,5,0,2
1425,5,1,2
1425,4,1,2
1425,3,1,2
1425,2,1,2
1425,1,1,2
1425,1,1,71
1425,1,2,2
1425,1,3,2
1425,0,3,2
1425,0,4,2
1425,0,5,2
1425,0,6,2
1425,0,7,2
1425,0,8,2
1425,0,9,2
1425,0,9,29
1425,1,9,2
1425,1,8,2
1425,1,7,2
1425,1,6,2
1425,1,5,2
1425,1,4,2
1425,1,4,89
1425,0,4,2
1425,0,3,2
1425,0,3,62
1425,0,4,2
1425,1,4,2
1425,2,4,2
1425,3,4,2
1425,4,4,2
1425,5,4,2
1425,6,4,2
1425,7,4,2
1425,7,4,49
1426,7,0,2
1426,6,0,2
1426,5,0,2
1426,4,0,2
1426,3,0,2
1426,2,0,2
1426,1,0,2
1426,0,0,2
1426,0,0,67
1426,1,0,2
1426,1,1,2
1426,1,2,2
1426,1,3,2
1426,1,4,2
1426,1,5,2
1426,1,6,2
1426,1,7,2
1426,1,8,2
1426,1,8,20
1426,2,8,2
1426,2,7,2
1426,2,6,2
1426,2,5,2
1426,2,4,2
1426,3,4,2
1426,4,4,2
1426,5,4,2
1426,6,4,2
1426,7,4,2
1426,7,4,83
1427,7,0,2
1427,7,1,2
1427,7,2,2
1427,6,2,2
1427,5,2,2
1427,5,3,2
1427,5,3,47
1427,6,3,2
1427,6,2,2
1427,6,1,2
1427,6,0,2
1427,6,0,84
1427,6,1,2
1427,6,2,2
1427,6,3,2
1427,6,4,2
1427,6,5,2
1427,6,6,2
1427,6,7,2
1427,5,7,2
1427,5,7,87
1427,5,6,2
1427,5,5,2
1427,5,4,2
1427,6,4,2
1427,7,4,2
1427,7,4,72
1428,7,0,2
1428,6,0,2
1428,6,1,2
1428,6,2,2
1428,6,3,2
1428,6,4,2
1428,6,5,2
1428,6,5,23
1428,5,5,2
1428,5,4,2
1428,5,3,2
1428,5,2,2
1428,5,1,2
1428,5,0,2
1428,5,0,76
1428,6,0,2
1428,7,0,2
1428,7,1,2
1428,7,2,2
1428,7,3,2
1428,7,4,2
1428,7,4,55
1429,7,0,2
1429,6,0,2
1429,6,0,85
1429,7,0,2
1429,7,1,2
1429,7,2,2
1429,7,3,2
1429,7,4,2
1429,7,4,36
1430,7,0,2
1430,7,1,2
1430,6,1,2
1430,5,1,2
1430,5,2,2
1430,4,2,2
1430,3,2,2
1430,2,2,2
1430,2,2,81
1430,3,2,2
1430,3,3,2
1430,3,4,2
1430,3,5,2
1430,3,6,2
1430,3,7,2
1430,3,7,54
1430,3,6,2
1430,4,6,2
1430,4,5,2
1430,4,4,2
1430,4,3,2
1430,4,2,2
1430,4,2,78
1430,4,3,2
1430,4,4,2
1430,5,4,2
1430,6,4,2
1430,7,4,2
1430,7,4,79
1431,7,0,2
1431,7,1,2
1431,6,1,2
1431,6,1,67
1431,5,1,2
1431,4,1,2
1431,3,1,2
1431,2,1,2
1431,2,2,2
1431,1,2,2
1431,1,2,28
1431,1,1,2
1431,1,0,2
1431,1,0,51
1431,2,0,2
1431,3,0,2
1431,3,1,2
1431,3,2,2
1431,4,2,2
1431,4,2,82
1431,4,3,2
1431,5,3,2
1431,6,3,2
1431,6,4,2
1431,7,4,2
1431,7,4,41
1432,7,0,2
1432,6,0,2
1432,6,1,2
1432,6,2,2
1432,6,3,2
1432,5,3,2
1432,4,3,2
1432,3,3,2
1432,2,3,2
1432,2,4,2
1432,1,4,2
1432,0,4,2
1432,0,5,2
1432,0,6,2
1432,0,7,2
1432,0,8,2
1432,0,9,2
1432,0,9,79
1432,1,9,2
1432,2,9,2
1432,2,8,2
1432,3,8,2
1432,3,7,2
1432,3,7,41
1432,3,6,2
1432,3,5,2
1432,3,5,76
1432,3,4,2
1432,3,3,2
1432,2,3,2
1432,1,3,2
1432,1,2,2
1432,0,2,2
1432,0,1,2
1432,0,1,57
1432,1,1,2
1432,1,0,2
1432,2,0,2
1432,3,0,2
1432,4,0,2
1432,5,0,2
1432,6,0,2
1432,6,0,69
1432,6,1,2
1432,7,1,2
1432,7,2,2
1432,7,3,2
1432,7,4,2
1432,7,4,85
1433,7,0,2
1433,6,0,2
1433,5,0,2
1433,5,1,2
1433,5,2,2
1433,4,2,2
1433,3,2,2
1433,3,3,2
1433,3,4,2
1433,3,5,2
1433,3,5,50
1433,2,5,2
1433,1,5,2
1433,0,5,2
1433,0,5,30
1433,1,5,2
1433,2,5,2
1433,3,5,2
1433,4,5,2
1433,4,6,2
1433,5,6,2
1433,5,7,2
1433,6,7,2
1433,6,7,42
1433,6,8,2
1433,6,8,86
1433,6,7,2
1433,6,6,2
1433,6,5,2
1433,5,5,2
1433,4,5,2
1433,3,5,2
1433,2,5,2
1433,2,4,2
1433,2,3,2
1433,2,2,2
1433,1,2,2
1433,1,2,32
1433,1,3,2
1433,2,3,2
1433,2,4,2
1433,3,4,2
1433,4,4,2
1433,5,4,2
1433,6,4,2
1433,7,4,2
1433,7,4,84
1434,7,0,2
1434,7,1,2
1434,7,2,2
1434,7,3,2
1434,6,3,2
1434,5,3,2
1434,4,3,2
1434,3,3,2
1434,2,3,2
1434,1,3,2
1434,0,3,2
1434,0,3,53
1434,0,2,2
1434,0,1,2
1434,0,1,39
1434,0,2,2
1434,0,3,2
1434,0,4,2
1434,1,4,2
1434,2,4,2
1434,2,5,2
1434,3,5,2
1434,3,6,2
1434,3,7,2
1434,3,8,2
1434,3,9,2
1434,3,9,82
1434,3,8,2
1434,4,8,2
1434,4,7,2
1434,5,7,2
1434,6,7,2
1434,7,7,2
1434,7,6,2
1434,7,5,2
1434,7,4,2
1434,7,4,33
1435,7,0,2
1435,6,0,2
1435,6,1,2
1435,5,1,2
1435,5,1,44
1435,5,2,2
1435,6,2,2
1435,6,3,2
1435,6,4,2
1435,6,5,2
1435,6,6,2
1435,6,7,2
1435,6,7,85
1435,6,6,2
1435,6,5,2
1435,7,5,2
1435,7,4,2
1435,7,4,65
1436,7,0,2
1436,7,1,2
1436,6,1,2
1436,6,1,34
1436,5,1,2
1436,5,2,2
1436,4,2,2
1436,3,2,2
1436,2,2,2
1436,2,3,2
1436,1,3,2
1436,1,4,2
1436,1,5,2
1436,1,6,2
1436,1,7,2
1436,1,7,60
1436,1,6,2
1436,1,5,2
1436,1,4,2
1436,2,4,2
1436,3,4,2
1436,4,4,2
1436,5,4,2
1436,6,4,2
1436,7,4,2
1436,7,4,75
1437,7,0,2
1437,6,0,2
1437,5,0,2
1437,4,0,2
1437,3,0,2
1437,3,0,50
1437,3,1,2
1437,4,1,2
1437,5,1,2
1437,6,1,2
1437,6,2,2
1437,6,3,2
1437,6,4,2
1437,6,5,2
1437,6,5,42
1437,5,5,2
1437,5,4,2
1437,5,3,2
1437,4,3,2
1437,4,2,2
1437,3,2,2
1437,2,2,2
1437,1,2,2
1437,0,2,2
1437,0,2,71
1437,1,2,2
1437,1,1,2
1437,2,1,2
1437,3,1,2
1437,4,1,2
1437,5,1,2
1437,6,1,2
1437,6,1,73
1437,6,2,2
1437,7,2,2
1437,7,3,2
1437,7,4,2
1437,7,4,93
1438,7,0,2
1438,7,1,2
1438,7,2,2
1438,7,3,2
1438,7,4,2
1438,7,5,2
1438,6,5,2
1438,5,5,2
1438,4,5,2
1438,3,5,2
1438,2,5,2
1438,1,5,2
1438,1,5,74
1438,1,4,2
1438,2,4,2
1438,3,4,2
1438,4,4,2
1438,5,4,2
1438,6,4,2
1438,7,4,2
1438,7,4,59
1439,7,0,2
1439,6,0,2
1439,6,1,2
1439,6,2,2
1439,6,3,2
1439,6,4,2
1439,6,5,2
1439,6,6,2
1439,6,7,2
1439,6,8,2
1439,6,8,29
1439,6,7,2
1439,6,6,2
1439,6,5,2
1439,6,4,2
1439,6,3,2
1439,6,2,2
1439,6,1,2
1439,6,0,2
1439,6,0,58
1439,6,1,2
1439,5,1,2
1439,4,1,2
1439,3,1,2
1439,2,1,2
1439,1,1,2
1439,1,1,30
1439,1,0,2
1439,2,0,2
1439,3,0,2
1439,4,0,2
1439,5,0,2
1439,5,0,73
1439,4,0,2
1439,4,1,2
1439,4,2,2
1439,4,3,2
1439,4,4,2
1439,4,5,2
1439,4,6,2
1439,4,6,56
1439,4,5,2
1439,4,4,2
1439,5,4,2
1439,6,4,2
1439,7,4,2
1439,7,4,106
1440,7,0,2
1440,6,0,2
1440,6,1,2
1440,6,2,2
1440,6,2,68
1440,5,2,2
1440,4,2,2
1440,4,1,2
1440,3,1,2
1440,2,1,2
1440,1,1,2
1440,1,1,85
1440,2,1,2
1440,3,1,2
1440,4,1,2
1440,4,2,2
1440,5,2,2
1440,5,3,2
1440,6,3,2
1440,6,4,2
1440,7,4,2
1440,7,4,83
1441,7,0,2
1441,6,0,2
1441,6,0,50
1441,6,1,2
1441,5,1,2
1441,4,1,2
1441,4,2,2
1441,4,3,2
1441,4,4,2
1441,4,5,2
1441,4,6,2
1441,4,7,2
1441,4,7,32
1441,4,6,2
1441,4,5,2
1441,5,5,2
1441,5,4,2
1441,5,3,2
1441,6,3,2
1441,6,3,46
1441,6,2,2
1441,5,2,2
1441,4,2,2
1441,3,2,2
1441,2,2,2
1441,1,2,2
1441,0,2,2
1441,0,2,30
1441,0,3,2
1441,1,3,2
1441,2,3,2
1441,2,4,2
1441,3,4,2
1441,4,4,2
1441,5,4,2
1441,6,4,2
1441,7,4,2
1441,7,4,101
1442,7,0,2
1442,6,0,2
1442,6,0,62
1442,6,1,2
1442,5,1,2
1442,4,1,2
1442,3,1,2
1442,2,1,2
1442,1,1,2
1442,1,1,80
1442,1,2,2
1442,2,2,2
1442,3,2,2
1442,3,3,2
1442,4,3,2
1442,4,4,2
1442,5,4,2
1442,6,4,2
1442,7,4,2
1442,7,4,54
1443,7,0,2
1443,6,0,2
1443,6,1,2
1443,6,2,2
1443,6,3,2
1443,6,4,2
1443,6,4,24
1443,5,4,2
1443,4,4,2
1443,3,4,2
1443,3,4,32
1443,4,4,2
1443,5,4,2
1443,6,4,2
1443,7,4,2
1443,7,4,78
1444,7,0,2
1444,6,0,2
1444,6,1,2
1444,6,2,2
1444,5,2,2
1444,4,2,2
1444,4,3,2
1444,4,4,2
1444,3,4,2
1444,3,5,2
1444,2,5,2
1444,1,5,2
1444,1,5,48
1444,0,5,2
1444,0,4,2
1444,0,3,2
1444,0,2,2
1444,0,1,2
1444,0,0,2
1444,0,0,50
1444,1,0,2
1444,2,0,2
1444,3,0,2
1444,4,0,2
1444,5,0,2
1444,5,0,47
1444,5,1,2
1444,5,2,2
1444,5,3,2
1444,5,4,2
1444,5,5,2
1444,5,6,2
1444,5,7,2
1444,5,8,2
1444,5,9,2
1444,5,9,35
1444,6,9,2
1444,7,9,2
1444,7,8,2
1444,7,7,2
1444,7,6,2
1444,7,5,2
1444,7,4,2
1444,7,4,46
1445,7,0,2
1445,6,0,2
1445,6,1,2
1445,5,1,2
1445,4,1,2
1445,3,1,2
1445,2,1,2
1445,2,1,83
1445,3,1,2
1445,4,1,2
1445,4,2,2
1445,4,3,2
1445,5,3,2
1445,5,4,2
1445,5,5,2
1445,5,6,2
1445,5,7,2
1445,5,8,2
1445,5,9,2
1445,5,9,47
1445,4,9,2
1445,4,8,2
1445,3,8,2
1445,2,8,2
1445,2,7,2
1445,1,7,2
1445,0,7,2
1445,0,6,2
1445,0,5,2
1445,0,4,2
1445,0,3,2
1445,0,2,2
1445,0,1,2
1445,0,1,40
1445,0,2,2
1445,0,3,2
1445,0,4,2
1445,1,4,2
1445,2,4,2
1445,3,4,2
1445,4,4,2
1445,5,4,2
1445,6,4,2
1445,7,4,2
1445,7,4,57
1446,7,0,2
1446,6,0,2
1446,5,0,2
1446,5,1,2
1446,4,1,2
1446,4,2,2
1446,3,2,2
1446,3,3,2
1446,2,3,2
1446,2,4,2
1446,1,4,2
1446,1,5,2
1446,1,6,2
1446,1,7,2
1446,1,7,39
1446,2,7,2
1446,3,7,2
1446,3,6,2
1446,4,6,2
1446,5,6,2
1446,6,6,2
1446,6,5,2
1446,7,5,2
1446,7,4,2
1446,7,4,46
1447,7,0,2
1447,6,0,2
1447,6,1,2
1447,5,1,2
1447,5,2,2
1447,5,2,52
1447,6,2,2
1447,7,2,2
1447,7,3,2
1447,7,4,2
1447,7,4,65
1448,7,0,2
1448,6,0,2
1448,6,1,2
1448,6,2,2
1448,5,2,2
1448,4,2,2
1448,3,2,2
1448,2,2,2
1448,2,3,2
1448,2,4,2
1448,1,4,2
1448,0,4,2
1448,0,5,2
1448,0,6,2
1448,0,7,2
1448,0,7,53
1448,0,6,2
1448,0,5,2
1448,0,4,2
1448,0,3,2
1448,0,2,2
1448,0,1,2
1448,0,1,59
1448,0,2,2
1448,1,2,2
1448,1,3,2
1448,2,3,2
1448,2,4,2
1448,3,4,2
1448,4,4,2
1448,5,4,2
1448,6,4,2
1448,7,4,2
1448,7,4,74
1449,7,0,2
1449,7,1,2
1449,7,2,2
1449,7,3,2
1449,6,3,2
1449,5,3,2
1449,4,3,2
1449,3,3,2
1449,3,3,57
1449,2,3,2
1449,2,4,2
1449,1,4,2
1449,0,4,2
1449,0,4,77
1449,1,4,2
1449,1,5,2
1449,1,6,2
1449,1,7,2
1449,2,7,2
1449,2,8,2
1449,3,8,2
1449,3,9,2
1449,4,9,2
1449,5,9,2
1449,6,9,2
1449,6,9,84
1449,5,9,2
1449,5,8,2
1449,5,7,2
1449,4,7,2
1449,4,6,2
1449,4,5,2
1449,3,5,2
1449,3,4,2
1449,2,4,2
1449,2,3,2
1449,1,3,2
1449,1,2,2
1449,1,2,66
1449,2,2,2
1449,2,3,2
1449,2,4,2
1449,3,4,2
1449,4,4,2
1449,5,4,2
1449,6,4,2
1449,7,4,2
1449,7,4,81
1450,7,0,2
1450,7,1,2
1450,6,1,2
1450,6,2,2
1450,6,2,28
1450,7,2,2
1450,7,3,2
1450,7,4,2
1450,7,4,30
1451,7,0,2
1451,6,0,2
1451,6,1,2
1451,6,2,2
1451,6,3,2
1451,6,4,2
1451,6,4,63
1451,6,3,2
1451,6,2,2
1451,6,1,2
1451,6,0,2
1451,5,0,2
1451,4,0,2
1451,3,0,2
1451,2,0,2
1451,1,0,2
1451,0,0,2
1451,0,0,37
1451,0,1,2
1451,1,1,2
1451,1,2,2
1451,1,3,2
1451,1,4,2
1451,1,5,2
1451,1,6,2
1451,1,6,63
1451,1,5,2
1451,1,4,2
1451,2,4,2
1451,3,4,2
1451,4,4,2
1451,5,4,2
1451,6,4,2
1451,7,4,2
1451,7,4,46
1452,7,0,2
1452,6,0,2
1452,6,1,2
1452,6,2,2
1452,6,3,2
1452,6,4,2
1452,6,5,2
1452,6,6,2
1452,6,6,34
1452,6,7,2
1452,5,7,2
1452,5,7,44
1452,5,6,2
1452,5,5,2
1452,6,5,2
1452,6,4,2
1452,7,4,2
1452,7,4,70
1453,7,0,2
1453,6,0,2
1453,5,0,2
1453,5,1,2
1453,4,1,2
1453,4,2,2
1453,3,2,2
1453,2,2,2
1453,2,3,2
1453,2,4,2
1453,2,5,2
1453,2,6,2
1453,2,6,69
1453,1,6,2
1453,1,5,2
1453,1,4,2
1453,1,3,2
1453,1,2,2
1453,1,2,89
1453,1,3,2
1453,1,4,2
1453,1,5,2
1453,2,5,2
1453,2,5,89
1453,2,4,2
1453,3,4,2
1453,4,4,2
1453,5,4,2
1453,6,4,2
1453,7,4,2
1453,7,4,102
1454,7,0,2
1454,6,0,2
1454,5,0,2
1454,5,1,2
1454,4,1,2
1454,4,2,2
1454,4,3,2
1454,4,4,2
1454,4,5,2
1454,4,5,45
1454,3,5,2
1454,3,4,2
1454,2,4,2
1454,1,4,2
1454,0,4,2
1454,0,4,23
1454,1,4,2
1454,2,4,2
1454,3,4,2
1454,4,4,2
1454,5,4,2
1454,6,4,2
1454,7,4,2
1454,7,4,52
1455,7,0,2
1455,6,0,2
1455,5,0,2
1455,4,0,2
1455,3,0,2
1455,3,0,81
1455,3,1,2
1455,4,1,2
1455,5,1,2
1455,6,1,2
1455,6,1,68
1455,7,1,2
1455,7,2,2
1455,7,3,2
1455,7,4,2
1455,7,4,46
1456,7,0,2
1456,6,0,2
1456,5,0,2
1456,4,0,2
1456,4,1,2
1456,3,1,2
1456,2,1,2
1456,1,1,2
1456,1,1,52
1456,1,2,2
1456,2,2,2
1456,2,3,2
1456,3,3,2
1456,3,4,2
1456,4,4,2
1456,5,4,2
1456,6,4,2
1456,7,4,2
1456,7,4,84
1457,7,0,2
1457,6,0,2
1457,6,1,2
1457,5,1,2
1457,4,1,2
1457,3,1,2
1457,2,1,2
1457,1,1,2
1457,1,1,32
1457,2,1,2
1457,3,1,2
1457,4,1,2
1457,5,1,2
1457,5,2,2
1457,6,2,2
1457,6,3,2
1457,6,4,2
1457,6,5,2
1457,6,6,2
1457,6,7,2
1457,6,8,2
1457,6,8,36
1457,7,8,2
1457,7,7,2
1457,7,6,2
1457,7,5,2
1457,7,4,2
1457,7,4,73
1458,7,0,2
1458,7,1,2
1458,6,1,2
1458,5,1,2
1458,4,1,2
1458,4,2,2
1458,4,3,2
1458,4,4,2
1458,4,5,2
1458,3,5,2
1458,2,5,2
1458,1,5,2
1458,0,5,2
1458,0,5,49
1458,0,4,2
1458,1,4,2
1458,2,4,2
1458,3,4,2
1458,4,4,2
1458,5,4,2
1458,6,4,2
1458,7,4,2
1458,7,4,107
1459,7,0,2
1459,7,1,2
1459,7,2,2
1459,7,3,2
1459,6,3,2
1459,5,3,2
1459,4,3,2
1459,4,4,2
1459,3,4,2
1459,3,5,2
1459,3,6,2
1459,3,7,2
1459,2,7,2
1459,2,8,2
1459,2,9,2
1459,1,9,2
1459,1,9,56
1459,0,9,2
1459,0,8,2
1459,0,7,2
1459,0,6,2
1459,0,5,2
1459,0,4,2
1459,0,3,2
1459,0,2,2
1459,0,1,2
1459,0,0,2
1459,0,0,75
1459,1,0,2
1459,2,0,2
1459,3,0,2
1459,3,1,2
1459,3,2,2
1459,3,3,2
1459,3,4,2
1459,3,5,2
1459,3,6,2
1459,3,7,2
1459,3,8,2
1459,3,8,30
1459,4,8,2
1459,5,8,2
1459,6,8,2
1459,6,7,2
1459,6,6,2
1459,6,5,2
1459,6,4,2
1459,7,4,2
1459,7,4,97
1460,7,0,2
1460,6,0,2
1460,5,0,2
1460,4,0,2
1460,3,0,2
1460,2,0,2
1460,1,0,2
1460,1,0,49
1460,1,1,2
1460,2,1,2
1460,2,2,2
1460,3,2,2
1460,3,2,82
1460,3,3,2
1460,4,3,2
1460,4,4,2
1460,5,4,2
1460,6,4,2
1460,7,4,2
1460,7,4,105
1461,7,0,2
1461,6,0,2
1461,5,0,2
1461,5,1,2
1461,4,1,2
1461,3,1,2
1461,2,1,2
1461,2,2,2
1461,2,3,2
1461,2,4,2
1461,2,5,2
1461,2,5,42
1461,3,5,2
1461,3,4,2
1461,4,4,2
1461,5,4,2
1461,6,4,2
1461,7,4,2
1461,7,4,89
1462,7,0,2
1462,7,1,2
1462,6,1,2
1462,5,1,2
1462,5,2,2
1462,4,2,2
1462,4,3,2
1462,4,4,2
1462,4,5,2
1462,3,5,2
1462,2,5,2
1462,1,5,2
1462,0,5,2
1462,0,5,43
1462,1,5,2
1462,1,4,2
1462,2,4,2
1462,3,4,2
1462,3,3,2
1462,3,2,2
1462,3,1,2
1462,3,1,71
1462,2,1,2
1462,2,2,2
1462,2,3,2
1462,1,3,2
1462,0,3,2
1462,0,3,62
1462,0,4,2
1462,1,4,2
1462,2,4,2
1462,3,4,2
1462,4,4,2
1462,5,4,2
1462,6,4,2
1462,7,4,2
1462,7,4,112
1463,7,0,2
1463,7,1,2
1463,6,1,2
1463,5,1,2
1463,5,2,2
1463,4,2,2
1463,4,3,2
1463,3,3,2
1463,3,4,2
1463,3,5,2
1463,3,6,2
1463,2,6,2
1463,1,6,2
1463,1,6,71
1463,1,5,2
1463,1,4,2
1463,1,3,2
1463,1,3,81
1463,1,4,2
1463,2,4,2
1463,3,4,2
1463,4,4,2
1463,5,4,2
1463,6,4,2
1463,7,4,2
1463,7,4,77
1464,7,0,2
1464,7,1,2
1464,6,1,2
1464,6,2,2
1464,6,3,2
1464,6,4,2
1464,6,5,2
1464,6,6,2
1464,6,7,2
1464,6,7,89
1464,6,6,2
1464,5,6,2
1464,4,6,2
1464,4,5,2
1464,3,5,2
1464,2,5,2
1464,1,5,2
1464,1,4,2
1464,1,3,2
1464,1,2,2
1464,1,1,2
1464,1,0,2
1464,1,0,89
1464,1,1,2
1464,2,1,2
1464,2,2,2
1464,2,3,2
1464,2,4,2
1464,3,4,2
1464,4,4,2
1464,5,4,2
1464,6,4,2
1464,7,4,2
1464,7,4,109
1465,7,0,2
1465,6,0,2
1465,5,0,2
1465,4,0,2
1465,4,1,2
1465,4,2,2
1465,4,3,2
1465,4,4,2
1465,3,4,2
1465,2,4,2
1465,2,5,2
1465,2,6,2
1465,1,6,2
1465,1,7,2
1465,1,8,2
1465,1,9,2
1465,0,9,2
1465,0,9,23
1465,1,9,2
1465,2,9,2
1465,2,8,2
1465,2,7,2
1465,2,6,2
1465,3,6,2
1465,4,6,2
1465,4,5,2
1465,4,4,2
1465,4,4,74
1465,4,5,2
1465,5,5,2
1465,5,6,2
1465,6,6,2
1465,6,7,2
1465,6,7,44
1465,6,6,2
1465,5,6,2
1465,5,5,2
1465,5,5,45
1465,4,5,2
1465,3,5,2
1465,3,4,2
1465,3,3,2
1465,2,3,2
1465,1,3,2
1465,1,2,2
1465,1,1,2
1465,1,1,24
1465,1,2,2
1465,2,2,2
1465,3,2,2
1465,4,2,2
1465,5,2,2
1465,5,3,2
1465,6,3,2
1465,7,3,2
1465,7,4,2
1465,7,4,104
1466,7,0,2
1466,7,1,2
1466,7,2,2
1466,6,2,2
1466,6,3,2
1466,6,4,2
1466,6,5,2
1466,5,5,2
1466,4,5,2
1466,3,5,2
1466,2,5,2
1466,1,5,2
1466,0,5,2
1466,0,5,54
1466,0,4,2
1466,1,4,2
1466,1,3,2
1466,2,3,2
1466,3,3,2
1466,3,2,2
1466,4,2,2
1466,4,1,2
1466,4,1,64
1466,3,1,2
1466,2,1,2
1466,1,1,2
1466,0,1,2
1466,0,1,78
1466,0,2,2
1466,1,2,2
1466,1,3,2
1466,2,3,2
1466,3,3,2
1466,4,3,2
1466,4,4,2
1466,5,4,2
1466,6,4,2
1466,7,4,2
1466,7,4,69
1467,7,0,2
1467,7,1,2
1467,6,1,2
1467,6,2,2
1467,6,3,2
1467,6,4,2
1467,6,5,2
1467,6,6,2
1467,6,7,2
1467,6,7,34
1467,5,7,2
1467,5,6,2
1467,5,5,2
1467,4,5,2
1467,4,4,2
1467,3,4,2
1467,3,3,2
1467,2,3,2
1467,1,3,2
1467,1,2,2
1467,1,1,2
1467,0,1,2
1467,0,1,58
1467,1,1,2
1467,1,2,2
1467,2,2,2
1467,2,3,2
1467,3,3,2
1467,4,3,2
1467,5,3,2
1467,6,3,2
1467,6,4,2
1467,7,4,2
1467,7,4,101
1468,7,0,2
1468,6,0,2
1468,5,0,2
1468,4,0,2
1468,3,0,2
1468,2,0,2
1468,1,0,2
1468,1,0,83
1468,1,1,2
1468,0,1,2
1468,0,2,2
1468,0,3,2
1468,0,4,2
1468,0,5,2
1468,0,5,48
1468,0,4,2
1468,0,3,2
1468,0,2,2
1468,1,2,2
1468,2,2,2
1468,2,2,41
1468,2,3,2
1468,3,3,2
1468,4,3,2
1468,4,4,2
1468,5,4,2
1468,6,4,2
1468,7,4,2
1468,7,4,41
1469,7,0,2
1469,7,1,2
1469,6,1,2
1469,5,1,2
1469,4,1,2
1469,3,1,2
1469,2,1,2
1469,1,1,2
1469,0,1,2
1469,0,1,46
1469,0,2,2
1469,1,2,2
1469,2,2,2
1469,2,3,2
1469,2,4,2
1469,3,4,2
1469,4,4,2
1469,5,4,2
1469,6,4,2
1469,7,4,2
1469,7,4,52
1470,7,0,2
1470,6,0,2
1470,5,0,2
1470,4,0,2
1470,3,0,2
1470,2,0,2
1470,1,0,2
1470,1,0,69
1470,2,0,2
1470,2,1,2
1470,3,1,2
1470,3,2,2
1470,3,3,2
1470,3,4,2
1470,4,4,2
1470,5,4,2
1470,6,4,2
1470,7,4,2
1470,7,4,30
1471,7,0,2
1471,6,0,2
1471,5,0,2
1471,4,0,2
1471,3,0,2
1471,2,0,2
1471,1,0,2
1471,0,0,2
1471,0,0,39
1471,0,1,2
1471,0,2,2
1471,1,2,2
1471,2,2,2
1471,3,2,2
1471,3,3,2
1471,4,3,2
1471,5,3,2
1471,5,4,2
1471,5,5,2
1471,5,6,2
1471,5,6,83
1471,4,6,2
1471,4,7,2
1471,3,7,2
1471,3,8,2
1471,2,8,2
1471,2,8,75
1471,2,7,2
1471,2,6,2
1471,3,6,2
1471,3,5,2
1471,3,4,2
1471,4,4,2
1471,5,4,2
1471,6,4,2
1471,6,4,20
1471,6,3,2
1471,5,3,2
1471,5,2,2
1471,5,1,2
1471,5,1,76
1471,5,2,2
1471,6,2,2
1471,6,3,2
1471,6,4,2
1471,7,4,2
1471,7,4,103
1472,7,0,2
1472,7,1,2
1472,6,1,2
1472,5,1,2
1472,4,1,2
1472,3,1,2
1472,2,1,2
1472,1,1,2
1472,0,1,2
1472,0,1,25
1472,1,1,2
1472,1,2,2
1472,1,3,2
1472,1,4,2
1472,1,5,2
1472,2,5,2
1472,2,6,2
1472,3,6,2
1472,3,6,81
1472,4,6,2
1472,5,6,2
1472,6,6,2
1472,6,5,2
1472,6,5,75
1472,5,5,2
1472,4,5,2
1472,3,5,2
1472,2,5,2
1472,2,4,2
1472,2,3,2
1472,2,2,2
1472,2,1,2
1472,2,0,2
1472,2,0,28
1472,2,1,2
1472,3,1,2
1472,4,1,2
1472,5,1,2
1472,5,2,2
1472,5,3,2
1472,6,3,2
1472,7,3,2
1472,7,4,2
1472,7,4,106
1473,7,0,2
1473,6,0,2
1473,6,1,2
1473,6,1,41
1473,6,0,2
1473,5,0,2
1473,4,0,2
1473,3,0,2
1473,2,0,2
1473,1,0,2
1473,0,0,2
1473,0,0,22
1473,1,0,2
1473,2,0,2
1473,3,0,2
1473,3,1,2
1473,4,1,2
1473,4,2,2
1473,4,3,2
1473,4,4,2
1473,5,4,2
1473,6,4,2
1473,6,5,2
1473,6,5,23
1473,6,6,2
1473,6,7,2
1473,5,7,2
1473,4,7,2
1473,4,8,2
1473,3,8,2
1473,2,8,2
1473,1,8,2
1473,0,8,2
1473,0,8,64
1473,0,7,2
1473,0,6,2
1473,1,6,2
1473,1,5,2
1473,2,5,2
1473,2,4,2
1473,3,4,2
1473,4,4,2
1473,5,4,2
1473,6,4,2
1473,7,4,2
1473,7,4,33
1474,7,0,2
1474,7,1,2
1474,7,2,2
1474,7,3,2
1474,7,4,2
1474,7,5,2
1474,7,6,2
1474,6,6,2
1474,5,6,2
1474,5,7,2
1474,5,8,2
1474,4,8,2
1474,3,8,2
1474,2,8,2
1474,2,8,79
1474,2,7,2
1474,3,7,2
1474,4,7,2
1474,5,7,2
1474,5,6,2
1474,5,5,2
1474,5,4,2
1474,5,3,2
1474,5,2,2
1474,5,1,2
1474,5,1,74
1474,4,1,2
1474,3,1,2
1474,2,1,2
1474,1,1,2
1474,1,1,21
1474,1,2,2
1474,1,3,2
1474,1,4,2
1474,1,5,2
1474,1,6,2
1474,1,7,2
1474,1,8,2
1474,1,8,70
1474,1,7,2
1474,2,7,2
1474,2,6,2
1474,2,5,2
1474,2,4,2
1474,3,4,2
1474,4,4,2
1474,5,4,2
1474,6,4,2
1474,7,4,2
1474,7,4,98
1475,7,0,2
1475,7,1,2
1475,7,2,2
1475,6,2,2
1475,6,3,2
1475,5,3,2
1475,5,4,2
1475,4,4,2
1475,4,5,2
1475,3,5,2
1475,2,5,2
1475,1,5,2
1475,1,5,33
1475,2,5,2
1475,3,5,2
1475,4,5,2
1475,5,5,2
1475,5,5,22
1475,6,5,2
1475,7,5,2
1475,7,4,2
1475,7,4,47
1476,7,0,2
1476,7,1,2
1476,6,1,2
1476,6,2,2
1476,6,3,2
1476,6,4,2
1476,6,5,2
1476,6,6,2
1476,6,7,2
1476,6,7,82
1476,6,6,2
1476,7,6,2
1476,7,5,2
1476,7,4,2
1476,7,4,100
1477,7,0,2
1477,6,0,2
1477,6,1,2
1477,5,1,2
1477,5,2,2
1477,5,3,2
1477,5,4,2
1477,5,5,2
1477,5,6,2
1477,5,7,2
1477,5,8,2
1477,5,8,80
1477,4,8,2
1477,4,7,2
1477,3,7,2
1477,3,6,2
1477,2,6,2
1477,2,5,2
1477,2,4,2
1477,2,3,2
1477,2,2,2
1477,2,1,2
1477,2,1,65
1477,3,1,2
1477,3,2,2
1477,3,3,2
1477,4,3,2
1477,4,4,2
1477,5,4,2
1477,6,4,2
1477,7,4,2
1477,7,4,55
1478,7,0,2
1478,6,0,2
1478,6,1,2
1478,6,2,2
1478,6,3,2
1478,6,4,2
1478,5,4,2
1478,4,4,2
1478,3,4,2
1478,2,4,2
1478,1,4,2
1478,0,4,2
1478,0,4,76
1478,1,4,2
1478,1,3,2
1478,1,2,2
1478,1,1,2
1478,2,1,2
1478,3,1,2
1478,4,1,2
1478,4,1,75
1478,5,1,2
1478,5,2,2
1478,5,3,2
1478,5,4,2
1478,5,5,2
1478,5,5,64
1478,6,5,2
1478,6,4,2
1478,7,4,2
1478,7,4,75
1479,7,0,2
1479,6,0,2
1479,5,0,2
1479,5,1,2
1479,4,1,2
1479,4,2,2
1479,4,3,2
1479,4,4,2
1479,4,5,2
1479,4,6,2
1479,4,7,2
1479,4,7,24
1479,4,6,2
1479,4,5,2
1479,4,4,2
1479,3,4,2
1479,3,3,2
1479,3,3,76
1479,4,3,2
1479,5,3,2
1479,6,3,2
1479,7,3,2
1479,7,4,2
1479,7,4,117
1480,7,0,2
1480,6,0,2
1480,5,0,2
1480,5,0,84
1480,4,0,2
1480,3,0,2
1480,2,0,2
1480,1,0,2
1480,1,0,35
1480,1,1,2
1480,1,2,2
1480,2,2,2
1480,3,2,2
1480,4,2,2
1480,5,2,2
1480,5,3,2
1480,5,4,2
1480,5,5,2
1480,5,6,2
1480,5,7,2
1480,5,8,2
1480,5,8,68
1480,6,8,2
1480,6,7,2
1480,6,6,2
1480,7,6,2
1480,7,5,2
1480,7,4,2
1480,7,4,37
1481,7,0,2
1481,7,1,2
1481,7,2,2
1481,6,2,2
1481,6,3,2
1481,5,3,2
1481,4,3,2
1481,3,3,2
1481,2,3,2
1481,2,3,51
1481,2,4,2
1481,3,4,2
1481,4,4,2
1481,5,4,2
1481,6,4,2
1481,7,4,2
1481,7,4,67
1482,7,0,2
1482,6,0,2
1482,5,0,2
1482,5,0,61
1482,4,0,2
1482,3,0,2
1482,2,0,2
1482,1,0,2
1482,1,0,45
1482,2,0,2
1482,2,1,2
1482,2,2,2
1482,2,3,2
1482,3,3,2
1482,3,4,2
1482,4,4,2
1482,5,4,2
1482,6,4,2
1482,7,4,2
1482,7,4,83
1483,7,0,2
1483,7,1,2
1483,6,1,2
1483,5,1,2
1483,4,1,2
1483,3,1,2
1483,2,1,2
1483,1,1,2
1483,1,1,89
1483,2,1,2
1483,3,1,2
1483,4,1,2
1483,4,2,2
1483,5,2,2
1483,6,2,2
1483,7,2,2
1483,7,3,2
1483,7,4,2
1483,7,4,36
1484,7,0,2
1484,6,0,2
1484,6,1,2
1484,5,1,2
1484,5,2,2
1484,4,2,2
1484,3,2,2
1484,2,2,2
1484,1,2,2
1484,1,2,34
1484,0,2,2
1484,0,3,2
1484,0,4,2
1484,0,5,2
1484,0,6,2
1484,0,7,2
1484,0,8,2
1484,0,8,25
1484,0,7,2
1484,0,6,2
1484,0,5,2
1484,0,4,2
1484,0,3,2
1484,0,2,2
1484,0,1,2
1484,0,0,2
1484,0,0,85
1484,0,1,2
1484,0,2,2
1484,1,2,2
1484,1,3,2
1484,1,4,2
1484,2,4,2
1484,3,4,2
1484,4,4,2
1484,5,4,2
1484,6,4,2
1484,7,4,2
1484,7,4,92
1485,7,0,2
1485,6,0,2
1485,6,1,2
1485,5,1,2
1485,4,1,2
1485,3,1,2
1485,2,1,2
1485,2,2,2
1485,2,2,75
1485,3,2,2
1485,4,2,2
1485,5,2,2
1485,6,2,2
1485,6,3,2
1485,6,4,2
1485,6,5,2
1485,6,6,2
1485,6,7,2
1485,6,7,88
1485,7,7,2
1485,7,6,2
1485,7,5,2
1485,7,4,2
1485,7,4,102
1486,7,0,2
1486,7,1,2
1486,7,2,2
1486,6,2,2
1486,6,3,2
1486,6,4,2
1486,6,5,2
1486,5,5,2
1486,4,5,2
1486,4,6,2
1486,4,6,70
1486,4,7,2
1486,4,8,2
1486,4,9,2
1486,4,9,33
1486,5,9,2
1486,5,8,2
1486,5,7,2
1486,6,7,2
1486,6,6,2
1486,6,6,62
1486,6,5,2
1486,5,5,2
1486,5,4,2
1486,4,4,2
1486,4,3,2
1486,4,2,2
1486,3,2,2
1486,2,2,2
1486,2,1,2
1486,2,0,2
1486,1,0,2
1486,0,0,2
1486,0,0,79
1486,0,1,2
1486,0,2,2
1486,0,3,2
1486,1,3,2
1486,2,3,2
1486,3,3,2
1486,4,3,2
1486,5,3,2
1486,5,4,2
1486,6,4,2
1486,7,4,2
1486,7,4,58
1487,7,0,2
1487,6,0,2
1487,6,1,2
1487,5,1,2
1487,4,1,2
1487,3,1,2
1487,3,2,2
1487,2,2,2
1487,1,2,2
1487,0,2,2
1487,0,3,2
1487,0,4,2
1487,0,5,2
1487,0,5,83
1487,1,5,2
1487,1,4,2
1487,2,4,2
1487,3,4,2
1487,4,4,2
1487,5,4,2
1487,6,4,2
1487,7,4,2
1487,7,4,88
1488,7,0,2
1488,7,1,2
1488,6,1,2
1488,5,1,2
1488,5,2,2
1488,5,3,2
1488,5,4,2
1488,5,5,2
1488,5,6,2
1488,5,6,51
1488,5,7,2
1488,4,7,2
1488,3,7,2
1488,2,7,2
1488,2,8,2
1488,1,8,2
1488,1,8,23
1488,1,7,2
1488,1,6,2
1488,1,5,2
1488,0,5,2
1488,0,4,2
1488,0,3,2
1488,0,3,65
1488,0,4,2
1488,1,4,2
1488,2,4,2
1488,3,4,2
1488,4,4,2
1488,5,4,2
1488,6,4,2
1488,7,4,2
1488,7,4,73
1489,7,0,2
1489,6,0,2
1489,6,1,2
1489,6,2,2
1489,6,3,2
1489,6,4,2
1489,6,4,76
1489,6,3,2
1489,5,3,2
1489,5,2,2
1489,5,1,2
1489,4,1,2
1489,3,1,2
1489,2,1,2
1489,1,1,2
1489,0,1,2
1489,0,1,35
1489,0,2,2
1489,0,3,2
1489,1,3,2
1489,2,3,2
1489,2,3,81
1489,3,3,2
1489,4,3,2
1489,5,3,2
1489,5,4,2
1489,6,4,2
1489,6,5,2
1489,6,6,2
1489,6,6,31
1489,6,5,2
1489,5,5,2
1489,4,5,2
1489,3,5,2
1489,2,5,2
1489,1,5,2
1489,0,5,2
1489,0,5,84
1489,0,4,2
1489,1,4,2
1489,2,4,2
1489,3,4,2
1489,4,4,2
1489,5,4,2
1489,6,4,2
1489,7,4,2
1489,7,4,90
1490,7,0,2
1490,6,0,2
1490,5,0,2
1490,4,0,2
1490,3,0,2
1490,3,0,84
1490,3,1,2
1490,3,2,2
1490,4,2,2
1490,4,3,2
1490,5,3,2
1490,6,3,2
1490,7,3,2
1490,7,4,2
1490,7,4,30
1491,7,0,2
1491,7,1,2
1491,6,1,2
1491,6,1,42
1491,6,0,2
1491,5,0,2
1491,4,0,2
1491,3,0,2
1491,2,0,2
1491,1,0,2
1491,1,0,79
1491,2,0,2
1491,2,1,2
1491,3,1,2
1491,3,2,2
1491,4,2,2
1491,5,2,2
1491,6,2,2
1491,6,3,2
1491,6,4,2
1491,7,4,2
1491,7,4,98
1492,7,0,2
1492,6,0,2
1492,5,0,2
1492,5,1,2
1492,5,2,2
1492,5,3,2
1492,4,3,2
1492,3,3,2
1492,3,4,2
1492,2,4,2
1492,1,4,2
1492,0,4,2
1492,0,4,80
1492,1,4,2
1492,1,5,2
1492,1,6,2
1492,1,7,2
1492,1,8,2
1492,1,9,2
1492,1,9,66
1492,1,8,2
1492,1,7,2
1492,1,6,2
1492,1,5,2
1492,1,4,2
1492,2,4,2
1492,2,3,2
1492,2,2,2
1492,2,1,2
1492,2,1,89
1492,2,2,2
1492,2,3,2
1492,3,3,2
1492,4,3,2
1492,4,4,2
1492,5,4,2
1492,6,4,2
1492,7,4,2
1492,7,4,47
1493,7,0,2
1493,6,0,2
1493,6,1,2
1493,6,1,58
1493,6,2,2
1493,7,2,2
1493,7,3,2
1493,7,4,2
1493,7,4,55
1494,7,0,2
1494,7,1,2
1494,7,2,2
1494,7,3,2
1494,7,4,2
1494,6,4,2
1494,6,5,2
1494,6,6,2
1494,6,7,2
1494,6,7,36
1494,5,7,2
1494,5,8,2
1494,5,9,2
1494,4,9,2
1494,4,9,67
1494,4,8,2
1494,5,8,2
1494,6,8,2
1494,7,8,2
1494,7,7,2
1494,7,6,2
1494,7,5,2
1494,7,4,2
1494,7,4,85
1495,7,0,2
1495,6,0,2
1495,6,1,2
1495,5,1,2
1495,4,1,2
1495,4,2,2
1495,4,3,2
1495,4,4,2
1495,4,5,2
1495,4,6,2
1495,4,7,2
1495,4,8,2
1495,4,9,2
1495,4,9,57
1495,4,8,2
1495,5,8,2
1495,5,7,2
1495,6,7,2
1495,7,7,2
1495,7,6,2
1495,7,5,2
1495,7,4,2
1495,7,4,43
1496,7,0,2
1496,6,0,2
1496,5,0,2
1496,5,1,2
1496,5,2,2
1496,4,2,2
1496,4,3,2
1496,3,3,2
1496,2,3,2
1496,2,4,2
1496,2,5,2
1496,2,6,2
1496,2,6,44
1496,3,6,2
1496,4,6,2
1496,5,6,2
1496,6,6,2
1496,6,6,28
1496,6,5,2
1496,6,4,2
1496,7,4,2
1496,7,4,54
1497,7,0,2
1497,7,1,2
1497,7,2,2
1497,7,3,2
1497,7,4,2
1497,7,5,2
1497,6,5,2
1497,6,6,2
1497,6,6,30
1497,6,7,2
1497,6,8,2
1497,5,8,2
1497,4,8,2
1497,3,8,2
1497,2,8,2
1497,1,8,2
1497,0,8,2
1497,0,8,44
1497,1,8,2
1497,1,7,2
1497,1,6,2
1497,1,5,2
1497,1,4,2
1497,2,4,2
1497,3,4,2
1497,4,4,2
1497,5,4,2
1497,6,4,2
1497,7,4,2
1497,7,4,105
1498,7,0,2
1498,6,0,2
1498,5,0,2
1498,5,0,23
1498,4,0,2
1498,3,0,2
1498,3,1,2
1498,3,2,2
1498,3,2,41
1498,3,3,2
1498,3,4,2
1498,3,5,2
1498,2,5,2
1498,1,5,2
1498,1,5,49
1498,2,5,2
1498,2,4,2
1498,3,4,2
1498,4,4,2
1498,5,4,2
1498,6,4,2
1498,7,4,2
1498,7,4,67
1499,7,0,2
1499,6,0,2
1499,6,1,2
1499,6,2,2
1499,5,2,2
1499,4,2,2
1499,4,2,78
1499,3,2,2
1499,2,2,2
1499,1,2,2
1499,1,2,83
1499,1,1,2
1499,1,0,2
1499,1,0,51
1499,1,1,2
1499,2,1,2
1499,3,1,2
1499,4,1,2
1499,4,2,2
1499,4,3,2
1499,4,4,2
1499,4,5,2
1499,4,6,2
1499,4,7,2
1499,4,7,33
1499,4,6,2
1499,4,5,2
1499,3,5,2
1499,2,5,2
1499,2,4,2
1499,2,3,2
1499,2,2,2
1499,2,1,2
1499,2,1,65
1499,2,2,2
1499,2,3,2
1499,2,4,2
1499,3,4,2
1499,4,4,2
1499,5,4,2
1499,6,4,2
1499,7,4,2
1499,7,4,82
